Date,Close,AbsDays,LogClose
2009-01-03,100.0,0,2.0
2009-01-09,450.0,6,2.6532125137753435
2009-01-10,1550.0,7,3.1903316981702914
2009-01-11,5550.0,8,3.7442929831226763
2009-01-12,9750.0,9,3.989004615698537
2009-01-13,14750.0,10,4.168792020314182
2009-01-14,21350.0,11,4.329397879361043
2009-01-15,27800.0,12,4.444044795918076
2009-01-16,34000.0,13,4.531478917042255
2009-01-17,39150.0,14,4.592731766393962
2009-01-18,44650.0,15,4.649821463224566
2009-01-19,50100.0,16,4.699837725867246
2009-01-20,55800.0,17,4.746634198937579
2009-01-21,61050.0,18,4.785685668280902
2009-01-22,66050.0,19,4.819872821950546
2009-01-23,70500.0,20,4.848189116991398
2009-01-24,76700.0,21,4.884795363948981
2009-01-25,86850.0,22,4.938769822783118
2009-01-26,94700.0,23,4.976349979003273
2009-01-27,99250.0,24,4.996730515435153
2009-01-28,104600.0,25,5.019531684531255
2009-01-29,110000.0,26,5.041392685158225
2009-01-30,116500.0,27,5.066325925362038
2009-01-31,122550.0,28,5.088313315588096
2009-02-01,129300.0,29,5.111598524880394
2009-02-02,134900.0,30,5.130011949671904
2009-02-03,141650.0,31,5.151216578856456
2009-02-04,148100.0,32,5.170555058521209
2009-02-05,154100.0,33,5.187802638718419
2009-02-06,160450.0,34,5.205339721431523
2009-02-07,166600.0,35,5.221674997070769
2009-02-08,173150.0,36,5.238422495885479
2009-02-09,179800.0,37,5.25478968739721
2009-02-10,185900.0,38,5.269279389771898
2009-02-11,192350.0,39,5.284092190642834
2009-02-12,198850.0,40,5.298525595321999
2009-02-13,204950.0,41,5.31164792265252
2009-02-14,211250.0,42,5.32479671762173
2009-02-15,217850.0,43,5.338157564271773
2009-02-16,224200.0,44,5.350635608258954
2009-02-17,230200.0,45,5.362105319293773
2009-02-18,236150.0,46,5.373187949912719
2009-02-19,242100.0,47,5.383994789441733
2009-02-20,248250.0,48,5.394889257167419
2009-02-21,254300.0,49,5.405346360175709
2009-02-22,260050.0,50,5.415056858110851
2009-02-23,265850.0,51,5.424636664650198
2009-02-24,271550.0,52,5.433849807128646
2009-02-25,276850.0,53,5.4422445278479525
2009-02-26,281600.0,54,5.4496326504700745
2009-02-27,287000.0,55,5.457881896733992
2009-02-28,292550.0,56,5.466200102446737
2009-03-01,298100.0,57,5.474361976032631
2009-03-02,302900.0,58,5.481299273332856
2009-03-03,308500.0,59,5.489255168369261
2009-03-04,313750.0,60,5.496583734489095
2009-03-05,319150.0,61,5.503994848765824
2009-03-06,324750.0,62,5.511549159745066
2009-03-07,330250.0,63,5.518842826286565
2009-03-08,335700.0,64,5.525951341248012
2009-03-09,341250.0,65,5.533072660048813
2009-03-10,346800.0,66,5.540079088804172
2009-03-11,352500.0,67,5.547159121327417
2009-03-12,358200.0,68,5.554125581513013
2009-03-13,364050.0,69,5.561161035387616
2009-03-14,369700.0,70,5.567849450573107
2009-03-15,375400.0,71,5.574494268285328
2009-03-16,381450.0,72,5.58143761923139
2009-03-17,387500.0,73,5.588271706842329
2009-03-18,393200.0,74,5.594613509160098
2009-03-19,398900.0,75,5.600864036309839
2009-03-20,404950.0,76,5.607401403302025
2009-03-21,410000.0,77,5.6127838567197355
2009-03-22,413750.0,78,5.616738006783775
2009-03-23,419750.0,79,5.6229907048100864
2009-03-24,425700.0,80,5.629103650177137
2009-03-25,431100.0,81,5.634578022853888
2009-03-26,436900.0,82,5.640382044709568
2009-03-27,442400.0,83,5.645815118296642
2009-03-28,448100.0,84,5.651374943913043
2009-03-29,454100.0,85,5.657151501900967
2009-03-30,459500.0,86,5.66228551572213
2009-03-31,465650.0,87,5.668059607290941
2009-04-01,471250.0,88,5.673251363213849
2009-04-02,477100.0,89,5.678609416558926
2009-04-03,482750.0,90,5.683722282451432
2009-04-04,488850.0,91,5.689175619520825
2009-04-05,494600.0,92,5.694254112025279
2009-04-06,500900.0,93,5.699751031689514
2009-04-07,505700.0,94,5.703892953632544
2009-04-08,510800.0,95,5.708250888591378
2009-04-09,515950.0,96,5.71260761678955
2009-04-10,521250.0,97,5.717046067981814
2009-04-11,526850.0,98,5.721686984387049
2009-04-12,532800.0,99,5.726564216162244
2009-04-13,538650.0,100,5.731306664181754
2009-04-14,544500.0,101,5.735997884091794
2009-04-15,550650.0,102,5.740875643559668
2009-04-16,556450.0,103,5.745426146748611
2009-04-17,562400.0,104,5.750045312011768
2009-04-18,568200.0,105,5.754501229386917
2009-04-19,574400.0,106,5.759214431234244
2009-04-20,580350.0,107,5.763689988776926
2009-04-21,586300.0,108,5.768119894184797
2009-04-22,592700.0,109,5.7728349272390185
2009-04-23,597700.0,110,5.776483255833681
2009-04-24,602200.0,111,5.779740751176741
2009-04-25,608000.0,112,5.783903579272735
2009-04-26,614100.0,113,5.788239097382168
2009-04-27,618950.0,114,5.7916555672735095
2009-04-28,624700.0,115,5.7956715059460215
2009-04-29,630650.0,116,5.7997884000675555
2009-04-30,637300.0,117,5.804343918479866
2009-05-01,643650.0,118,5.808649773588353
2009-05-02,649650.0,119,5.812679442785524
2009-05-03,655900.0,120,5.816837630902035
2009-05-04,661350.0,121,5.820431357882004
2009-05-05,667900.0,122,5.824711443464734
2009-05-06,674400.0,123,5.828917561616686
2009-05-07,681250.0,124,5.833306515284699
2009-05-08,687000.0,125,5.83695673705955
2009-05-09,692000.0,126,5.8401060944567575
2009-05-10,695750.0,127,5.84245321500608
2009-05-11,700700.0,128,5.845532117493575
2009-05-12,707050.0,129,5.849450126606353
2009-05-13,713300.0,130,5.853272224020683
2009-05-14,718900.0,131,5.856668483611535
2009-05-15,726050.0,132,5.860966529758465
2009-05-16,732550.0,133,5.864837272688962
2009-05-17,738500.0,134,5.868350499647969
2009-05-18,744750.0,135,5.872010511887082
2009-05-19,750000.0,136,5.8750612633917
2009-05-20,754950.0,137,5.877918189452821
2009-05-21,760250.0,138,5.8809564288161695
2009-05-22,764600.0,139,5.88343429368301
2009-05-23,766600.0,140,5.8845688149183335
2009-05-24,769200.0,141,5.886039275566442
2009-05-25,774800.0,142,5.8891896120470735
2009-05-26,780300.0,143,5.892261606915535
2009-05-27,786100.0,144,5.895477796275714
2009-05-28,792150.0,145,5.898807426544176
2009-05-29,796600.0,146,5.901240302073309
2009-05-30,801900.0,147,5.904120213476199
2009-05-31,807500.0,148,5.9071425310031405
2009-06-01,811800.0,149,5.909449046981266
2009-06-02,815800.0,150,5.911583700981076
2009-06-03,820850.0,151,5.914263802522533
2009-06-04,824950.0,152,5.916427626874599
2009-06-05,827100.0,153,5.917558020825436
2009-06-06,828600.0,154,5.9183449289622745
2009-06-07,830000.0,155,5.919078092376074
2009-06-08,832000.0,156,5.920123326290724
2009-06-09,835850.0,157,5.922128346796363
2009-06-10,840200.0,158,5.924382677201973
2009-06-11,844550.0,159,5.926625366259062
2009-06-12,848750.0,160,5.928779787288558
2009-06-13,852850.0,161,5.930872653792662
2009-06-14,856800.0,162,5.932879457823799
2009-06-15,860550.0,163,5.934776108938122
2009-06-16,864550.0,164,5.9367901151300835
2009-06-17,868600.0,165,5.9388198250262105
2009-06-18,872400.0,166,5.940715656906662
2009-06-19,876350.0,167,5.94267759099781
2009-06-20,880450.0,168,5.944704697792604
2009-06-21,884800.0,169,5.946845113960623
2009-06-22,888500.0,170,5.94865743214132
2009-06-23,892600.0,171,5.950656882504511
2009-06-24,896300.0,172,5.952453396423033
2009-06-25,901050.0,173,5.954748891003036
2009-06-26,904550.0,174,5.956432577966348
2009-06-27,908850.0,175,5.958492211552211
2009-06-28,912750.0,176,5.960351841621765
2009-06-29,915250.0,177,5.961539737553569
2009-06-30,919500.0,178,5.963551733574096
2009-07-01,923600.0,179,5.965483924245139
2009-07-02,927800.0,180,5.967454368182741
2009-07-03,931850.0,181,5.96934600954804
2009-07-04,935900.0,182,5.971229447276241
2009-07-05,940350.0,183,5.97328952889464
2009-07-06,944000.0,184,5.974971994298069
2009-07-07,948400.0,185,5.97699154530615
2009-07-08,951550.0,186,5.978431613593692
2009-07-09,955450.0,187,5.980207964763856
2009-07-10,960000.0,188,5.982271233039568
2009-07-11,963800.0,189,5.983986921965189
2009-07-12,968050.0,190,5.985897789295274
2009-07-13,972050.0,191,5.987688604602826
2009-07-14,975450.0,192,5.98920501306358
2009-07-15,978500.0,193,5.99056082999402
2009-07-16,981100.0,194,5.9917132757130895
2009-07-17,984650.0,195,5.993281885238032
2009-07-18,986350.0,196,5.994031048913642
2009-07-19,987500.0,197,5.994537104298498
2009-07-20,990750.0,198,5.995964081006227
2009-07-21,994400.0,199,5.997561115633588
2009-07-22,998250.0,200,5.999239318866375
2009-07-23,1001850.0,201,6.000802702520415
2009-07-24,1005450.0,202,6.002360478449408
2009-07-25,1008250.0,203,6.003568230679656
2009-07-26,1009750.0,204,6.004213861842026
2009-07-27,1012300.0,205,6.005309236848516
2009-07-28,1015000.0,206,6.006466042249231
2009-07-29,1016500.0,207,6.007107382974057
2009-07-30,1017600.0,208,6.007577098304338
2009-07-31,1018400.0,209,6.007918390645599
2009-08-01,1019150.0,210,6.008238108813141
2009-08-02,1020250.0,211,6.008706603445308
2009-08-03,1021650.0,212,6.00930213933829
2009-08-04,1023350.0,213,6.010024193899956
2009-08-05,1027550.0,214,6.011802963585356
2009-08-06,1031600.0,215,6.0135113334659
2009-08-07,1036250.0,216,6.01546454355833
2009-08-08,1039950.0,217,6.017012459254453
2009-08-09,1044500.0,218,6.018908444316327
2009-08-10,1049300.0,219,6.020899672862536
2009-08-11,1052600.0,220,6.022263365681258
2009-08-12,1056050.0,221,6.023684480896687
2009-08-13,1059450.0,222,6.025080465306848
2009-08-14,1063650.0,223,6.026798744430218
2009-08-15,1066050.0,224,6.027777574498109
2009-08-16,1067250.0,225,6.028266163475984
2009-08-17,1068450.0,226,6.028754203400251
2009-08-18,1069050.0,227,6.028998017852635
2009-08-19,1069350.0,228,6.029119873768671
2009-08-20,1070500.0,229,6.029586671630457
2009-08-21,1071650.0,230,6.030052968297047
2009-08-22,1072350.0,231,6.030336556121799
2009-08-23,1072400.0,232,6.030356805310842
2009-08-24,1073450.0,233,6.030781820332761
2009-08-25,1074800.0,234,6.031327657761131
2009-08-26,1077300.0,235,6.032336659845735
2009-08-27,1079100.0,236,6.0330616925381735
2009-08-28,1081550.0,237,6.034046601650425
2009-08-29,1085000.0,238,6.035429738184549
2009-08-30,1089450.0,239,6.037207303217077
2009-08-31,1093900.0,240,6.038977622332692
2009-09-01,1098050.0,241,6.040622116279551
2009-09-02,1102200.0,242,6.042260406689452
2009-09-03,1105350.0,243,6.043499815578473
2009-09-04,1108150.0,244,6.044598550792325
2009-09-05,1111450.0,245,6.04588993018164
2009-09-06,1115250.0,246,6.047372231913655
2009-09-07,1119050.0,247,6.048849491567647
2009-09-08,1122500.0,248,6.050186349675361
2009-09-09,1125800.0,249,6.051461244324184
2009-09-10,1128650.0,250,6.052559285915503
2009-09-11,1132350.0,251,6.053980684427165
2009-09-12,1136050.0,252,6.0553974460283735
2009-09-13,1138900.0,253,6.056485592951115
2009-09-14,1143100.0,254,6.058084224750925
2009-09-15,1146300.0,255,6.059298292408071
2009-09-16,1148950.0,256,6.060301129474553
2009-09-17,1152200.0,257,6.061527870890508
2009-09-18,1156700.0,258,6.063220735581995
2009-09-19,1160550.0,259,6.064663855913281
2009-09-20,1163950.0,260,6.065934324651937
2009-09-21,1167750.0,261,6.06734987595982
2009-09-22,1170600.0,262,6.068408519778162
2009-09-23,1171950.0,263,6.0689090833652575
2009-09-24,1175150.0,264,6.070093304917968
2009-09-25,1179400.0,265,6.071661123441788
2009-09-26,1184000.0,266,6.073351702386901
2009-09-27,1189000.0,267,6.075181854618692
2009-09-28,1193700.0,268,6.076895193866051
2009-09-29,1197450.0,269,6.078257388326732
2009-09-30,1202000.0,270,6.07990446766672
2009-10-01,1205950.0,271,6.081329301855337
2009-10-02,1210100.0,272,6.08282126093933
2009-10-03,1213650.0,273,6.084093460228235
2009-10-04,1216750.0,274,6.085201354915544
2009-10-05,1219250.0,275,6.086092764263604
2009-10-06,1221500.0,276,6.086893471309455
2009-10-07,1224200.0,277,6.087852375163169
2009-10-08,1227400.0,278,6.088986118947913
2009-10-09,1230850.0,279,6.090205129989329
2009-10-10,1235300.0,280,6.091772441419683
2009-10-11,1238450.0,281,6.092878477484283
2009-10-12,1242150.0,282,6.094174043697868
2009-10-13,1244850.0,283,6.095117023643041
2009-10-14,1248050.0,284,6.09623198461653
2009-10-15,1251250.0,285,6.0973440904873755
2009-10-16,1254950.0,286,6.098626422903375
2009-10-17,1257700.0,287,6.099577060916708
2009-10-18,1261100.0,288,6.10074952568986
2009-10-19,1265300.0,289,6.102193508039743
2009-10-20,1270300.0,290,6.103906298088718
2009-10-21,1275000.0,291,6.105510184769974
2009-10-22,1279200.0,292,6.106938450738178
2009-10-23,1283450.0,293,6.108378954310878
2009-10-24,1287550.0,294,6.1097641031908685
2009-10-25,1291200.0,295,6.110993517377995
2009-10-26,1294550.0,296,6.112118829050336
2009-10-27,1298250.0,297,6.113358331267094
2009-10-28,1301250.0,298,6.114360742518593
2009-10-29,1304250.0,299,6.115360845394412
2009-10-30,1307050.0,300,6.116292201435748
2009-10-31,1309500.0,301,6.117105502761251
2009-11-01,1311550.0,302,6.117784851777441
2009-11-02,1312950.0,303,6.118248187523172
2009-11-03,1315050.0,304,6.118942265610019
2009-11-04,1318150.0,305,6.119964833979976
2009-11-05,1321400.0,306,6.1210343024722995
2009-11-06,1324400.0,307,6.122019172080031
2009-11-07,1327600.0,308,6.123067243736567
2009-11-08,1330800.0,309,6.124112792196785
2009-11-09,1334350.0,310,6.125269759964129
2009-11-10,1337750.0,311,6.126374959646292
2009-11-11,1341700.0,312,6.127655419775207
2009-11-12,1345000.0,313,6.128722284338426
2009-11-13,1348550.0,314,6.129867053363276
2009-11-14,1352200.0,315,6.131040931600099
2009-11-15,1356500.0,316,6.132419798097615
2009-11-16,1361200.0,317,6.133921940423772
2009-11-17,1365850.0,318,6.135403006996116
2009-11-18,1370300.0,319,6.136815657726849
2009-11-19,1374200.0,320,6.13804994420489
2009-11-20,1377900.0,321,6.139217700137586
2009-11-21,1382000.0,322,6.14050804303818
2009-11-22,1386300.0,323,6.141857223238367
2009-11-23,1391450.0,324,6.143467605126234
2009-11-24,1396450.0,325,6.145025390367966
2009-11-25,1400800.0,326,6.14637613307539
2009-11-26,1405050.0,327,6.14769177928574
2009-11-27,1409400.0,328,6.14903426716125
2009-11-28,1412750.0,329,6.150065315969936
2009-11-29,1416250.0,330,6.151139922871454
2009-11-30,1419400.0,331,6.152104800892868
2009-12-01,1423150.0,332,6.153250677132118
2009-12-02,1427300.0,333,6.154515265792397
2009-12-03,1432000.0,334,6.155943017971837
2009-12-04,1435650.0,335,6.157048575285302
2009-12-05,1437550.0,336,6.1576229589939855
2009-12-06,1441250.0,337,6.158739320302756
2009-12-07,1446800.0,338,6.1604085000895825
2009-12-08,1452050.0,339,6.161981571150733
2009-12-09,1457350.0,340,6.163563865300896
2009-12-10,1462250.0,341,6.16502163003536
2009-12-11,1467600.0,342,6.16660770308391
2009-12-12,1472900.0,343,6.168173262170234
2009-12-13,1478700.0,344,6.169880072874387
2009-12-14,1484300.0,345,6.171521687450446
2009-12-15,1490400.0,346,6.173302841888186
2009-12-16,1495400.0,347,6.1747573763106605
2009-12-17,1502950.0,348,6.176944532759036
2009-12-18,1512200.0,349,6.1796092337262
2009-12-19,1523150.0,350,6.182742674816329
2009-12-20,1532650.0,351,6.185442989542401
2009-12-21,1541550.0,352,6.1879576155834055
2009-12-22,1549650.0,353,6.190233620600687
2009-12-23,1557650.0,354,6.192469879431065
2009-12-24,1565400.0,355,6.1946253294838645
2009-12-25,1573050.0,356,6.196742527060023
2009-12-26,1581050.0,357,6.198945604518378
2009-12-27,1589750.0,358,6.201328833655651
2009-12-28,1597100.0,359,6.203332109681706
2009-12-29,1604800.0,360,6.205420915676343
2009-12-30,1612800.0,361,6.207580514765431
2009-12-31,1620000.0,362,6.209515014542631
2010-01-01,1626600.0,363,6.211280767964129
2010-01-02,1634450.0,364,6.2133716394736025
2010-01-03,1640750.0,365,6.215042412928961
2010-01-04,1650050.0,366,6.217497104453355
2010-01-05,1659300.0,367,6.219924913188828
2010-01-06,1668150.0,368,6.222235099804907
2010-01-07,1676250.0,369,6.2243387908596555
2010-01-08,1683900.0,370,6.226316296939335
2010-01-09,1692850.0,371,6.228618477861832
2010-01-10,1700100.0,372,6.230474467361159
2010-01-11,1708650.0,373,6.232653110915141
2010-01-12,1716700.0,374,6.234694407142218
2010-01-13,1725050.0,375,6.236801687472711
2010-01-14,1732550.0,376,6.238685776854267
2010-01-15,1739850.0,377,6.240511807489275
2010-01-16,1746200.0,378,6.242093983883883
2010-01-17,1752750.0,379,6.243719975783927
2010-01-18,1759250.0,380,6.245327559699433
2010-01-19,1765750.0,381,6.246929214923205
2010-01-20,1771850.0,382,6.2484269529180345
2010-01-21,1780800.0,383,6.250615146990633
2010-01-22,1788200.0,384,6.252416090544274
2010-01-23,1795550.0,385,6.254197503264237
2010-01-24,1803750.0,386,6.256176344101551
2010-01-25,1812350.0,387,6.258242072143415
2010-01-26,1822800.0,388,6.260739019910411
2010-01-27,1831200.0,389,6.262735779666486
2010-01-28,1840500.0,390,6.264935821782686
2010-01-29,1849700.0,391,6.267101296559969
2010-01-30,1859200.0,392,6.269326110710237
2010-01-31,1869100.0,393,6.271632537487123
2010-02-01,1877950.0,394,6.2736840250902794
2010-02-02,1886150.0,395,6.275576227946301
2010-02-03,1895650.0,396,6.277758155206577
2010-02-04,1908750.0,397,6.280749050064477
2010-02-05,1920050.0,398,6.283312538308422
2010-02-06,1930700.0,399,6.285714796582909
2010-02-07,1940400.0,400,6.287891265954026
2010-02-08,1950900.0,401,6.290235008727561
2010-02-09,1961400.0,402,6.292566170964013
2010-02-10,1970700.0,403,6.294620516587421
2010-02-11,1979550.0,404,6.296566475752207
2010-02-12,1987950.0,405,6.298405457024487
2010-02-13,1997900.0,406,6.300573746885434
2010-02-14,2009150.0,407,6.303012361706161
2010-02-15,2019150.0,408,6.305168583308418
2010-02-16,2028350.0,409,6.307142896397758
2010-02-17,2038550.0,410,6.309321367962712
2010-02-18,2050100.0,411,6.3117750456357395
2010-02-19,2060000.0,412,6.313867220369153
2010-02-20,2070450.0,413,6.31606474704014
2010-02-21,2080700.0,414,6.31820946717138
2010-02-22,2092550.0,415,6.320675843948291
2010-02-23,2105600.0,416,6.3233758719338615
2010-02-24,2116700.0,417,6.325659309801641
2010-02-25,2124550.0,418,6.327266956403915
2010-02-26,2132500.0,419,6.32888903983956
2010-02-27,2141550.0,420,6.330728218574101
2010-02-28,2149700.0,421,6.332377856457326
2010-03-01,2158200.0,422,6.334091688202155
2010-03-02,2168000.0,423,6.336059277866349
2010-03-03,2176700.0,424,6.33779857726225
2010-03-04,2184600.0,425,6.339371929317587
2010-03-05,2193950.0,426,6.341226725804083
2010-03-06,2202150.0,427,6.342846897720919
2010-03-07,2211250.0,428,6.34463784591778
2010-03-08,2219500.0,429,6.346255149361386
2010-03-09,2226200.0,430,6.347564178414951
2010-03-10,2233750.0,431,6.3490345655137
2010-03-11,2241200.0,432,6.350480613795531
2010-03-12,2247600.0,433,6.351719023422862
2010-03-13,2254250.0,434,6.35300207834707
2010-03-14,2261200.0,435,6.354338976788081
2010-03-15,2267900.0,436,6.3556239010120255
2010-03-16,2274250.0,437,6.356838203382809
2010-03-17,2280750.0,438,6.358077683535832
2010-03-18,2287550.0,439,6.359370595410302
2010-03-19,2295050.0,440,6.360792151523631
2010-03-20,2303200.0,441,6.362331651870026
2010-03-21,2312800.0,442,6.364138078662601
2010-03-22,2322050.0,443,6.3658715670349
2010-03-23,2331450.0,444,6.367626106062465
2010-03-24,2341100.0,445,6.369419964965584
2010-03-25,2349950.0,446,6.371058621865308
2010-03-26,2359100.0,447,6.372746350604846
2010-03-27,2368900.0,448,6.374546727938959
2010-03-28,2377900.0,449,6.376193586884285
2010-03-29,2387150.0,450,6.377879709381924
2010-03-30,2397200.0,451,6.379704269024447
2010-03-31,2408400.0,452,6.38172861853511
2010-04-01,2417500.0,453,6.383366482755039
2010-04-02,2425750.0,454,6.384846040052759
2010-04-03,2433250.0,455,6.386186732047416
2010-04-04,2441950.0,456,6.387736767329419
2010-04-05,2450100.0,457,6.389183810308165
2010-04-06,2458100.0,458,6.390599546802992
2010-04-07,2466400.0,459,6.392063511718452
2010-04-08,2475350.0,460,6.393636614308774
2010-04-09,2485350.0,461,6.395387556999021
2010-04-10,2495800.0,462,6.3972097803787795
2010-04-11,2508650.0,463,6.399440073960406
2010-04-12,2519300.0,464,6.401279886667168
2010-04-13,2529050.0,465,6.402957415548217
2010-04-14,2538550.0,466,6.404585721812022
2010-04-15,2547800.0,467,6.406165333276553
2010-04-16,2558850.0,468,6.4080448282546625
2010-04-17,2569150.0,469,6.409789461319878
2010-04-18,2580450.0,470,6.411695448395519
2010-04-19,2592650.0,471,6.413743892269474
2010-04-20,2603750.0,472,6.415599282955802
2010-04-21,2613950.0,473,6.417297276078583
2010-04-22,2624100.0,474,6.418980381245036
2010-04-23,2631200.0,475,6.420153860474598
2010-04-24,2639350.0,476,6.4214969851384955
2010-04-25,2647750.0,477,6.422876976709481
2010-04-26,2656050.0,478,6.424236246343459
2010-04-27,2664200.0,479,6.425566823965259
2010-04-28,2673500.0,480,6.427080188436359
2010-04-29,2681500.0,481,6.428377801299087
2010-04-30,2689300.0,482,6.429639251861554
2010-05-01,2697050.0,483,6.430888997814705
2010-05-02,2705450.0,484,6.432239512053576
2010-05-03,2713300.0,485,6.4334978148237205
2010-05-04,2720850.0,486,6.434704599858425
2010-05-05,2727600.0,487,6.435780681772596
2010-05-06,2734800.0,488,6.4369255712280005
2010-05-07,2741850.0,489,6.4380436918998125
2010-05-08,2749000.0,490,6.439174739843469
2010-05-09,2756350.0,491,6.440334363241981
2010-05-10,2763250.0,492,6.441420178694589
2010-05-11,2769350.0,493,6.442377846848112
2010-05-12,2775250.0,494,6.443302111325385
2010-05-13,2781500.0,495,6.444279064276847
2010-05-14,2787850.0,496,6.445269402881928
2010-05-15,2793300.0,497,6.446117581367974
2010-05-16,2798150.0,498,6.446870991937856
2010-05-17,2804950.0,499,6.4479251240885676
2010-05-18,2811950.0,500,6.449007594115513
2010-05-19,2820800.0,501,6.450372294955247
2010-05-20,2829650.0,502,6.45173272087096
2010-05-21,2839350.0,503,6.453218930285544
2010-05-22,2848050.0,504,6.45454760944989
2010-05-23,2858350.0,505,6.456115406317103
2010-05-24,2868700.0,506,6.457685133412637
2010-05-25,2877950.0,507,6.459083244460654
2010-05-26,2888950.0,508,6.46074002543298
2010-05-27,2899850.0,509,6.462375533810299
2010-05-28,2909900.0,510,6.463878064520472
2010-05-29,2920300.0,511,6.4654274684525745
2010-05-30,2928500.0,512,6.466645228363979
2010-05-31,2935950.0,513,6.4677486551578625
2010-06-01,2943000.0,514,6.468790262099611
2010-06-02,2949900.0,515,6.46980729388179
2010-06-03,2957700.0,516,6.470954121333649
2010-06-04,2964150.0,517,6.471900177216858
2010-06-05,2971350.0,518,6.472953811048354
2010-06-06,2978300.0,519,6.473968441496234
2010-06-07,2985950.0,520,6.475082531149924
2010-06-08,2993800.0,521,6.476222784050584
2010-06-09,3002300.0,522,6.47745408625333
2010-06-10,3010300.0,523,6.478609778601228
2010-06-11,3018750.0,524,6.479827148095588
2010-06-12,3025900.0,525,6.480854571352134
2010-06-13,3033750.0,526,6.4819797893399915
2010-06-14,3042500.0,527,6.483230586902103
2010-06-15,3050650.0,528,6.484392384047532
2010-06-16,3058950.0,529,6.485572378291785
2010-06-17,3066150.0,530,6.486593397282476
2010-06-18,3073450.0,531,6.487626152254102
2010-06-19,3081000.0,532,6.4886916983169405
2010-06-20,3089300.0,533,6.489860084416134
2010-06-21,3097300.0,534,6.490983272529728
2010-06-22,3105850.0,535,6.492180477231123
2010-06-23,3113700.0,536,6.493276766671117
2010-06-24,3123050.0,537,6.494578937336272
2010-06-25,3131000.0,538,6.495683067616915
2010-06-26,3138550.0,539,6.4967290517540155
2010-06-27,3146850.0,540,6.497876042015583
2010-06-28,3155750.0,541,6.49910259088688
2010-06-29,3163300.0,542,6.500140381345458
2010-06-30,3172400.0,543,6.501387941205617
2010-07-01,3181950.0,544,6.50269335101933
2010-07-02,3191550.0,545,6.504001652636731
2010-07-03,3200850.0,546,6.5052653224731944
2010-07-04,3210350.0,547,6.506552382804403
2010-07-05,3218600.0,548,6.507667006947517
2010-07-06,3227900.0,549,6.508920071861401
2010-07-07,3236150.0,550,6.510028643552874
2010-07-08,3243800.0,551,6.511054069468214
2010-07-09,3251800.0,552,6.512123826722944
2010-07-10,3261850.0,553,6.513463985622059
2010-07-11,3271700.0,554,6.514773473997509
2010-07-12,3288450.0,555,6.5169912429143935
2010-07-13,3322550.0,556,6.52147152522371
2010-07-14,3354000.0,557,6.525563058270067
2010-07-15,3384750.0,558,6.529526596911846
2010-07-16,3413550.0,559,6.533206268566064
2010-07-17,3433200.0,560,6.535699103852887
2010-07-18,3441700.0,561,6.536773011830363
2010-07-19,3450650.0,562,6.537900910964262
2010-07-20,3459600.0,563,6.539025888435833
2010-07-21,3469150.0,564,6.540223078384552
2010-07-22,3478100.0,565,6.541342064390057
2010-07-23,3487800.0,566,6.542551573340032
2010-07-24,3497650.0,567,6.54377634868935
2010-07-25,3507550.0,568,6.5450038705968545
2010-07-26,3519150.0,569,6.54643777856691
2010-07-27,3530250.0,570,6.5478054616982995
2010-07-28,3538550.0,571,6.5488253366010705
2010-07-29,3546550.0,572,6.5498060870017
2010-07-30,3555900.0,573,6.550949539120771
2010-07-31,3564400.0,574,6.551986434995874
2010-08-01,3575950.0,575,6.553391437731289
2010-08-02,3587900.0,576,6.554840330120826
2010-08-03,3600050.0,577,6.556308532593204
2010-08-04,3611350.0,578,6.557669580839624
2010-08-05,3622900.0,579,6.55905634671807
2010-08-06,3632650.0,580,6.56022355630173
2010-08-07,3640400.0,581,6.561149105695355
2010-08-08,3648600.0,582,6.562126253796315
2010-08-09,3658650.0,583,6.563320865256211
2010-08-10,3668300.0,584,6.5644648458139105
2010-08-11,3678450.0,585,6.565664857191981
2010-08-12,3689750.0,586,6.56699694141689
2010-08-13,3700550.0,587,6.568266276557144
2010-08-14,3712200.0,588,6.5696313664036445
2010-08-15,3725050.0,589,6.571132106501321
2010-08-16,3734500.0,590,6.572232463774745
2010-08-17,3741400.0,591,6.573034141907423
2010-08-18,3747950.0,592,6.573793788494039
2010-08-19,3754700.0,593,6.574575242658578
2010-08-20,3762600.0,594,6.5754880511589935
2010-08-21,3772050.0,595,6.576577440846886
2010-08-22,3781150.0,596,6.577623906370766
2010-08-23,3791800.0,597,6.5788454222348465
2010-08-24,3802150.0,598,6.580029246376677
2010-08-25,3813050.0,599,6.581272500154794
2010-08-26,3823850.0,600,6.582500847660027
2010-08-27,3833600.0,601,6.583606796373198
2010-08-28,3842050.0,602,6.584563012421249
2010-08-29,3850700.0,603,6.585539684964023
2010-08-30,3858600.0,604,6.5864297599664114
2010-08-31,3866800.0,605,6.587351709920851
2010-09-01,3875100.0,606,6.588282914297251
2010-09-02,3883050.0,607,6.58917298276451
2010-09-03,3891300.0,608,6.5900947140528165
2010-09-04,3899650.0,609,6.591025630131698
2010-09-05,3908100.0,610,6.591965667864686
2010-09-06,3916250.0,611,6.5928704078897615
2010-09-07,3924150.0,612,6.593745599861633
2010-09-08,3932600.0,613,6.5946797748798165
2010-09-09,3939750.0,614,6.595468664194809
2010-09-10,3947750.0,615,6.596349642209799
2010-09-11,3955650.0,616,6.59721785780048
2010-09-12,3964550.0,617,6.598193899444842
2010-09-13,3973500.0,618,6.599173217352912
2010-09-14,3982600.0,619,6.600166689407995
2010-09-15,3992100.0,620,6.601201411599362
2010-09-16,4000950.0,621,6.602163124020892
2010-09-17,4012000.0,622,6.60336092434838
2010-09-18,4022700.0,623,6.604517645496269
2010-09-19,4034300.0,624,6.605768190232765
2010-09-20,4044850.0,625,6.6069024207863185
2010-09-21,4054250.0,626,6.6079105253813815
2010-09-22,4063000.0,627,6.608846822326411
2010-09-23,4072650.0,628,6.609877088799481
2010-09-24,4084000.0,629,6.611085733414873
2010-09-25,4095250.0,630,6.612280418991772
2010-09-26,4105750.0,631,6.613392501555288
2010-09-27,4116000.0,632,6.614475366090395
2010-09-28,4127900.0,633,6.615729167792064
2010-09-29,4137250.0,634,6.61671176463253
2010-09-30,4144950.0,635,6.61751929607928
2010-10-01,4152650.0,636,6.618325328780438
2010-10-02,4159500.0,637,6.619041128633543
2010-10-03,4164800.0,638,6.619594150765161
2010-10-04,4171500.0,639,6.62029224791984
2010-10-05,4178700.0,640,6.621041193105499
2010-10-06,4185750.0,641,6.62177328590836
2010-10-07,4193700.0,642,6.6225973596046215
2010-10-08,4201700.0,643,6.62342504069351
2010-10-09,4209050.0,644,6.624184084834532
2010-10-10,4217150.0,645,6.625019048729759
2010-10-11,4226550.0,646,6.625986011036892
2010-10-12,4234350.0,647,6.626786752782687
2010-10-13,4242650.0,648,6.627637205856107
2010-10-14,4251850.0,649,6.628577934750277
2010-10-15,4261650.0,650,6.629577779186175
2010-10-16,4271650.0,651,6.63059566132019
2010-10-17,4284800.0,652,6.631930555331915
2010-10-18,4297700.0,653,6.633236096383009
2010-10-19,4310550.0,654,6.634532687034451
2010-10-20,4323150.0,655,6.635800304477006
2010-10-21,4335450.0,656,6.637034181944641
2010-10-22,4343900.0,657,6.63787981889477
2010-10-23,4352200.0,658,6.638708844617652
2010-10-24,4361350.0,659,6.639620940369677
2010-10-25,4371850.0,660,6.640665252708169
2010-10-26,4382250.0,661,6.641697149701968
2010-10-27,4393950.0,662,6.642855110652848
2010-10-28,4404800.0,663,6.643926194049255
2010-10-29,4415700.0,664,6.644999560017717
2010-10-30,4427250.0,665,6.646134046612895
2010-10-31,4438800.0,666,6.647265577363019
2010-11-01,4447650.0,667,6.648130603877662
2010-11-02,4455800.0,668,6.648925689157213
2010-11-03,4465350.0,669,6.649855505130816
2010-11-04,4475550.0,670,6.650846413347479
2010-11-05,4485850.0,671,6.6518447473429285
2010-11-06,4496500.0,672,6.652874597749478
2010-11-07,4507750.0,673,6.653959822052159
2010-11-08,4520100.0,674,6.6551480429900955
2010-11-09,4533250.0,675,6.656409670222731
2010-11-10,4544050.0,676,6.657443101445178
2010-11-11,4554450.0,677,6.658435938633479
2010-11-12,4564450.0,678,6.659388454081604
2010-11-13,4574100.0,679,6.660305655017877
2010-11-14,4585000.0,680,6.66133934000604
2010-11-15,4597250.0,681,6.662498121472365
2010-11-16,4607350.0,682,6.663451204936643
2010-11-17,4617900.0,683,6.664444524094709
2010-11-18,4630400.0,684,6.665618509438944
2010-11-19,4641550.0,685,6.666663033149158
2010-11-20,4647950.0,686,6.667261447514613
2010-11-21,4654500.0,687,6.667873034639847
2010-11-22,4661850.0,688,6.6685582955208265
2010-11-23,4669850.0,689,6.6693029308405185
2010-11-24,4677200.0,690,6.669985941009484
2010-11-25,4686500.0,691,6.670848621362285
2010-11-26,4695550.0,692,6.671686469440317
2010-11-27,4705000.0,693,6.672559627763276
2010-11-28,4713850.0,694,6.6733757586701135
2010-11-29,4723300.0,695,6.674245530630025
2010-11-30,4733150.0,696,6.6751502680724775
2010-12-01,4743100.0,697,6.676062281090912
2010-12-02,4752750.0,698,6.6769449705169395
2010-12-03,4761400.0,699,6.67773466761096
2010-12-04,4772450.0,700,6.678741387073489
2010-12-05,4783850.0,701,6.679777553674002
2010-12-06,4795800.0,702,6.680861063353521
2010-12-07,4807850.0,703,6.681950909662635
2010-12-08,4819650.0,704,6.683015501187456
2010-12-09,4831100.0,705,6.684046027136429
2010-12-10,4840700.0,706,6.684908168288119
2010-12-11,4848900.0,707,6.685643227651096
2010-12-12,4858100.0,708,6.686466450156474
2010-12-13,4865700.0,709,6.687145328523894
2010-12-14,4872700.0,710,6.687769673775045
2010-12-15,4882500.0,711,6.688642251959892
2010-12-16,4891550.0,712,6.689446497116083
2010-12-17,4900050.0,713,6.690200511582249
2010-12-18,4908750.0,714,6.690970914278474
2010-12-19,4917050.0,715,6.6917046245223535
2010-12-20,4925950.0,716,6.69248999929474
2010-12-21,4934350.0,717,6.6932299513307845
2010-12-22,4943200.0,718,6.694008182206522
2010-12-23,4951250.0,719,6.694714855412349
2010-12-24,4958600.0,720,6.695359076067012
2010-12-25,4966350.0,721,6.69603732289321
2010-12-26,4974350.0,722,6.696736339382047
2010-12-27,4981600.0,723,6.6973688527133435
2010-12-28,4989850.0,724,6.698087490482823
2010-12-29,4998300.0,725,6.698822319104259
2010-12-30,5006600.0,726,6.699542895027403
2010-12-31,5015400.0,727,6.700305575614703
2011-01-01,5023600.0,728,6.701015051766432
2011-01-02,5032600.0,729,6.701792413270917
2011-01-03,5040950.0,730,6.702512389794472
2011-01-04,5048400.0,731,6.703153758064621
2011-01-05,5055950.0,732,6.70380277041051
2011-01-06,5062750.0,733,6.704386482334277
2011-01-07,5070550.0,734,6.705055069591711
2011-01-08,5079200.0,735,6.705795314066296
2011-01-09,5087100.0,736,6.706470274887366
2011-01-10,5094900.0,737,6.707135664323919
2011-01-11,5103550.0,738,6.707872373955146
2011-01-12,5112500.0,739,6.708633321015398
2011-01-13,5121050.0,740,6.709359016142556
2011-01-14,5130150.0,741,6.710130063595228
2011-01-15,5138750.0,742,6.710857489788406
2011-01-16,5147300.0,743,6.711579480965868
2011-01-17,5156000.0,744,6.7123129086813655
2011-01-18,5164350.0,745,6.713015667738021
2011-01-19,5171950.0,746,6.713654317672189
2011-01-20,5180400.0,747,6.714363294703892
2011-01-21,5189800.0,748,6.715150621707802
2011-01-22,5198050.0,749,6.715840452660118
2011-01-23,5206500.0,750,6.716545872727093
2011-01-24,5215150.0,751,6.717266804274616
2011-01-25,5224300.0,752,6.718028107892527
2011-01-26,5232200.0,753,6.718684336469933
2011-01-27,5240750.0,754,6.719393443005382
2011-01-28,5248850.0,755,6.72006416181308
2011-01-29,5256750.0,756,6.720717323375244
2011-01-30,5265100.0,757,6.721406624151279
2011-01-31,5272750.0,758,6.722037180359652
2011-02-01,5281100.0,759,6.72272439112739
2011-02-02,5289200.0,760,6.723389989264053
2011-02-03,5297700.0,761,6.724087361278406
2011-02-04,5306050.0,762,6.72477133811178
2011-02-05,5315150.0,763,6.725515525350953
2011-02-06,5324600.0,764,6.726286987825762
2011-02-07,5333750.0,765,6.727032655867369
2011-02-08,5343150.0,766,6.727797366445281
2011-02-09,5351950.0,767,6.728512047430632
2011-02-10,5361500.0,768,6.729286310324604
2011-02-11,5370600.0,769,6.730022807512008
2011-02-12,5380000.0,770,6.730782275666389
2011-02-13,5390050.0,771,6.731592793873822
2011-02-14,5400200.0,772,6.732409844505917
2011-02-15,5410250.0,773,6.733217333703967
2011-02-16,5421600.0,774,6.734127472631969
2011-02-17,5433000.0,775,6.735039705033721
2011-02-18,5444550.0,776,6.7359619905026245
2011-02-19,5454300.0,777,6.736739021533997
2011-02-20,5462600.0,778,6.737399400376771
2011-02-21,5472850.0,779,6.7382135451523695
2011-02-22,5482800.0,780,6.73900240410333
2011-02-23,5493650.0,781,6.739860987099356
2011-02-24,5505500.0,782,6.7407967669735624
2011-02-25,5516200.0,783,6.741640003936326
2011-02-26,5527900.0,784,6.74256017802732
2011-02-27,5540250.0,785,6.743529362412687
2011-02-28,5551800.0,786,6.744433812551107
2011-03-01,5558600.0,787,6.744965423086406
2011-03-02,5565600.0,788,6.745511990349593
2011-03-03,5575200.0,789,6.746260451511842
2011-03-04,5585050.0,790,6.74702706547793
2011-03-05,5596800.0,791,6.7479397877985825
2011-03-06,5610550.0,792,6.749005437059529
2011-03-07,5623300.0,793,6.74999125350213
2011-03-08,5633650.0,794,6.750789862211293
2011-03-09,5642500.0,795,6.7514715677498
2011-03-10,5649400.0,796,6.752002325602438
2011-03-11,5654750.0,797,6.75241340925785
2011-03-12,5662050.0,798,6.752973700180659
2011-03-13,5668350.0,799,6.753456658508336
2011-03-14,5674150.0,800,6.753900812480492
2011-03-15,5679550.0,801,6.7543139272147386
2011-03-16,5685850.0,802,6.754795398261288
2011-03-17,5692600.0,803,6.75531066846008
2011-03-18,5699300.0,804,6.755821517987245
2011-03-19,5705000.0,805,6.756255648754234
2011-03-20,5711450.0,806,6.756746379183801
2011-03-21,5718700.0,807,6.7572973142837
2011-03-22,5725550.0,808,6.757817211621893
2011-03-23,5731850.0,809,6.758294816577946
2011-03-24,5740050.0,810,6.7589156754344755
2011-03-25,5747900.0,811,6.759509203820926
2011-03-26,5755700.0,812,6.760098149451507
2011-03-27,5762350.0,813,6.760599633405051
2011-03-28,5770200.0,814,6.761190866429746
2011-03-29,5780000.0,815,6.7619278384205295
2011-03-30,5786900.0,816,6.762445977642028
2011-03-31,5795550.0,817,6.763094656974445
2011-04-01,5804950.0,818,6.763798483365271
2011-04-02,5813700.0,819,6.76445261744024
2011-04-03,5822550.0,820,6.765113226640958
2011-04-04,5831500.0,821,6.765780279961852
2011-04-05,5840900.0,822,6.7664797708998625
2011-04-06,5849400.0,823,6.7671113207739815
2011-04-07,5856500.0,824,6.767638147621919
2011-04-08,5864500.0,825,6.768230990620765
2011-04-09,5872650.0,826,6.768834118398186
2011-04-10,5880850.0,827,6.769440102203759
2011-04-11,5889150.0,828,6.770052616188008
2011-04-12,5897700.0,829,6.770682677395463
2011-04-13,5906400.0,830,6.771322855414408
2011-04-14,5915500.0,831,6.771991458695758
2011-04-15,5922400.0,832,6.772497736374145
2011-04-16,5930150.0,833,6.773065678751848
2011-04-17,5939400.0,834,6.773742574635997
2011-04-18,5947000.0,835,6.774297938499277
2011-04-19,5955200.0,836,6.774896351450673
2011-04-20,5962800.0,837,6.775450242793157
2011-04-21,5970000.0,838,6.775974331129369
2011-04-22,5977500.0,839,6.776519584787812
2011-04-23,5986450.0,840,6.77716935954249
2011-04-24,5995000.0,841,6.777789187434868
2011-04-25,6003500.0,842,6.778404514969763
2011-04-26,6013200.0,843,6.779105648790101
2011-04-27,6022500.0,844,6.779776808670381
2011-04-28,6031650.0,845,6.7804361326828815
2011-04-29,6040050.0,846,6.781040533759247
2011-04-30,6050150.0,847,6.7817661421507704
2011-05-01,6059650.0,848,6.782447540427283
2011-05-02,6068450.0,849,6.783077777993174
2011-05-03,6078450.0,850,6.783792848636741
2011-05-04,6087500.0,851,6.784438974222691
2011-05-05,6098600.0,852,6.785230149427613
2011-05-06,6109200.0,853,6.785984343084963
2011-05-07,6120650.0,854,6.786797545744145
2011-05-08,6130150.0,855,6.787471101496435
2011-05-09,6142000.0,856,6.78830981210705
2011-05-10,6153600.0,857,6.789129262558386
2011-05-11,6162700.0,858,6.789771026806493
2011-05-12,6172050.0,859,6.790429435640647
2011-05-13,6181200.0,860,6.791072795928204
2011-05-14,6191800.0,861,6.791816919848743
2011-05-15,6203800.0,862,6.792657788449037
2011-05-16,6215400.0,863,6.79346908345276
2011-05-17,6227550.0,864,6.794317223103273
2011-05-18,6240900.0,865,6.795247223792847
2011-05-19,6253550.0,866,6.796126626579402
2011-05-20,6262750.0,867,6.796765075634327
2011-05-21,6273700.0,868,6.797523747473038
2011-05-22,6285200.0,869,6.798319101833338
2011-05-23,6298450.0,870,6.799233686077477
2011-05-24,6313450.0,871,6.800266745378649
2011-05-25,6328100.0,872,6.8012733334961055
2011-05-26,6342900.0,873,6.802287864512625
2011-05-27,6356050.0,874,6.803187304935387
2011-05-28,6363400.0,875,6.803689223618551
2011-05-29,6372050.0,876,6.804279174950641
2011-05-30,6380500.0,877,6.804854713005252
2011-05-31,6388500.0,878,6.80539889912943
2011-06-01,6396250.0,879,6.8059254299801735
2011-06-02,6406200.0,880,6.806600493107152
2011-06-03,6415950.0,881,6.807260970798441
2011-06-04,6425950.0,882,6.807937342004704
2011-06-05,6436800.0,883,6.808670015227186
2011-06-06,6447850.0,884,6.809414925675132
2011-06-07,6458650.0,885,6.810141750375758
2011-06-08,6467350.0,886,6.810726364728707
2011-06-09,6476800.0,887,6.811360486487668
2011-06-10,6488500.0,888,6.81214430897038
2011-06-11,6499600.0,889,6.8128866300062185
2011-06-12,6512100.0,890,6.813721060971246
2011-06-13,6523650.0,891,6.8144906526830535
2011-06-14,6535300.0,892,6.815265528466542
2011-06-15,6547950.0,893,6.816105354489598
2011-06-16,6560300.0,894,6.816923699949671
2011-06-17,6569400.0,895,6.817525706152118
2011-06-18,6579350.0,896,6.8181829900642414
2011-06-19,6589400.0,897,6.818845871566357
2011-06-20,6601000.0,898,6.819609732751585
2011-06-21,6612700.0,899,6.820378820405488
2011-06-22,6625550.0,900,6.821221935748555
2011-06-23,6638000.0,901,6.8220372480725855
2011-06-24,6649600.0,902,6.822795521541065
2011-06-25,6659150.0,903,6.823418797658513
2011-06-26,6666000.0,904,6.823865309324511
2011-06-27,6674350.0,905,6.824408977128949
2011-06-28,6682050.0,906,6.82490972102418
2011-06-29,6690700.0,907,6.8254715572646525
2011-06-30,6699650.0,908,6.82605211508306
2011-07-01,6709050.0,909,6.826661028519658
2011-07-02,6717600.0,910,6.827214140177769
2011-07-03,6725850.0,911,6.82774717744506
2011-07-04,6734550.0,912,6.828308581640879
2011-07-05,6741800.0,913,6.8287758647401695
2011-07-06,6749450.0,914,6.829268384431471
2011-07-07,6757050.0,915,6.829757132576559
2011-07-08,6764100.0,916,6.83021001955361
2011-07-09,6772200.0,917,6.830729775428302
2011-07-10,6778850.0,918,6.831156024100765
2011-07-11,6786700.0,919,6.831658652016843
2011-07-12,6793950.0,920,6.832122346360326
2011-07-13,6801800.0,921,6.8326238577976195
2011-07-14,6810950.0,922,6.833207692086485
2011-07-15,6818400.0,923,6.833682475434542
2011-07-16,6826100.0,924,6.834172646252915
2011-07-17,6834100.0,925,6.834681329325262
2011-07-18,6843000.0,926,6.835246539996311
2011-07-19,6850750.0,927,6.835738119380206
2011-07-20,6857900.0,928,6.836191148063144
2011-07-21,6865750.0,929,6.836687985574267
2011-07-22,6873000.0,930,6.83714634390906
2011-07-23,6880150.0,931,6.837597906761986
2011-07-24,6888100.0,932,6.838099443488127
2011-07-25,6896450.0,933,6.838625591874173
2011-07-26,6905000.0,934,6.83916368291465
2011-07-27,6913650.0,935,6.839707389826558
2011-07-28,6922000.0,936,6.840231594958109
2011-07-29,6930150.0,937,6.840742634823535
2011-07-30,6938200.0,938,6.841246814624587
2011-07-31,6945850.0,939,6.841725400213486
2011-08-01,6954700.0,940,6.842278400876648
2011-08-02,6962600.0,941,6.842771445759712
2011-08-03,6970600.0,942,6.843270161953697
2011-08-04,6977700.0,943,6.843712293408832
2011-08-05,6984450.0,944,6.844132212687916
2011-08-06,6991000.0,945,6.844539302129008
2011-08-07,6997500.0,946,6.8449429071382
2011-08-08,7003600.0,947,6.845321334048547
2011-08-09,7010600.0,948,6.845755188514182
2011-08-10,7018050.0,949,6.846216458015429
2011-08-11,7025400.0,950,6.8466710563845545
2011-08-12,7032250.0,951,6.847094301725916
2011-08-13,7038600.0,952,6.8474862851735825
2011-08-14,7045200.0,953,6.847893326425289
2011-08-15,7051400.0,954,6.848275351305249
2011-08-16,7058700.0,955,6.848724724449416
2011-08-17,7065600.0,956,6.849149047377067
2011-08-18,7072400.0,957,6.849566815477884
2011-08-19,7079250.0,958,6.849987249481463
2011-08-20,7086350.0,959,6.850422598648419
2011-08-21,7093700.0,960,6.850872817755948
2011-08-22,7102450.0,961,6.851408185048894
2011-08-23,7110650.0,962,6.851909302348671
2011-08-24,7117900.0,963,6.852351882269504
2011-08-25,7124750.0,964,6.852769630010328
2011-08-26,7131700.0,965,6.853193065983285
2011-08-27,7138500.0,966,6.853606963854439
2011-08-28,7144300.0,967,6.853959682947823
2011-08-29,7150750.0,968,6.8543515947772145
2011-08-30,7157700.0,969,6.854773491892081
2011-08-31,7165500.0,970,6.855246500339035
2011-09-01,7172550.0,971,6.855673584404744
2011-09-02,7179750.0,972,6.856109322304873
2011-09-03,7187300.0,973,6.85656577281353
2011-09-04,7193750.0,974,6.856955340973867
2011-09-05,7201050.0,975,6.857395826425513
2011-09-06,7208950.0,976,6.8578720133444255
2011-09-07,7216150.0,977,6.858305552180118
2011-09-08,7223150.0,978,6.858726633757684
2011-09-09,7229900.0,979,6.859132290413682
2011-09-10,7237050.0,980,6.8595615731302795
2011-09-11,7243650.0,981,6.859957457829091
2011-09-12,7249900.0,982,6.860332016260966
2011-09-13,7256700.0,983,6.860739169238678
2011-09-14,7264300.0,984,6.861193771313444
2011-09-15,7272000.0,985,6.861653870213911
2011-09-16,7278250.0,986,6.862026969051228
2011-09-17,7284400.0,987,6.8623937856982655
2011-09-18,7292350.0,988,6.8628675046649015
2011-09-19,7299300.0,989,6.863281213447319
2011-09-20,7305450.0,990,6.863646972699833
2011-09-21,7312900.0,991,6.8640896347198685
2011-09-22,7320550.0,992,6.864543711248536
2011-09-23,7327300.0,993,6.864943973124559
2011-09-24,7333950.0,994,6.865337944784917
2011-09-25,7340650.0,995,6.865734517533877
2011-09-26,7347400.0,996,6.866133683925496
2011-09-27,7354150.0,997,6.866532483774334
2011-09-28,7361250.0,998,6.866951567327725
2011-09-29,7367900.0,999,6.867343722815433
2011-09-30,7373900.0,1000,6.867697243692844
2011-10-01,7380550.0,1001,6.868088726736972
2011-10-02,7387650.0,1002,6.868506311961857
2011-10-03,7394100.0,1003,6.868885319804104
2011-10-04,7400750.0,1004,6.869275733833195
2011-10-05,7406900.0,1005,6.869636481314028
2011-10-06,7413650.0,1006,6.8700320790422555
2011-10-07,7420550.0,1007,6.870436095725494
2011-10-08,7426900.0,1008,6.870807576367386
2011-10-09,7432850.0,1009,6.87115536853151
2011-10-10,7439100.0,1010,6.871520396745254
2011-10-11,7444600.0,1011,6.871841367976761
2011-10-12,7449950.0,1012,6.872153358010445
2011-10-13,7455700.0,1013,6.872488424699227
2011-10-14,7461250.0,1014,6.872811591899731
2011-10-15,7468050.0,1015,6.8732072169700515
2011-10-16,7474350.0,1016,6.8735734306168705
2011-10-17,7480300.0,1017,6.873919015743058
2011-10-18,7486200.0,1018,6.87426142546824
2011-10-19,7492650.0,1019,6.874635446114873
2011-10-20,7498850.0,1020,6.874994666465247
2011-10-21,7504350.0,1021,6.875313081171105
2011-10-22,7510150.0,1022,6.875648611241415
2011-10-23,7515200.0,1023,6.8759405428391736
2011-10-24,7521150.0,1024,6.87628425022856
2011-10-25,7527450.0,1025,6.876647879455974
2011-10-26,7533650.0,1026,6.877005439785552
2011-10-27,7539550.0,1027,6.877345425664341
2011-10-28,7544450.0,1028,6.877627584645538
2011-10-29,7549800.0,1029,6.877935446987221
2011-10-30,7555450.0,1030,6.878260335875149
2011-10-31,7561000.0,1031,6.878579238062219
2011-11-01,7568200.0,1032,6.878992600368986
2011-11-02,7575750.0,1033,6.8794256344994515
2011-11-03,7582950.0,1034,6.879838192371149
2011-11-04,7589750.0,1035,6.880227470835056
2011-11-05,7596800.0,1036,6.880630692938478
2011-11-06,7604100.0,1037,6.881047819550931
2011-11-07,7611150.0,1038,6.8814502810703315
2011-11-08,7618050.0,1039,6.881843818765048
2011-11-09,7625800.0,1040,6.88228541095137
2011-11-10,7633650.0,1041,6.88273224382984
2011-11-11,7640000.0,1042,6.88309335857569
2011-11-12,7646400.0,1043,6.883457013176718
2011-11-13,7653550.0,1044,6.883862923754421
2011-11-14,7660550.0,1045,6.88425995153732
2011-11-15,7668650.0,1046,6.884718916862427
2011-11-16,7676050.0,1047,6.885137794965645
2011-11-17,7682800.0,1048,6.885519527704956
2011-11-18,7689650.0,1049,6.8859065730227735
2011-11-19,7696250.0,1050,6.886279166599538
2011-11-20,7703000.0,1051,6.886659897861203
2011-11-21,7710050.0,1052,6.887057194478153
2011-11-22,7715550.0,1053,6.887366890016957
2011-11-23,7722650.0,1054,6.887766352524103
2011-11-24,7728600.0,1055,6.888100830614232
2011-11-25,7735050.0,1056,6.888463125359745
2011-11-26,7741400.0,1057,6.888819508136782
2011-11-27,7747350.0,1058,6.889153176417881
2011-11-28,7753250.0,1059,6.88948378782221
2011-11-29,7759500.0,1060,6.889833737464764
2011-11-30,7767100.0,1061,6.8902588966530045
2011-12-01,7775600.0,1062,6.890733911092477
2011-12-02,7784200.0,1063,6.89121398576242
2011-12-03,7791400.0,1064,6.8916155010160765
2011-12-04,7798600.0,1065,6.892016645402481
2011-12-05,7805400.0,1066,6.892395164072551
2011-12-06,7814400.0,1067,6.89289563792877
2011-12-07,7822350.0,1068,6.893337243943909
2011-12-08,7829600.0,1069,6.893739575310798
2011-12-09,7837550.0,1070,6.89418032444864
2011-12-10,7844600.0,1071,6.89457080359897
2011-12-11,7852100.0,1072,6.894985821897357
2011-12-12,7859100.0,1073,6.895372814816356
2011-12-13,7865850.0,1074,6.895745660254071
2011-12-14,7872750.0,1075,6.896126460594269
2011-12-15,7879550.0,1076,6.896501415700556
2011-12-16,7885150.0,1077,6.896809959371029
2011-12-17,7891800.0,1078,6.897176070498426
2011-12-18,7899000.0,1079,6.89757211382573
2011-12-19,7906800.0,1080,6.898000753595161
2011-12-20,7914000.0,1081,6.898396045930009
2011-12-21,7920900.0,1082,6.8987745304313055
2011-12-22,7928300.0,1083,6.8991800751149
2011-12-23,7935250.0,1084,6.899560613751252
2011-12-24,7942400.0,1085,6.899951755482617
2011-12-25,7950800.0,1086,6.900410829047119
2011-12-26,7959650.0,1087,6.900893971454938
2011-12-27,7967700.0,1088,6.901332973658947
2011-12-28,7975300.0,1089,6.901747028518444
2011-12-29,7982550.0,1090,6.902141647494112
2011-12-30,7989600.0,1091,6.902525036868274
2011-12-31,7996750.0,1092,6.902913519011184
2012-01-01,8004650.0,1093,6.903342347324431
2012-01-02,8011700.0,1094,6.903724678666486
2012-01-03,8019850.0,1095,6.904166245493453
2012-01-04,8027500.0,1096,6.90458031423854
2012-01-05,8034450.0,1097,6.904956152394878
2012-01-06,8043050.0,1098,6.905420768523082
2012-01-07,8051650.0,1099,6.905884888127651
2012-01-08,8060050.0,1100,6.9063377359312375
2012-01-09,8068450.0,1101,6.9067901120329
2012-01-10,8076250.0,1102,6.907209754048226
2012-01-11,8083550.0,1103,6.907602128945631
2012-01-12,8091350.0,1104,6.90802098745127
2012-01-13,8098450.0,1105,6.908401905191969
2012-01-14,8105750.0,1106,6.908793204970097
2012-01-15,8113350.0,1107,6.909200211314967
2012-01-16,8120900.0,1108,6.909604162661628
2012-01-17,8129350.0,1109,6.910055822014911
2012-01-18,8136900.0,1110,6.910458978682715
2012-01-19,8143200.0,1111,6.910795101356724
2012-01-20,8150200.0,1112,6.91116826614251
2012-01-21,8158450.0,1113,6.911607656255281
2012-01-22,8165900.0,1114,6.91200405722865
2012-01-23,8173700.0,1115,6.912418693721118
2012-01-24,8181500.0,1116,6.912832934722838
2012-01-25,8188350.0,1117,6.913196397720321
2012-01-26,8195200.0,1118,6.913559556788336
2012-01-27,8202550.0,1119,6.9139488863799885
2012-01-28,8209700.0,1120,6.9143272873599955
2012-01-29,8217250.0,1121,6.914726500064636
2012-01-30,8226050.0,1122,6.915191344932225
2012-01-31,8234050.0,1123,6.915613499855803
2012-02-01,8240900.0,1124,6.915974644183703
2012-02-02,8248550.0,1125,6.916377611295999
2012-02-03,8256700.0,1126,6.9168065051709995
2012-02-04,8264350.0,1127,6.917208701523412
2012-02-05,8272050.0,1128,6.917613150829469
2012-02-06,8279500.0,1129,6.9180041104808225
2012-02-07,8286800.0,1130,6.918386857373381
2012-02-08,8293500.0,1131,6.918737848994417
2012-02-09,8300750.0,1132,6.919117334080412
2012-02-10,8307450.0,1133,6.919467736072995
2012-02-11,8314850.0,1134,6.919854418948216
2012-02-12,8322450.0,1135,6.920251194662069
2012-02-13,8330250.0,1136,6.920658035259279
2012-02-14,8336900.0,1137,6.921004592224076
2012-02-15,8343700.0,1138,6.921358680523122
2012-02-16,8350500.0,1139,6.921712480362619
2012-02-17,8357350.0,1140,6.922068590498601
2012-02-18,8365350.0,1141,6.9224841162355055
2012-02-19,8374100.0,1142,6.922938142749251
2012-02-20,8381700.0,1143,6.923332112394246
2012-02-21,8388350.0,1144,6.923676542906503
2012-02-22,8395250.0,1145,6.9240336334108
2012-02-23,8403550.0,1146,6.924462788409147
2012-02-24,8411300.0,1147,6.924863122931677
2012-02-25,8419000.0,1148,6.925260509519435
2012-02-26,8427150.0,1149,6.925680724263297
2012-02-27,8434550.0,1150,6.926061917069765
2012-02-28,8442450.0,1151,6.926468497227094
2012-02-29,8451200.0,1152,6.92691837952683
2012-03-01,8459500.0,1153,6.927344694757926
2012-03-02,8466600.0,1154,6.9277090422452225
2012-03-03,8473150.0,1155,6.928044894781208
2012-03-04,8478900.0,1156,6.928339513233456
2012-03-05,8486000.0,1157,6.928703027430597
2012-03-06,8492650.0,1158,6.929043226262935
2012-03-07,8500250.0,1159,6.929431698893568
2012-03-08,8507850.0,1160,6.929819824349338
2012-03-09,8515800.0,1161,6.930225453151872
2012-03-10,8524400.0,1162,6.930663820408298
2012-03-11,8532000.0,1163,6.931050846777391
2012-03-12,8539250.0,1164,6.931419728398022
2012-03-13,8547550.0,1165,6.9318416499378435
2012-03-14,8554800.0,1166,6.932209860760614
2012-03-15,8561800.0,1167,6.9325650786827255
2012-03-16,8568400.0,1168,6.932899732536433
2012-03-17,8576000.0,1169,6.933284772348695
2012-03-18,8584450.0,1170,6.933712475429754
2012-03-19,8592000.0,1171,6.93409426835548
2012-03-20,8599100.0,1172,6.934452999442709
2012-03-21,8607400.0,1173,6.934871985811743
2012-03-22,8615700.0,1174,6.935290568352498
2012-03-23,8622800.0,1175,6.9356483130513835
2012-03-24,8630150.0,1176,6.936018344221137
2012-03-25,8639200.0,1177,6.936473528165063
2012-03-26,8646050.0,1178,6.936817742724502
2012-03-27,8654150.0,1179,6.9372244184346625
2012-03-28,8662300.0,1180,6.937633220503084
2012-03-29,8669250.0,1181,6.9379815271243634
2012-03-30,8676600.0,1182,6.938349576500213
2012-03-31,8684750.0,1183,6.938757321322765
2012-04-01,8692600.0,1184,6.939149695524221
2012-04-02,8699000.0,1185,6.93946933084353
2012-04-03,8704850.0,1186,6.93976129185386
2012-04-04,8712000.0,1187,6.940117866747719
2012-04-05,8718600.0,1188,6.940446753156396
2012-04-06,8724550.0,1189,6.940743035911236
2012-04-07,8731400.0,1190,6.941083884430364
2012-04-08,8738050.0,1191,6.941414525457318
2012-04-09,8745400.0,1192,6.941779678173749
2012-04-10,8752800.0,1193,6.9421470050253875
2012-04-11,8760100.0,1194,6.942509063839348
2012-04-12,8767100.0,1195,6.942855960267182
2012-04-13,8773350.0,1196,6.943165455248983
2012-04-14,8779950.0,1197,6.94349204269586
2012-04-15,8785900.0,1198,6.943786255872695
2012-04-16,8792500.0,1199,6.94411237698898
2012-04-17,8799350.0,1200,6.944450592395705
2012-04-18,8806400.0,1201,6.94479840788338
2012-04-19,8813250.0,1202,6.945136089659228
2012-04-20,8820850.0,1203,6.945510436891786
2012-04-21,8828700.0,1204,6.945896759705427
2012-04-22,8836150.0,1205,6.9462630797230895
2012-04-23,8842800.0,1206,6.946589802570416
2012-04-24,8849800.0,1207,6.946933456022362
2012-04-25,8856150.0,1208,6.947244963744717
2012-04-26,8863750.0,1209,6.947617498382594
2012-04-27,8870650.0,1210,6.947955444078681
2012-04-28,8877200.0,1211,6.948276004482968
2012-04-29,8885700.0,1212,6.948691646453361
2012-04-30,8894750.0,1213,6.949133746107828
2012-05-01,8903450.0,1214,6.94955832413184
2012-05-02,8911800.0,1215,6.94996543143479
2012-05-03,8919150.0,1216,6.950323467840341
2012-05-04,8927250.0,1217,6.950717696989634
2012-05-05,8935250.0,1218,6.9511067081680835
2012-05-06,8943550.0,1219,6.951509939308736
2012-05-07,8951850.0,1220,6.951912796407015
2012-05-08,8960500.0,1221,6.952332244169088
2012-05-09,8969550.0,1222,6.952770655148978
2012-05-10,8976900.0,1223,6.953126387298841
2012-05-11,8983600.0,1224,6.953450406470215
2012-05-12,8990400.0,1225,6.9537790147508245
2012-05-13,8997100.0,1226,6.9541025475556415
2012-05-14,9004200.0,1227,6.95444513292241
2012-05-15,9010900.0,1228,6.954768170059357
2012-05-16,9017100.0,1229,6.95506688604493
2012-05-17,9023150.0,1230,6.955358177098438
2012-05-18,9029700.0,1231,6.955673321685723
2012-05-19,9036900.0,1232,6.956019476516764
2012-05-20,9043900.0,1233,6.9563557516290615
2012-05-21,9050600.0,1234,6.956677371255107
2012-05-22,9056800.0,1235,6.956974777386636
2012-05-23,9062800.0,1236,6.957262395986016
2012-05-24,9069150.0,1237,6.957566585008468
2012-05-25,9075450.0,1238,6.957868168437801
2012-05-26,9081800.0,1239,6.958171933608464
2012-05-27,9089700.0,1240,6.958549549834224
2012-05-28,9096950.0,1241,6.958895807683865
2012-05-29,9103700.0,1242,6.959217937705293
2012-05-30,9110100.0,1243,6.959523144174955
2012-05-31,9116450.0,1244,6.959825754386067
2012-06-01,9123750.0,1245,6.960173376658537
2012-06-02,9131600.0,1246,6.9605468794281995
2012-06-03,9139700.0,1247,6.960931940757592
2012-06-04,9147500.0,1248,6.961302418158645
2012-06-05,9154700.0,1249,6.961644117017909
2012-06-06,9162400.0,1250,6.962009247710828
2012-06-07,9169850.0,1251,6.962362231558233
2012-06-08,9176200.0,1252,6.962662870668038
2012-06-09,9184600.0,1253,6.963060247024461
2012-06-10,9192700.0,1254,6.963443087325399
2012-06-11,9200650.0,1255,6.963818510110931
2012-06-12,9207550.0,1256,6.964144085894057
2012-06-13,9215750.0,1257,6.964530684927539
2012-06-14,9223000.0,1258,6.964872208637775
2012-06-15,9230850.0,1259,6.96524169380088
2012-06-16,9238900.0,1260,6.965620266418343
2012-06-17,9246700.0,1261,6.965986767604118
2012-06-18,9255300.0,1262,6.966390500477683
2012-06-19,9263500.0,1263,6.966775105849991
2012-06-20,9270700.0,1264,6.967112527527431
2012-06-21,9278050.0,1265,6.96745670862956
2012-06-22,9285000.0,1266,6.967781908075799
2012-06-23,9292300.0,1267,6.968123222462828
2012-06-24,9299400.0,1268,6.968454928651225
2012-06-25,9307100.0,1269,6.968814380208644
2012-06-26,9313800.0,1270,6.969126907868888
2012-06-27,9322300.0,1271,6.969523074808555
2012-06-28,9329650.0,1272,6.969865351579317
2012-06-29,9336700.0,1273,6.97019340459911
2012-06-30,9344000.0,1274,6.970532829768325
2012-07-01,9350450.0,1275,6.970832512243009
2012-07-02,9357650.0,1276,6.971166797437559
2012-07-03,9365300.0,1277,6.971521693751595
2012-07-04,9373150.0,1278,6.971885567165072
2012-07-05,9380700.0,1279,6.972235247205758
2012-07-06,9388100.0,1280,6.972577706961588
2012-07-07,9396250.0,1281,6.972954563254151
2012-07-08,9404100.0,1282,6.9733172386172235
2012-07-09,9412300.0,1283,6.973695761073915
2012-07-10,9419900.0,1284,6.974046292423588
2012-07-11,9427100.0,1285,6.974378113978405
2012-07-12,9434200.0,1286,6.974705078818279
2012-07-13,9441650.0,1287,6.97504789718759
2012-07-14,9449900.0,1288,6.975427212776144
2012-07-15,9457850.0,1289,6.975792421892468
2012-07-16,9464350.0,1290,6.9760907925093525
2012-07-17,9472750.0,1291,6.976476075777356
2012-07-18,9481000.0,1292,6.976854146576219
2012-07-19,9487900.0,1293,6.977170098693348
2012-07-20,9495300.0,1294,6.977508690640845
2012-07-21,9502450.0,1295,6.977835593110056
2012-07-22,9510100.0,1296,6.978185083627199
2012-07-23,9516900.0,1297,6.978495505932625
2012-07-24,9524600.0,1298,6.978846745876215
2012-07-25,9533000.0,1299,6.979229593022155
2012-07-26,9541500.0,1300,6.979616654632213
2012-07-27,9549750.0,1301,6.979992002469441
2012-07-28,9557900.0,1302,6.980362482381115
2012-07-29,9565650.0,1303,6.980714486315428
2012-07-30,9574850.0,1304,6.981131979018461
2012-07-31,9582550.0,1305,6.981481094001782
2012-08-01,9589100.0,1306,6.981777847694567
2012-08-02,9596050.0,1307,6.982092502183196
2012-08-03,9604450.0,1308,6.98247249998333
2012-08-04,9612750.0,1309,6.982847647707653
2012-08-05,9619950.0,1310,6.98317281478412
2012-08-06,9626950.0,1311,6.983488716202776
2012-08-07,9634250.0,1312,6.983817911670315
2012-08-08,9642450.0,1313,6.984187395551521
2012-08-09,9650950.0,1314,6.984570065618488
2012-08-10,9659150.0,1315,6.984938910416357
2012-08-11,9667500.0,1316,6.985314180745103
2012-08-12,9675250.0,1317,6.985662195625599
2012-08-13,9683250.0,1318,6.986021144516578
2012-08-14,9691300.0,1319,6.986382037624341
2012-08-15,9699450.0,1320,6.986747108623239
2012-08-16,9707650.0,1321,6.987114109871599
2012-08-17,9714850.0,1322,6.987436099359352
2012-08-18,9722750.0,1323,6.9877891189292525
2012-08-19,9729800.0,1324,6.988103913260224
2012-08-20,9738800.0,1325,6.988505447075245
2012-08-21,9747750.0,1326,6.988904382329187
2012-08-22,9755950.0,1327,6.989269565854512
2012-08-23,9764100.0,1328,6.989632218638002
2012-08-24,9772050.0,1329,6.98998568043285
2012-08-25,9779550.0,1330,6.990318871452924
2012-08-26,9787400.0,1331,6.9906673378072455
2012-08-27,9795200.0,1332,6.991013307917241
2012-08-28,9802500.0,1333,6.991336850972244
2012-08-29,9810550.0,1334,6.991693355521576
2012-08-30,9818500.0,1335,6.992045144458882
2012-08-31,9825500.0,1336,6.992354659985455
2012-09-01,9833500.0,1337,6.992708122119542
2012-09-02,9841050.0,1338,6.993041438357965
2012-09-03,9849850.0,1339,6.9934296168257015
2012-09-04,9857250.0,1340,6.993755771289538
2012-09-05,9865250.0,1341,6.994108095391024
2012-09-06,9874600.0,1342,6.994519512266985
2012-09-07,9883000.0,1343,6.99488879536491
2012-09-08,9890800.0,1344,6.995231420164853
2012-09-09,9898150.0,1345,6.995554030974296
2012-09-10,9906050.0,1346,6.995900515718847
2012-09-11,9913350.0,1347,6.9962204396177805
2012-09-12,9921150.0,1348,6.9965620158746535
2012-09-13,9928450.0,1349,6.99688145302813
2012-09-14,9935850.0,1350,6.997205026404967
2012-09-15,9943050.0,1351,6.997519623329992
2012-09-16,9950400.0,1352,6.997840539469448
2012-09-17,9958850.0,1353,6.998209191085399
2012-09-18,9967400.0,1354,6.9985818872071635
2012-09-19,9974850.0,1355,6.998906373565593
2012-09-20,9982450.0,1356,6.999237143581779
2012-09-21,9990350.0,1357,6.999580703481839
2012-09-22,9998200.0,1358,6.9999218199568425
2012-09-23,10006250.0,1359,7.000271349263375
2012-09-24,10014600.0,1360,7.000633607522555
2012-09-25,10021100.0,1361,7.0009153959533466
2012-09-26,10028500.0,1362,7.0012359788389915
2012-09-27,10035850.0,1363,7.001554161544614
2012-09-28,10043850.0,1364,7.001900218113094
2012-09-29,10052150.0,1365,7.002258960589683
2012-09-30,10060450.0,1366,7.002617406976964
2012-10-01,10067600.0,1367,7.002925952084535
2012-10-02,10074250.0,1368,7.0032127239957145
2012-10-03,10081400.0,1369,7.003520846599139
2012-10-04,10088450.0,1370,7.003824445904251
2012-10-05,10094850.0,1371,7.004099870119056
2012-10-06,10102350.0,1372,7.004422410744884
2012-10-07,10108900.0,1373,7.004703900405945
2012-10-08,10116600.0,1374,7.005034578774561
2012-10-09,10124650.0,1375,7.005380018978465
2012-10-10,10131800.0,1376,7.005686608304291
2012-10-11,10139150.0,1377,7.006001548115388
2012-10-12,10146250.0,1378,7.006305558975162
2012-10-13,10153750.0,1379,7.006626466242401
2012-10-14,10160800.0,1380,7.006927903017553
2012-10-15,10167850.0,1381,7.007229130715425
2012-10-16,10175850.0,1382,7.007570696510665
2012-10-17,10183450.0,1383,7.007894935380938
2012-10-18,10191150.0,1384,7.00822319386649
2012-10-19,10197900.0,1385,7.008510748986512
2012-10-20,10205200.0,1386,7.008821520374505
2012-10-21,10213300.0,1387,7.009166088828402
2012-10-22,10221700.0,1388,7.009523130556169
2012-10-23,10229200.0,1389,7.009841669961309
2012-10-24,10236250.0,1390,7.010140884121617
2012-10-25,10243550.0,1391,7.010450491622878
2012-10-26,10250950.0,1392,7.010764115210255
2012-10-27,10259650.0,1393,7.011132545409192
2012-10-28,10268550.0,1394,7.011509122131079
2012-10-29,10276150.0,1395,7.011830434996491
2012-10-30,10283700.0,1396,7.012149398752137
2012-10-31,10290950.0,1397,7.012455468126257
2012-11-01,10298150.0,1398,7.012759213350397
2012-11-02,10305100.0,1399,7.013052210500236
2012-11-03,10312150.0,1400,7.013349221616341
2012-11-04,10319650.0,1401,7.0136649680619
2012-11-05,10327750.0,1402,7.0140057165807335
2012-11-06,10335550.0,1403,7.014333592294656
2012-11-07,10342450.0,1404,7.014623430000078
2012-11-08,10350250.0,1405,7.014950839871122
2012-11-09,10357950.0,1406,7.015273810256262
2012-11-10,10365250.0,1407,7.015579781327238
2012-11-11,10372300.0,1408,7.015875069460636
2012-11-12,10379750.0,1409,7.01618689350011
2012-11-13,10386400.0,1410,7.0164650440868455
2012-11-14,10393400.0,1411,7.016757641848933
2012-11-15,10400150.0,1412,7.017039603116329
2012-11-16,10407250.0,1413,7.017335987185572
2012-11-17,10414850.0,1414,7.017653019397408
2012-11-18,10421900.0,1415,7.017946901717276
2012-11-19,10428950.0,1416,7.018240585304668
2012-11-20,10435600.0,1417,7.018517424096059
2012-11-21,10443800.0,1418,7.018858546440063
2012-11-22,10450950.0,1419,7.019155769969113
2012-11-23,10459200.0,1420,7.019498467621843
2012-11-24,10466700.0,1421,7.019809776454796
2012-11-25,10474450.0,1422,7.020131227988108
2012-11-26,10481500.0,1423,7.020423438669363
2012-11-27,10489250.0,1424,7.02074443647707
2012-11-28,10497550.0,1425,7.0210879518665275
2012-11-29,10503125.0,1426,7.021318534149572
2012-11-30,10506575.0,1427,7.021461165027312
2012-12-01,10510275.0,1428,7.02161407943643
2012-12-02,10514125.0,1429,7.021773135939734
2012-12-03,10517675.0,1430,7.021919746826619
2012-12-04,10520900.0,1431,7.022052892699389
2012-12-05,10524100.0,1432,7.022184966099513
2012-12-06,10527125.0,1433,7.022309779816225
2012-12-07,10530300.0,1434,7.022440744071398
2012-12-08,10533925.0,1435,7.022590221919497
2012-12-09,10537100.0,1436,7.022721101645612
2012-12-10,10540400.0,1437,7.022857092327808
2012-12-11,10543900.0,1438,7.023001278352539
2012-12-12,10547575.0,1439,7.023152622176254
2012-12-13,10550900.0,1440,7.0232895068718815
2012-12-14,10553675.0,1441,7.023403715965808
2012-12-15,10556550.0,1442,7.023522009034043
2012-12-16,10559450.0,1443,7.023641298104458
2012-12-17,10562475.0,1444,7.023765694040598
2012-12-18,10565475.0,1445,7.023889026730658
2012-12-19,10568875.0,1446,7.024028761451736
2012-12-20,10572275.0,1447,7.024168451227477
2012-12-21,10574800.0,1448,7.024272162362186
2012-12-22,10578450.0,1449,7.024422037665005
2012-12-23,10581850.0,1450,7.0245616010219685
2012-12-24,10585075.0,1451,7.024693939537363
2012-12-25,10588500.0,1452,7.0248344409513646
2012-12-26,10591575.0,1453,7.024960545843934
2012-12-27,10595350.0,1454,7.025115307489291
2012-12-28,10599625.0,1455,7.025290500801415
2012-12-29,10603675.0,1456,7.025456408247246
2012-12-30,10607225.0,1457,7.025601781185231
2012-12-31,10611375.0,1458,7.025771662527344
2013-01-01,10615375.0,1459,7.025935340711539
2013-01-02,10619325.0,1460,7.026096912405351
2013-01-03,10623475.0,1461,7.026266600217017
2013-01-04,10627175.0,1462,7.026417832259264
2013-01-05,10630975.0,1463,7.026573096856494
2013-01-06,10634300.0,1464,7.026708907859558
2013-01-07,10638450.0,1465,7.026878356766988
2013-01-08,10642275.0,1466,7.027034477050594
2013-01-09,10645350.0,1467,7.027159944832101
2013-01-10,10649100.0,1468,7.027312905281793
2013-01-11,10652425.0,1469,7.027448485167651
2013-01-12,10655350.0,1470,7.0275677197069255
2013-01-13,10658450.0,1471,7.027694052214821
2013-01-14,10662150.0,1472,7.027844788085217
2013-01-15,10665675.0,1473,7.0279883459081685
2013-01-16,10668800.0,1474,7.028115573811893
2013-01-17,10671850.0,1475,7.028239712315529
2013-01-18,10674825.0,1476,7.028360764057033
2013-01-19,10677975.0,1477,7.028488899723355
2013-01-20,10681600.0,1478,7.028636310663134
2013-01-21,10684900.0,1479,7.028770461956203
2013-01-22,10688350.0,1480,7.028910666742614
2013-01-23,10691575.0,1481,7.0290416868200705
2013-01-24,10695275.0,1482,7.02919195575627
2013-01-25,10698925.0,1483,7.0293401431037115
2013-01-26,10702425.0,1484,7.02948219308656
2013-01-27,10706325.0,1485,7.029640422642061
2013-01-28,10710050.0,1486,7.029791498345713
2013-01-29,10713850.0,1487,7.02994556170939
2013-01-30,10717950.0,1488,7.030111726697633
2013-01-31,10721925.0,1489,7.030272765004559
2013-02-01,10726325.0,1490,7.030450951639569
2013-02-02,10729900.0,1491,7.030595674468228
2013-02-03,10734175.0,1492,7.0307686713418125
2013-02-04,10738600.0,1493,7.030947665729787
2013-02-05,10742875.0,1494,7.031120522475858
2013-02-06,10746775.0,1495,7.031278156359892
2013-02-07,10750675.0,1496,7.031435733049035
2013-02-08,10754225.0,1497,7.031579118549526
2013-02-09,10758025.0,1498,7.031732549180761
2013-02-10,10761450.0,1499,7.0318707922013814
2013-02-11,10765750.0,1500,7.03204429050093
2013-02-12,10769700.0,1501,7.032203605790163
2013-02-13,10773300.0,1502,7.032348753647881
2013-02-14,10777650.0,1503,7.032524075944293
2013-02-15,10781500.0,1504,7.032679187233291
2013-02-16,10786250.0,1505,7.0328704819972225
2013-02-17,10790850.0,1506,7.033055655597662
2013-02-18,10795125.0,1507,7.033227675525825
2013-02-19,10799400.0,1508,7.0333996273455
2013-02-20,10803475.0,1509,7.033563471281528
2013-02-21,10808100.0,1510,7.033749354264092
2013-02-22,10812650.0,1511,7.033932145325626
2013-02-23,10816600.0,1512,7.03409076970905
2013-02-24,10820825.0,1513,7.0342603734589755
2013-02-25,10824950.0,1514,7.034425899041639
2013-02-26,10829625.0,1515,7.03461341846739
2013-02-27,10834150.0,1516,7.034794844147743
2013-02-28,10838875.0,1517,7.034984207788444
2013-03-01,10843000.0,1518,7.035149457773463
2013-03-02,10846550.0,1519,7.0352916225878115
2013-03-03,10850375.0,1520,7.0354447481031075
2013-03-04,10854650.0,1521,7.035615824518283
2013-03-05,10858650.0,1522,7.035775835013903
2013-03-06,10862325.0,1523,7.0359227927113555
2013-03-07,10866175.0,1524,7.036076695076712
2013-03-08,10870175.0,1525,7.036236535891497
2013-03-09,10874250.0,1526,7.036399313250243
2013-03-10,10878775.0,1527,7.036579994563206
2013-03-11,10883125.0,1528,7.036753617364656
2013-03-12,10886725.0,1529,7.036897252727242
2013-03-13,10890575.0,1530,7.037050810218093
2013-03-14,10894550.0,1531,7.037209296394759
2013-03-15,10898900.0,1532,7.037382667845481
2013-03-16,10903450.0,1533,7.037563936371246
2013-03-17,10908025.0,1534,7.037746124626175
2013-03-18,10913075.0,1535,7.037947139897886
2013-03-19,10917750.0,1536,7.038133145395519
2013-03-20,10922300.0,1537,7.0383141010179875
2013-03-21,10927775.0,1538,7.038531744420876
2013-03-22,10933150.0,1539,7.0387453065539765
2013-03-23,10938875.0,1540,7.038972659619427
2013-03-24,10944025.0,1541,7.0391770764584285
2013-03-25,10948200.0,1542,7.0393427224340135
2013-03-26,10951925.0,1543,7.039490461039222
2013-03-27,10955650.0,1544,7.039638149403697
2013-03-28,10959175.0,1545,7.039777861955534
2013-03-29,10963700.0,1546,7.039957143419167
2013-03-30,10968025.0,1547,7.040128431692987
2013-03-31,10972500.0,1548,7.040305589517011
2013-04-01,10976775.0,1549,7.040474762205732
2013-04-02,10981650.0,1550,7.0406675980429165
2013-04-03,10986075.0,1551,7.040842559547434
2013-04-04,10990250.0,1552,7.04100757162145
2013-04-05,10994100.0,1553,7.041159682898101
2013-04-06,10997950.0,1554,7.041311740916559
2013-04-07,11002200.0,1555,7.041479535369874
2013-04-08,11006050.0,1556,7.041631481460307
2013-04-09,11010525.0,1557,7.041808027342968
2013-04-10,11014950.0,1558,7.041982530104727
2013-04-11,11019350.0,1559,7.042155977479572
2013-04-12,11023650.0,1560,7.042325415967607
2013-04-13,11027825.0,1561,7.042489865691139
2013-04-14,11031825.0,1562,7.042647363924035
2013-04-15,11035475.0,1563,7.04279103123933
2013-04-16,11040000.0,1564,7.04296907339318
2013-04-17,11044475.0,1565,7.043145076475265
2013-04-18,11048300.0,1566,7.043295458345345
2013-04-19,11051800.0,1567,7.043433017062217
2013-04-20,11055525.0,1568,7.04357937099336
2013-04-21,11059550.0,1569,7.043737456399714
2013-04-22,11063525.0,1570,7.043893521556492
2013-04-23,11067875.0,1571,7.044064245597502
2013-04-24,11071875.0,1572,7.044221174013272
2013-04-25,11076050.0,1573,7.044384907589524
2013-04-26,11080450.0,1574,7.044557398348037
2013-04-27,11084375.0,1575,7.044711210152037
2013-04-28,11088325.0,1576,7.0448659466723225
2013-04-29,11092725.0,1577,7.045038246517951
2013-04-30,11096825.0,1578,7.045198737144941
2013-05-01,11100675.0,1579,7.045349387783265
2013-05-02,11104225.0,1580,7.045488253116942
2013-05-03,11107750.0,1581,7.045626096605561
2013-05-04,11111200.0,1582,7.045760964902633
2013-05-05,11115200.0,1583,7.04591728153028
2013-05-06,11119350.0,1584,7.046079400585609
2013-05-07,11123500.0,1585,7.046241459145623
2013-05-08,11127725.0,1586,7.04640638437631
2013-05-09,11132025.0,1587,7.046574172989876
2013-05-10,11136175.0,1588,7.046736047063287
2013-05-11,11140425.0,1589,7.046901759207015
2013-05-12,11144775.0,1590,7.047071305006045
2013-05-13,11149025.0,1591,7.047236889300373
2013-05-14,11153400.0,1592,7.047407277801417
2013-05-15,11156775.0,1593,7.0475386746988065
2013-05-16,11160575.0,1594,7.04768657030892
2013-05-17,11164500.0,1595,7.047839278047553
2013-05-18,11168275.0,1596,7.047986099182392
2013-05-19,11172200.0,1597,7.048138701654721
2013-05-20,11175575.0,1598,7.0482698774776
2013-05-21,11178950.0,1599,7.048401013691638
2013-05-22,11183150.0,1600,7.04856415014532
2013-05-23,11187000.0,1601,7.04871363808097
2013-05-24,11191275.0,1602,7.048879567665151
2013-05-25,11195550.0,1603,7.049045433877327
2013-05-26,11199800.0,1604,7.049210267342332
2013-05-27,11203800.0,1605,7.0493653475924765
2013-05-28,11208050.0,1606,7.049530059704169
2013-05-29,11212275.0,1607,7.04969374102527
2013-05-30,11216475.0,1608,7.049856392697371
2013-05-31,11221000.0,1609,7.050031562368401
2013-06-01,11225600.0,1610,7.050209563013909
2013-06-02,11230975.0,1611,7.0504174605125085
2013-06-03,11235850.0,1612,7.050605932682698
2013-06-04,11241375.0,1613,7.050819435644994
2013-06-05,11246350.0,1614,7.0510115951526995
2013-06-06,11251025.0,1615,7.051192089697696
2013-06-07,11255250.0,1616,7.051355145930467
2013-06-08,11259350.0,1617,7.051513319506323
2013-06-09,11263700.0,1618,7.0516810748520475
2013-06-10,11267825.0,1619,7.051840093361258
2013-06-11,11271900.0,1620,7.051997127223299
2013-06-12,11277000.0,1621,7.0521935804334746
2013-06-13,11282025.0,1622,7.052387057749773
2013-06-14,11286475.0,1623,7.0525583239366725
2013-06-15,11291100.0,1624,7.052736253763671
2013-06-16,11295400.0,1625,7.052901615045387
2013-06-17,11299550.0,1626,7.053061148226047
2013-06-18,11303150.0,1627,7.053199491003509
2013-06-19,11306475.0,1628,7.05332722679415
2013-06-20,11309975.0,1629,7.0534616449454335
2013-06-21,11314150.0,1630,7.053621932203617
2013-06-22,11318600.0,1631,7.053792712198923
2013-06-23,11322850.0,1632,7.05395575401557
2013-06-24,11326725.0,1633,7.054104356462529
2013-06-25,11330725.0,1634,7.054257699221371
2013-06-26,11334550.0,1635,7.054404282610194
2013-06-27,11338900.0,1636,7.054570925182847
2013-06-28,11343050.0,1637,7.054729846450199
2013-06-29,11347325.0,1638,7.054893493717563
2013-06-30,11351350.0,1639,7.0550475146291785
2013-07-01,11355225.0,1640,7.0551957440414705
2013-07-02,11359300.0,1641,7.055351569446822
2013-07-03,11363350.0,1642,7.055506383490988
2013-07-04,11367800.0,1643,7.0556764242033285
2013-07-05,11371975.0,1644,7.055835896272187
2013-07-06,11376550.0,1645,7.056010579886311
2013-07-07,11381250.0,1646,7.056189963138995
2013-07-08,11386100.0,1647,7.056374993743707
2013-07-09,11390925.0,1648,7.05655899239204
2013-07-10,11395450.0,1649,7.056731479903235
2013-07-11,11400175.0,1650,7.05691151808656
2013-07-12,11404300.0,1651,7.057068633280608
2013-07-13,11408225.0,1652,7.057218078013998
2013-07-14,11412225.0,1653,7.0573703254889955
2013-07-15,11416425.0,1654,7.057530127916609
2013-07-16,11420575.0,1655,7.057687970200599
2013-07-17,11425025.0,1656,7.057857159057001
2013-07-18,11429225.0,1657,7.058016782483237
2013-07-19,11433375.0,1658,7.058174448026062
2013-07-20,11437625.0,1659,7.058335853436349
2013-07-21,11442700.0,1660,7.05852851193502
2013-07-22,11447225.0,1661,7.058700219142991
2013-07-23,11451150.0,1662,7.058849103582011
2013-07-24,11454825.0,1663,7.058988458683436
2013-07-25,11458700.0,1664,7.059135349319724
2013-07-26,11462275.0,1665,7.059270823729987
2013-07-27,11466725.0,1666,7.059439397193176
2013-07-28,11471325.0,1667,7.059613584157067
2013-07-29,11475250.0,1668,7.05976215585965
2013-07-30,11480175.0,1669,7.059948508354207
2013-07-31,11484825.0,1670,7.060124382020086
2013-08-01,11489700.0,1671,7.060308689258738
2013-08-02,11494125.0,1672,7.060475915828395
2013-08-03,11498700.0,1673,7.060648743419692
2013-08-04,11502950.0,1674,7.06080923204282
2013-08-05,11507700.0,1675,7.0609885315253065
2013-08-06,11512300.0,1676,7.0611620983926695
2013-08-07,11517275.0,1677,7.061349736686566
2013-08-08,11521925.0,1678,7.061525043934063
2013-08-09,11527125.0,1679,7.061721002669388
2013-08-10,11532125.0,1680,7.061909341183741
2013-08-11,11537400.0,1681,7.062107949818462
2013-08-12,11542775.0,1682,7.062310230163601
2013-08-13,11547825.0,1683,7.062500193799763
2013-08-14,11552150.0,1684,7.0626628194005425
2013-08-15,11556625.0,1685,7.06283102111879
2013-08-16,11560800.0,1686,7.06298788802604
2013-08-17,11564975.0,1687,7.063144698293514
2013-08-18,11569825.0,1688,7.063326790057271
2013-08-19,11574650.0,1689,7.063507867476875
2013-08-20,11579250.0,1690,7.063680430599549
2013-08-21,11583825.0,1691,7.063851987897579
2013-08-22,11589025.0,1692,7.064046899731368
2013-08-23,11594325.0,1693,7.0642454698943675
2013-08-24,11598950.0,1694,7.064418676309195
2013-08-25,11603225.0,1695,7.064578713799745
2013-08-26,11607125.0,1696,7.064724661490785
2013-08-27,11611500.0,1697,7.064888326512362
2013-08-28,11615700.0,1698,7.0650453869280705
2013-08-29,11620325.0,1699,7.065218274675035
2013-08-30,11624700.0,1700,7.065381753817842
2013-08-31,11630225.0,1701,7.065588116733023
2013-09-01,11635950.0,1702,7.065801846403592
2013-09-02,11641300.0,1703,7.066001481284783
2013-09-03,11646575.0,1704,7.066198227740285
2013-09-04,11651125.0,1705,7.066367861645588
2013-09-05,11655275.0,1706,7.066522524924253
2013-09-06,11659950.0,1707,7.06669668809275
2013-09-07,11664225.0,1708,7.066855888487271
2013-09-08,11668000.0,1709,7.066996420449695
2013-09-09,11672250.0,1710,7.067154580843734
2013-09-10,11676900.0,1711,7.067327560962287
2013-09-11,11682150.0,1712,7.067522778325012
2013-09-12,11687200.0,1713,7.067710476071654
2013-09-13,11692325.0,1714,7.067900878507581
2013-09-14,11697625.0,1715,7.068097694729376
2013-09-15,11702750.0,1716,7.068287927514564
2013-09-16,11707175.0,1717,7.068452110279378
2013-09-17,11711125.0,1718,7.068598616492023
2013-09-18,11715425.0,1719,7.068758048102154
2013-09-19,11719950.0,1720,7.068925758885961
2013-09-20,11724650.0,1721,7.069099887179239
2013-09-21,11729675.0,1722,7.069285979066765
2013-09-22,11734325.0,1723,7.069458112493913
2013-09-23,11739575.0,1724,7.069652374722857
2013-09-24,11745000.0,1725,7.069853021113625
2013-09-25,11750225.0,1726,7.070046182805445
2013-09-26,11754700.0,1727,7.07021154966622
2013-09-27,11758975.0,1728,7.070369467042435
2013-09-28,11763350.0,1729,7.070531018962175
2013-09-29,11767975.0,1730,7.070701737101053
2013-09-30,11772100.0,1731,7.070853942627687
2013-10-01,11776225.0,1732,7.071006094830119
2013-10-02,11780925.0,1733,7.071179391183203
2013-10-03,11785750.0,1734,7.071357224577559
2013-10-04,11790875.0,1735,7.071546035253795
2013-10-05,11795600.0,1736,7.07172003679107
2013-10-06,11800775.0,1737,7.071910529947742
2013-10-07,11805000.0,1738,7.072065991414746
2013-10-08,11809025.0,1739,7.072214042016588
2013-10-09,11813325.0,1740,7.072372152136269
2013-10-10,11817650.0,1741,7.07253112345719
2013-10-11,11822650.0,1742,7.072714832838365
2013-10-12,11827400.0,1743,7.072889284800773
2013-10-13,11832800.0,1744,7.073087524058514
2013-10-14,11838525.0,1745,7.0732975956077295
2013-10-15,11844800.0,1746,7.0735277320381265
2013-10-16,11851075.0,1747,7.073757746581809
2013-10-17,11855925.0,1748,7.073935443318353
2013-10-18,11860225.0,1749,7.074092928094984
2013-10-19,11865450.0,1750,7.074284213586725
2013-10-20,11870300.0,1751,7.074461695087544
2013-10-21,11875675.0,1752,7.074658303807978
2013-10-22,11881450.0,1753,7.074869444733691
2013-10-23,11887250.0,1754,7.075081396421838
2013-10-24,11892900.0,1755,7.075287767186441
2013-10-25,11898025.0,1756,7.07547487712472
2013-10-26,11903600.0,1757,7.075678324728058
2013-10-27,11908250.0,1758,7.075847943583083
2013-10-28,11912650.0,1759,7.076008382167864
2013-10-29,11916650.0,1760,7.076154184012142
2013-10-30,11921050.0,1761,7.076314509525265
2013-10-31,11926300.0,1762,7.076505729603539
2013-11-01,11931450.0,1763,7.076693225626135
2013-11-02,11936575.0,1764,7.07687973115007
2013-11-03,11941475.0,1765,7.0770579737612715
2013-11-04,11946375.0,1766,7.077236143248369
2013-11-05,11950975.0,1767,7.0774033379073105
2013-11-06,11955400.0,1768,7.077564111182586
2013-11-07,11959150.0,1769,7.077700313145031
2013-11-08,11962550.0,1770,7.077823766014051
2013-11-09,11966000.0,1771,7.077948998506027
2013-11-10,11970075.0,1772,7.078096871541256
2013-11-11,11974475.0,1773,7.078256481618864
2013-11-12,11979250.0,1774,7.07842962848254
2013-11-13,11983950.0,1775,7.078599988375301
2013-11-14,11988375.0,1776,7.0787603193489765
2013-11-15,11992525.0,1777,7.078910632483003
2013-11-16,11996950.0,1778,7.079070848836568
2013-11-17,12002125.0,1779,7.079258145553519
2013-11-18,12006275.0,1780,7.079408286514004
2013-11-19,12010250.0,1781,7.079552047576966
2013-11-20,12014425.0,1782,7.079702990678606
2013-11-21,12018125.0,1783,7.079836716778894
2013-11-22,12022175.0,1784,7.079983045457683
2013-11-23,12026475.0,1785,7.080138352827709
2013-11-24,12030700.0,1786,7.080290897272757
2013-11-25,12035000.0,1787,7.080446094611049
2013-11-26,12039225.0,1788,7.080598531020103
2013-11-27,12043625.0,1789,7.080757224508758
2013-11-28,12047625.0,1790,7.080901441014218
2013-11-29,12052100.0,1791,7.0810627264918615
2013-11-30,12056675.0,1792,7.0812275542177465
2013-12-01,12061400.0,1793,7.081397720489577
2013-12-02,12065825.0,1794,7.0815570221170105
2013-12-03,12069850.0,1795,7.081701872866439
2013-12-04,12074675.0,1796,7.0818754501808066
2013-12-05,12078975.0,1797,7.082030082403424
2013-12-06,12083675.0,1798,7.0821990360646065
2013-12-07,12088650.0,1799,7.082377803732009
2013-12-08,12093550.0,1800,7.082553804508651
2013-12-09,12098425.0,1801,7.082728836570145
2013-12-10,12102925.0,1802,7.0828903420391445
2013-12-11,12107275.0,1803,7.083046406922261
2013-12-12,12111500.0,1804,7.08319793351307
2013-12-13,12115900.0,1805,7.083355680175227
2013-12-14,12120175.0,1806,7.0835088905386545
2013-12-15,12125150.0,1807,7.083687119956308
2013-12-16,12129475.0,1808,7.083842003707687
2013-12-17,12134600.0,1809,7.084025464997915
2013-12-18,12139875.0,1810,7.084214214985555
2013-12-19,12145000.0,1811,7.08439751914115
2013-12-20,12150325.0,1812,7.084587894709549
2013-12-21,12154400.0,1813,7.084733524831292
2013-12-22,12158475.0,1814,7.084879106135875
2013-12-23,12162650.0,1815,7.085028209393208
2013-12-24,12167000.0,1816,7.085183508052778
2013-12-25,12171200.0,1817,7.085333398910944
2013-12-26,12175375.0,1818,7.0854823463074235
2013-12-27,12180200.0,1819,7.085654419510589
2013-12-28,12184250.0,1820,7.085798801400425
2013-12-29,12188125.0,1821,7.085936899647441
2013-12-30,12192075.0,1822,7.0860776255823
2013-12-31,12196975.0,1823,7.086252133649647
2014-01-01,12201775.0,1824,7.086423012365977
2014-01-02,12206200.0,1825,7.0865804816442335
2014-01-03,12209675.0,1826,7.086704103946101
2014-01-04,12213625.0,1827,7.086844581540731
2014-01-05,12217500.0,1828,7.08698234770021
2014-01-06,12222325.0,1829,7.0871538277253245
2014-01-07,12226975.0,1830,7.0873190242229915
2014-01-08,12231125.0,1831,7.087466404609628
2014-01-09,12236375.0,1832,7.087652778049087
2014-01-10,12241600.0,1833,7.087838184619884
2014-01-11,12245850.0,1834,7.0879889354384975
2014-01-12,12251450.0,1835,7.088187491943992
2014-01-13,12256225.0,1836,7.088356725147658
2014-01-14,12260650.0,1837,7.0885134949727915
2014-01-15,12264650.0,1838,7.088655159127197
2014-01-16,12269425.0,1839,7.08882421022672
2014-01-17,12273450.0,1840,7.0889666577032555
2014-01-18,12277550.0,1841,7.089111711460117
2014-01-19,12281650.0,1842,7.0892567167854
2014-01-20,12286675.0,1843,7.089434370720049
2014-01-21,12290800.0,1844,7.089580151745535
2014-01-22,12295550.0,1845,7.089747960209557
2014-01-23,12300150.0,1846,7.089910407681273
2014-01-24,12304650.0,1847,7.090069264911599
2014-01-25,12309150.0,1848,7.090228064056009
2014-01-26,12313025.0,1849,7.090364761251221
2014-01-27,12317075.0,1850,7.090507585898101
2014-01-28,12321350.0,1851,7.090658294308137
2014-01-29,12324950.0,1852,7.090785166101954
2014-01-30,12329300.0,1853,7.090938420085822
2014-01-31,12334375.0,1854,7.091117148075609
2014-02-01,12338300.0,1855,7.091255325703763
2014-02-02,12343000.0,1856,7.091420728992051
2014-02-03,12347500.0,1857,7.091579034833586
2014-02-04,12351950.0,1858,7.091735524995543
2014-02-05,12356250.0,1859,7.091886686657747
2014-02-06,12360675.0,1860,7.0920421876436475
2014-02-07,12364875.0,1861,7.09218973031441
2014-02-08,12369250.0,1862,7.092343367314154
2014-02-09,12373150.0,1863,7.092480277920517
2014-02-10,12376800.0,1864,7.0926083731183205
2014-02-11,12380750.0,1865,7.092746954134461
2014-02-12,12384950.0,1866,7.092894257609952
2014-02-13,12389600.0,1867,7.093057285343216
2014-02-14,12393925.0,1868,7.093208863752929
2014-02-15,12398950.0,1869,7.093384908669176
2014-02-16,12403650.0,1870,7.093549503033427
2014-02-17,12408100.0,1871,7.093705284908158
2014-02-18,12412625.0,1872,7.093863635041153
2014-02-19,12416625.0,1873,7.094003564998171
2014-02-20,12421125.0,1874,7.094160932327333
2014-02-21,12425375.0,1875,7.094309504686908
2014-02-22,12429550.0,1876,7.0944554057088585
2014-02-23,12433875.0,1877,7.094606497012906
2014-02-24,12438450.0,1878,7.094766264728801
2014-02-25,12442625.0,1879,7.094912012408831
2014-02-26,12446975.0,1880,7.0950638172602964
2014-02-27,12451750.0,1881,7.09523039255092
2014-02-28,12456325.0,1882,7.095389930955799
2014-03-01,12460350.0,1883,7.095530241435015
2014-03-02,12463925.0,1884,7.095654827027451
2014-03-03,12467550.0,1885,7.095781118593273
2014-03-04,12471175.0,1886,7.095907373444552
2014-03-05,12475050.0,1887,7.096042294951185
2014-03-06,12479200.0,1888,7.096186745064213
2014-03-07,12483375.0,1889,7.0963320168944515
2014-03-08,12487250.0,1890,7.096466806562782
2014-03-09,12491900.0,1891,7.096628498963379
2014-03-10,12496025.0,1892,7.096771885399357
2014-03-11,12500025.0,1893,7.096910881596152
2014-03-12,12504400.0,1894,7.097062857766587
2014-03-13,12508475.0,1895,7.09720436489277
2014-03-14,12512550.0,1896,7.097345825926393
2014-03-15,12516200.0,1897,7.097472494247438
2014-03-16,12520275.0,1898,7.097613867985505
2014-03-17,12524300.0,1899,7.097753461913908
2014-03-18,12528275.0,1900,7.097891277733643
2014-03-19,12531975.0,1901,7.09801951983775
2014-03-20,12536075.0,1902,7.098161581736595
2014-03-21,12540575.0,1903,7.098317449860092
2014-03-22,12545300.0,1904,7.098481051205571
2014-03-23,12549850.0,1905,7.098638535015336
2014-03-24,12555075.0,1906,7.098819311392936
2014-03-25,12559550.0,1907,7.098974079208667
2014-03-26,12563075.0,1908,7.099095952465046
2014-03-27,12567525.0,1909,7.099249757823029
2014-03-28,12571725.0,1910,7.099394872481658
2014-03-29,12576225.0,1911,7.099550298684543
2014-03-30,12580250.0,1912,7.099689271676949
2014-03-31,12584075.0,1913,7.099821297980542
2014-04-01,12588600.0,1914,7.099977434152147
2014-04-02,12593025.0,1915,7.100130065533339
2014-04-03,12598100.0,1916,7.100305051328969
2014-04-04,12603200.0,1917,7.100480828125241
2014-04-05,12607650.0,1918,7.100634143897183
2014-04-06,12611725.0,1919,7.100774492341914
2014-04-07,12615650.0,1920,7.100909631717709
2014-04-08,12619200.0,1921,7.10103182348195
2014-04-09,12622825.0,1922,7.101156561295792
2014-04-10,12626600.0,1923,7.101286422604032
2014-04-11,12630750.0,1924,7.101429139248186
2014-04-12,12634925.0,1925,7.1015726683229845
2014-04-13,12639300.0,1926,7.101723022161909
2014-04-14,12643975.0,1927,7.101883628469916
2014-04-15,12648650.0,1928,7.102044175406109
2014-04-16,12652950.0,1929,7.10219179186437
2014-04-17,12657000.0,1930,7.102330780101544
2014-04-18,12661100.0,1931,7.102471438949669
2014-04-19,12664900.0,1932,7.102601765021186
2014-04-20,12669200.0,1933,7.102749192108797
2014-04-21,12673600.0,1934,7.102899995945751
2014-04-22,12677675.0,1935,7.103039614172368
2014-04-23,12681775.0,1936,7.10318004366838
2014-04-24,12685550.0,1937,7.103309301418756
2014-04-25,12689875.0,1938,7.103457344153207
2014-04-26,12694100.0,1939,7.103601915222394
2014-04-27,12698550.0,1940,7.103754133322061
2014-04-28,12702525.0,1941,7.103890058323634
2014-04-29,12706500.0,1942,7.104025940796861
2014-04-30,12710475.0,1943,7.104161780768347
2014-05-01,12714125.0,1944,7.10428647691852
2014-05-02,12718375.0,1945,7.104431625965233
2014-05-03,12722400.0,1946,7.104569045938033
2014-05-04,12726100.0,1947,7.1046953315418495
2014-05-05,12729550.0,1948,7.104813051260005
2014-05-06,12733375.0,1949,7.104943529310408
2014-05-07,12737850.0,1950,7.105096130359358
2014-05-08,12741850.0,1951,7.105232488161207
2014-05-09,12746250.0,1952,7.105382432310779
2014-05-10,12750375.0,1953,7.1055229579492485
2014-05-11,12754575.0,1954,7.105665991896815
2014-05-12,12758500.0,1955,7.1057996179575635
2014-05-13,12762550.0,1956,7.105937456539163
2014-05-14,12766575.0,1957,7.106074400935349
2014-05-15,12770650.0,1958,7.106213002528027
2014-05-16,12774850.0,1959,7.106355809428688
2014-05-17,12779250.0,1960,7.106505366309131
2014-05-18,12783725.0,1961,7.106657419646145
2014-05-19,12788050.0,1962,7.106804325651077
2014-05-20,12792175.0,1963,7.106944392030742
2014-05-21,12796600.0,1964,7.107094594852219
2014-05-22,12801000.0,1965,7.107243897578974
2014-05-23,12805300.0,1966,7.107389757487648
2014-05-24,12809200.0,1967,7.107522006681855
2014-05-25,12813100.0,1968,7.1076542156164555
2014-05-26,12817200.0,1969,7.107793161113855
2014-05-27,12820725.0,1970,7.107912584823719
2014-05-28,12824575.0,1971,7.108042981720451
2014-05-29,12828375.0,1972,7.108171646770147
2014-05-30,12832425.0,1973,7.108308734675927
2014-05-31,12836100.0,1974,7.108433091820087
2014-06-01,12840400.0,1975,7.108578552945213
2014-06-02,12844850.0,1976,7.108729037013991
2014-06-03,12849350.0,1977,7.108881158908313
2014-06-04,12853925.0,1978,7.109035761563088
2014-06-05,12858250.0,1979,7.109181865395373
2014-06-06,12861750.0,1980,7.109300063738766
2014-06-07,12865600.0,1981,7.109430044772011
2014-06-08,12869025.0,1982,7.109545644560956
2014-06-09,12872750.0,1983,7.109671334957705
2014-06-10,12876900.0,1984,7.109811323044184
2014-06-11,12880600.0,1985,7.109936093661992
2014-06-12,12884625.0,1986,7.110071783166266
2014-06-13,12888825.0,1987,7.110213327029438
2014-06-14,12893075.0,1988,7.110356508995454
2014-06-15,12897650.0,1989,7.11051058743067
2014-06-16,12902450.0,1990,7.110672184752943
2014-06-17,12907275.0,1991,7.110834563150977
2014-06-18,12911350.0,1992,7.110971654109806
2014-06-19,12915525.0,1993,7.1111120643977515
2014-06-20,12920000.0,1994,7.1112625136590655
2014-06-21,12924575.0,1995,7.1114162710549955
2014-06-22,12929100.0,1996,7.1115682945139955
2014-06-23,12933175.0,1997,7.111705154092544
2014-06-24,12938200.0,1998,7.111873860224244
2014-06-25,12942750.0,1999,7.1120265624946795
2014-06-26,12947350.0,2000,7.112180888251458
2014-06-27,12951750.0,2001,7.112328452895693
2014-06-28,12956550.0,2002,7.112489375344251
2014-06-29,12960800.0,2003,7.112631809008544
2014-06-30,12964500.0,2004,7.112755772055757
2014-07-01,12967825.0,2005,7.112867141102708
2014-07-02,12971200.0,2006,7.112980155673201
2014-07-03,12974700.0,2007,7.113097324913496
2014-07-04,12978350.0,2008,7.113219482029472
2014-07-05,12982550.0,2009,7.113360003878862
2014-07-06,12986125.0,2010,7.113479578927078
2014-07-07,12989750.0,2011,7.113600792746217
2014-07-08,12993525.0,2012,7.113726986359664
2014-07-09,12997375.0,2013,7.113855649373839
2014-07-10,13001075.0,2014,7.113979263634988
2014-07-11,13005125.0,2015,7.11411453081481
2014-07-12,13009075.0,2016,7.114246417493369
2014-07-13,13013075.0,2017,7.114379932820988
2014-07-14,13016800.0,2018,7.114504232069919
2014-07-15,13020550.0,2019,7.114629329617742
2014-07-16,13024400.0,2020,7.114757725622917
2014-07-17,13028225.0,2021,7.1148852503084505
2014-07-18,13032175.0,2022,7.115016903177682
2014-07-19,13036850.0,2023,7.115172668629183
2014-07-20,13040875.0,2024,7.115306732110835
2014-07-21,13044900.0,2025,7.115440754220858
2014-07-22,13048625.0,2026,7.11556475026632
2014-07-23,13052150.0,2027,7.1156820562128305
2014-07-24,13055825.0,2028,7.115804320174822
2014-07-25,13059675.0,2029,7.1159323693232155
2014-07-26,13063425.0,2030,7.116057056233906
2014-07-27,13066900.0,2031,7.116172567490158
2014-07-28,13070800.0,2032,7.11630216944381
2014-07-29,13074400.0,2033,7.116421767698537
2014-07-30,13078375.0,2034,7.116553785855604
2014-07-31,13082500.0,2035,7.116690743411703
2014-08-01,13086375.0,2036,7.116819361178395
2014-08-02,13090300.0,2037,7.116949599709778
2014-08-03,13094575.0,2038,7.117091407446239
2014-08-04,13097975.0,2039,7.117204157159174
2014-08-05,13101225.0,2040,7.117311905263958
2014-08-06,13104975.0,2041,7.117436196791783
2014-08-07,13109075.0,2042,7.117572048168455
2014-08-08,13112650.0,2043,7.117690469270227
2014-08-09,13117050.0,2044,7.117836174004806
2014-08-10,13121500.0,2045,7.117983484771826
2014-08-11,13126175.0,2046,7.118138190034244
2014-08-12,13130600.0,2047,7.118284571537732
2014-08-13,13134400.0,2048,7.118410238321874
2014-08-14,13138375.0,2049,7.118541653490522
2014-08-15,13143000.0,2050,7.118694507897838
2014-08-16,13146900.0,2051,7.118823359547471
2014-08-17,13150650.0,2052,7.1189472193228625
2014-08-18,13155400.0,2053,7.119104057678409
2014-08-19,13160575.0,2054,7.119274864496155
2014-08-20,13164825.0,2055,7.1194150904045275
2014-08-21,13169025.0,2056,7.119553622130003
2014-08-22,13173125.0,2057,7.119688812871091
2014-08-23,13177225.0,2058,7.119823961541995
2014-08-24,13180950.0,2059,7.119946712601646
2014-08-25,13184550.0,2060,7.12006531153924
2014-08-26,13188425.0,2061,7.1201929339352334
2014-08-27,13192625.0,2062,7.12033121780486
2014-08-28,13196800.0,2063,7.120468634931385
2014-08-29,13201100.0,2064,7.120610120904792
2014-08-30,13205450.0,2065,7.120753205178456
2014-08-31,13210200.0,2066,7.120909392802934
2014-09-01,13214400.0,2067,7.121047448768918
2014-09-02,13217850.0,2068,7.121160819062485
2014-09-03,13221750.0,2069,7.121288941159015
2014-09-04,13225775.0,2070,7.121421130110772
2014-09-05,13229950.0,2071,7.121558202859827
2014-09-06,13233600.0,2072,7.121678003481361
2014-09-07,13237800.0,2073,7.1218158153718765
2014-09-08,13241625.0,2074,7.121941284592212
2014-09-09,13245225.0,2075,7.122059340166542
2014-09-10,13249125.0,2076,7.122187197501533
2014-09-11,13253100.0,2077,7.122317474908695
2014-09-12,13257075.0,2078,7.1224477132476345
2014-09-13,13261200.0,2079,7.1225828249585055
2014-09-14,13265500.0,2080,7.122723623948847
2014-09-15,13269475.0,2081,7.122853740565009
2014-09-16,13273500.0,2082,7.122985454158008
2014-09-17,13278225.0,2083,7.123140023508862
2014-09-18,13282725.0,2084,7.123287181286522
2014-09-19,13286875.0,2085,7.123422849276597
2014-09-20,13291200.0,2086,7.123564193121162
2014-09-21,13295575.0,2087,7.123707124211937
2014-09-22,13299700.0,2088,7.123841844740468
2014-09-23,13303550.0,2089,7.123967546206793
2014-09-24,13307575.0,2090,7.1240989224866755
2014-09-25,13311875.0,2091,7.124239230891877
2014-09-26,13315400.0,2092,7.124354217352764
2014-09-27,13319075.0,2093,7.124474064448013
2014-09-28,13322100.0,2094,7.124572689288202
2014-09-29,13325600.0,2095,7.124686772732207
2014-09-30,13329100.0,2096,7.124800826215862
2014-10-01,13333050.0,2097,7.124929507752503
2014-10-02,13336675.0,2098,7.12504756802546
2014-10-03,13340175.0,2099,7.1251615268096025
2014-10-04,13343850.0,2100,7.125281151358829
2014-10-05,13347900.0,2101,7.125412944340946
2014-10-06,13352125.0,2102,7.125550389470781
2014-10-07,13355650.0,2103,7.125665029350561
2014-10-08,13359300.0,2104,7.125783702592981
2014-10-09,13362925.0,2105,7.125901530918022
2014-10-10,13366825.0,2106,7.126028262256059
2014-10-11,13370450.0,2107,7.126146024257351
2014-10-12,13374050.0,2108,7.126262942513014
2014-10-13,13377900.0,2109,7.126387945271084
2014-10-14,13381650.0,2110,7.126509666624231
2014-10-15,13385000.0,2111,7.126618375522951
2014-10-16,13388725.0,2112,7.12673922138624
2014-10-17,13392225.0,2113,7.126852737202169
2014-10-18,13396225.0,2114,7.126982433242106
2014-10-19,13399950.0,2115,7.127103177859986
2014-10-20,13403300.0,2116,7.1272117383160465
2014-10-21,13406875.0,2117,7.127327560221872
2014-10-22,13410800.0,2118,7.1274546857727366
2014-10-23,13414750.0,2119,7.127582583483383
2014-10-24,13418275.0,2120,7.127696688252228
2014-10-25,13422550.0,2121,7.1278350304176294
2014-10-26,13425900.0,2122,7.127943408109595
2014-10-27,13430225.0,2123,7.128083288576376
2014-10-28,13433300.0,2124,7.128182713766309
2014-10-29,13437050.0,2125,7.128303933200943
2014-10-30,13440625.0,2126,7.128419464234186
2014-10-31,13445500.0,2127,7.128576957039303
2014-11-01,13449750.0,2128,7.128714211875264
2014-11-02,13453725.0,2129,7.128842546269102
2014-11-03,13457650.0,2130,7.128969229194338
2014-11-04,13462000.0,2131,7.129109586220727
2014-11-05,13465750.0,2132,7.129230547260374
2014-11-06,13469225.0,2133,7.12934260775666
2014-11-07,13473075.0,2134,7.129466727357935
2014-11-08,13477050.0,2135,7.129594839608107
2014-11-09,13480625.0,2136,7.129710027789721
2014-11-10,13484475.0,2137,7.129834042443232
2014-11-11,13487825.0,2138,7.1299419224921605
2014-11-12,13491275.0,2139,7.130052994838587
2014-11-13,13495075.0,2140,7.130175302526891
2014-11-14,13498750.0,2141,7.130293554181176
2014-11-15,13502400.0,2142,7.1304109695407885
2014-11-16,13506050.0,2143,7.130528353164698
2014-11-17,13509675.0,2144,7.1306449013977256
2014-11-18,13513550.0,2145,7.130769452862542
2014-11-19,13517075.0,2146,7.130882723499635
2014-11-20,13520500.0,2147,7.130992752495096
2014-11-21,13523775.0,2148,7.13109793663741
2014-11-22,13527275.0,2149,7.131210319017772
2014-11-23,13531025.0,2150,7.131330696448546
2014-11-24,13534850.0,2151,7.131453447063802
2014-11-25,13538300.0,2152,7.131564133553603
2014-11-26,13541600.0,2153,7.131669981196864
2014-11-27,13545025.0,2154,7.131779810945564
2014-11-28,13548650.0,2155,7.131896023862881
2014-11-29,13552325.0,2156,7.132013807981775
2014-11-30,13556525.0,2157,7.132148379299894
2014-12-01,13560250.0,2158,7.1322676963614
2014-12-02,13563600.0,2159,7.132374973648495
2014-12-03,13567100.0,2160,7.132487026097941
2014-12-04,13570175.0,2161,7.132585448326227
2014-12-05,13573950.0,2162,7.132706245123306
2014-12-06,13577650.0,2163,7.132824609388616
2014-12-07,13581100.0,2164,7.132934947012448
2014-12-08,13584550.0,2165,7.133045256610829
2014-12-09,13588275.0,2166,7.133164327554334
2014-12-10,13591900.0,2167,7.1332801706279145
2014-12-11,13595425.0,2168,7.133392788405301
2014-12-12,13599125.0,2169,7.133510965730754
2014-12-13,13602650.0,2170,7.133623523683849
2014-12-14,13606200.0,2171,7.133736850444775
2014-12-15,13609875.0,2172,7.133854136440695
2014-12-16,13613475.0,2173,7.133968998141695
2014-12-17,13616775.0,2174,7.134074261354283
2014-12-18,13620075.0,2175,7.13417949905962
2014-12-19,13623250.0,2176,7.134280726423481
2014-12-20,13626575.0,2177,7.134386710895638
2014-12-21,13629975.0,2178,7.134495059255657
2014-12-22,13633575.0,2179,7.1346097515935165
2014-12-23,13637775.0,2180,7.134743521050358
2014-12-24,13641350.0,2181,7.1348573518848655
2014-12-25,13645225.0,2182,7.134980701270319
2014-12-26,13649150.0,2183,7.135105606555984
2014-12-27,13652950.0,2184,7.135226499750419
2014-12-28,13657050.0,2185,7.135356899412754
2014-12-29,13661125.0,2186,7.135486465170853
2014-12-30,13665050.0,2187,7.135611225101813
2014-12-31,13668725.0,2188,7.135728006060946
2015-01-01,13672775.0,2189,7.1358566670828045
2015-01-02,13677125.0,2190,7.135994816108008
2015-01-03,13681075.0,2191,7.136120223716362
2015-01-04,13685075.0,2192,7.1362471818701385
2015-01-05,13689375.0,2193,7.1363836205045255
2015-01-06,13693175.0,2194,7.13650415851445
2015-01-07,13697075.0,2195,7.136627833799697
2015-01-08,13700725.0,2196,7.136743549285489
2015-01-09,13704300.0,2197,7.136856857175674
2015-01-10,13707875.0,2198,7.1369701355114215
2015-01-11,13711750.0,2199,7.1370928863607555
2015-01-12,13715450.0,2200,7.137210061252308
2015-01-13,13718850.0,2201,7.137317707610774
2015-01-14,13722075.0,2202,7.13741978869664
2015-01-15,13725750.0,2203,7.137536084412641
2015-01-16,13729400.0,2204,7.1376515581848325
2015-01-17,13732925.0,2205,7.137763048239452
2015-01-18,13736525.0,2206,7.137876880889454
2015-01-19,13740375.0,2207,7.137998585577121
2015-01-20,13743475.0,2208,7.138096556778361
2015-01-21,13746900.0,2209,7.138204773462071
2015-01-22,13750500.0,2210,7.138318490405767
2015-01-23,13753650.0,2211,7.138417968311753
2015-01-24,13756850.0,2212,7.138519001906079
2015-01-25,13759975.0,2213,7.138617644846302
2015-01-26,13763050.0,2214,7.138714687634106
2015-01-27,13766425.0,2215,7.138821173056278
2015-01-28,13770175.0,2216,7.138939459578013
2015-01-29,13774500.0,2217,7.139075843372678
2015-01-30,13778125.0,2218,7.1391901205064165
2015-01-31,13782000.0,2219,7.13931224557867
2015-02-01,13785975.0,2220,7.13943748659311
2015-02-02,13790075.0,2221,7.139566628177124
2015-02-03,13793575.0,2222,7.139676840617813
2015-02-04,13797075.0,2223,7.1397870250966005
2015-02-05,13800975.0,2224,7.1399097691666125
2015-02-06,13805325.0,2225,7.140046635100251
2015-02-07,13809500.0,2226,7.1401779543808015
2015-02-08,13813050.0,2227,7.140289583858837
2015-02-09,13816825.0,2228,7.140408256974758
2015-02-10,13820625.0,2229,7.140527683263481
2015-02-11,13824475.0,2230,7.14064864746807
2015-02-12,13827825.0,2231,7.140753874629752
2015-02-13,13831150.0,2232,7.140858291308915
2015-02-14,13835050.0,2233,7.140980733024123
2015-02-15,13838775.0,2234,7.141097648337049
2015-02-16,13842475.0,2235,7.141213747833467
2015-02-17,13846300.0,2236,7.141333736991806
2015-02-18,13850225.0,2237,7.1414568286686775
2015-02-19,13854450.0,2238,7.141589289648658
2015-02-20,13858500.0,2239,7.141716226164924
2015-02-21,13862225.0,2240,7.1418329436717585
2015-02-22,13865950.0,2241,7.141949629818959
2015-02-23,13869575.0,2242,7.14206315336004
2015-02-24,13873025.0,2243,7.142171168900782
2015-02-25,13876500.0,2244,7.142279940011819
2015-02-26,13880275.0,2245,7.142398070571244
2015-02-27,13884075.0,2246,7.142516951009037
2015-02-28,13887950.0,2247,7.1426381442694
2015-03-01,13891425.0,2248,7.14274679850172
2015-03-02,13894950.0,2249,7.142856988338064
2015-03-03,13899125.0,2250,7.142987460712164
2015-03-04,13902800.0,2251,7.143102275224489
2015-03-05,13906050.0,2252,7.143203786583111
2015-03-06,13909750.0,2253,7.143319324485493
2015-03-07,13913275.0,2254,7.143429369173797
2015-03-08,13916975.0,2255,7.143544847086679
2015-03-09,13920750.0,2256,7.143662634131363
2015-03-10,13924425.0,2257,7.143777270310181
2015-03-11,13928275.0,2258,7.143897332908492
2015-03-12,13931875.0,2259,7.1440095692132894
2015-03-13,13935275.0,2260,7.144115543541184
2015-03-14,13938775.0,2261,7.144224607756442
2015-03-15,13942150.0,2262,7.144329750888069
2015-03-16,13945825.0,2263,7.144444211133407
2015-03-17,13948900.0,2264,7.144539960816349
2015-03-18,13952500.0,2265,7.144652031188698
2015-03-19,13956050.0,2266,7.14476251671511
2015-03-20,13959650.0,2267,7.144874529678677
2015-03-21,13963125.0,2268,7.144982625907107
2015-03-22,13966825.0,2269,7.145097691604858
2015-03-23,13970175.0,2270,7.145201846419
2015-03-24,13974350.0,2271,7.145331616345341
2015-03-25,13978675.0,2272,7.145466007785925
2015-03-26,13982450.0,2273,7.1455832750045465
2015-03-27,13986525.0,2274,7.14570982594367
2015-03-28,13990550.0,2275,7.145834787920697
2015-03-29,13994200.0,2276,7.145948076398739
2015-03-30,13997875.0,2277,7.146062110976752
2015-03-31,14001575.0,2278,7.146176891059389
2015-04-01,14004900.0,2279,7.146280012152572
2015-04-02,14008800.0,2280,7.146400935021766
2015-04-03,14012625.0,2281,7.146519499755972
2015-04-04,14016350.0,2282,7.146634933656399
2015-04-05,14020100.0,2283,7.14675111129778
2015-04-06,14023675.0,2284,7.146861838386498
2015-04-07,14027075.0,2285,7.146967119082787
2015-04-08,14030600.0,2286,7.147076243452982
2015-04-09,14033650.0,2287,7.1471706409996845
2015-04-10,14037200.0,2288,7.147280487721033
2015-04-11,14041075.0,2289,7.147400359125387
2015-04-12,14044275.0,2290,7.147499324767483
2015-04-13,14047750.0,2291,7.1476067697332555
2015-04-14,14051725.0,2292,7.147729641820872
2015-04-15,14055200.0,2293,7.147837029828084
2015-04-16,14058325.0,2294,7.1479335791054535
2015-04-17,14061700.0,2295,7.1480378282221215
2015-04-18,14064975.0,2296,7.148138964558689
2015-04-19,14068575.0,2297,7.148250110158401
2015-04-20,14072450.0,2298,7.148369714268628
2015-04-21,14076200.0,2299,7.148485428828067
2015-04-22,14079750.0,2300,7.148594943542998
2015-04-23,14083550.0,2301,7.148712139968222
2015-04-24,14086925.0,2302,7.148816202387008
2015-04-25,14090300.0,2303,7.1489202398771035
2015-04-26,14094275.0,2304,7.149042740966938
2015-04-27,14097475.0,2305,7.149141333097477
2015-04-28,14101400.0,2306,7.149262231952661
2015-04-29,14104900.0,2307,7.1493700114696095
2015-04-30,14108050.0,2308,7.149466990170787
2015-05-01,14111525.0,2309,7.149573949494748
2015-05-02,14115325.0,2310,7.149690882063646
2015-05-03,14118925.0,2311,7.1498016312525445
2015-05-04,14122200.0,2312,7.1499023577239305
2015-05-05,14125750.0,2313,7.150011515763284
2015-05-06,14129750.0,2314,7.150134477872552
2015-05-07,14133475.0,2315,7.150248955038866
2015-05-08,14137250.0,2316,7.1503649380339205
2015-05-09,14140625.0,2317,7.150468605221316
2015-05-10,14143850.0,2318,7.150567641863163
2015-05-11,14147350.0,2319,7.150675097940984
2015-05-12,14151350.0,2320,7.15079787233975
2015-05-13,14155025.0,2321,7.150910640734146
2015-05-14,14159050.0,2322,7.151034115387755
2015-05-15,14162950.0,2323,7.1511537219473285
2015-05-16,14166600.0,2324,7.151265631587102
2015-05-17,14170350.0,2325,7.151380577219334
2015-05-18,14174200.0,2326,7.151498556426315
2015-05-19,14177625.0,2327,7.151603485023169
2015-05-20,14181125.0,2328,7.151710685142665
2015-05-21,14184775.0,2329,7.151822451373787
2015-05-22,14188550.0,2330,7.1519380149659195
2015-05-23,14191725.0,2331,7.15203518703249
2015-05-24,14194700.0,2332,7.152126218297497
2015-05-25,14198375.0,2333,7.152238642346664
2015-05-26,14201875.0,2334,7.152345685819476
2015-05-27,14205350.0,2335,7.152451938600741
2015-05-28,14208850.0,2336,7.152558929520376
2015-05-29,14212375.0,2337,7.1526666580265585
2015-05-30,14216025.0,2338,7.15277817853898
2015-05-31,14219600.0,2339,7.152887379780801
2015-06-01,14223100.0,2340,7.152994263493975
2015-06-02,14226450.0,2341,7.153096541844325
2015-06-03,14230175.0,2342,7.153210240988501
2015-06-04,14233675.0,2343,7.15331704528197
2015-06-05,14237025.0,2344,7.153419247652905
2015-06-06,14241250.0,2345,7.1535481103877085
2015-06-07,14245350.0,2346,7.1536731240705
2015-06-08,14248950.0,2347,7.153782862519465
2015-06-09,14252700.0,2348,7.153897143925386
2015-06-10,14257025.0,2349,7.15402891114858
2015-06-11,14260650.0,2350,7.154139321096473
2015-06-12,14264225.0,2351,7.1542481806641955
2015-06-13,14267900.0,2352,7.15436005681992
2015-06-14,14271850.0,2353,7.154480272534106
2015-06-15,14275550.0,2354,7.154592849482762
2015-06-16,14278975.0,2355,7.1546970332230035
2015-06-17,14282125.0,2356,7.15479282978711
2015-06-18,14286050.0,2357,7.1549121657861505
2015-06-19,14289900.0,2358,7.155029189630708
2015-06-20,14293450.0,2359,7.155137066798267
2015-06-21,14296850.0,2360,7.155240360659852
2015-06-22,14300075.0,2361,7.15533831522735
2015-06-23,14303750.0,2362,7.155449910947837
2015-06-24,14307450.0,2363,7.155562236861606
2015-06-25,14311175.0,2364,7.155675292394792
2015-06-26,14315125.0,2365,7.155795144643557
2015-06-27,14318750.0,2366,7.1559051065334724
2015-06-28,14322075.0,2367,7.156005943653829
2015-06-29,14325575.0,2368,7.156112062703331
2015-06-30,14329075.0,2369,7.1562181558291735
2015-07-01,14332700.0,2370,7.156328010679775
2015-07-02,14336200.0,2371,7.156434051071573
2015-07-03,14340050.0,2372,7.156550665605578
2015-07-04,14344025.0,2373,7.1566710334805475
2015-07-05,14347950.0,2374,7.156789854569169
2015-07-06,14351825.0,2375,7.156907130131615
2015-07-07,14355575.0,2376,7.157020592466512
2015-07-08,14359550.0,2377,7.157140830186291
2015-07-09,14363150.0,2378,7.15724969600622
2015-07-10,14366575.0,2379,7.157353244411753
2015-07-11,14370625.0,2380,7.15747565666231
2015-07-12,14374050.0,2381,7.157579151212696
2015-07-13,14377425.0,2382,7.1576811107735985
2015-07-14,14381175.0,2383,7.157794371107299
2015-07-15,14385000.0,2384,7.157909866226345
2015-07-16,14388550.0,2385,7.158017030300196
2015-07-17,14392000.0,2386,7.158121150337495
2015-07-18,14395650.0,2387,7.158231279150888
2015-07-19,14399375.0,2388,7.158343642099288
2015-07-20,14403375.0,2389,7.158464267938055
2015-07-21,14407050.0,2390,7.158575063403908
2015-07-22,14410475.0,2391,7.158678296322594
2015-07-23,14413950.0,2392,7.158783011218515
2015-07-24,14417750.0,2393,7.158897490700528
2015-07-25,14421900.0,2394,7.1590224798812105
2015-07-26,14425675.0,2395,7.159136143624423
2015-07-27,14429300.0,2396,7.159245262936096
2015-07-28,14432950.0,2397,7.1593551071005255
2015-07-29,14436450.0,2398,7.159460411034387
2015-07-30,14439900.0,2399,7.159564185643692
2015-07-31,14443425.0,2400,7.159670190617587
2015-08-01,14447550.0,2401,7.1597942061449285
2015-08-02,14451250.0,2402,7.159905414194523
2015-08-03,14455250.0,2403,7.160025607088073
2015-08-04,14458775.0,2404,7.1601314995092284
2015-08-05,14462425.0,2405,7.160241119778607
2015-08-06,14465675.0,2406,7.160338703586193
2015-08-07,14468975.0,2407,7.16043776625303
2015-08-08,14472750.0,2408,7.160551060237993
2015-08-09,14476725.0,2409,7.160670324616806
2015-08-10,14480550.0,2410,7.16078505753991
2015-08-11,14484600.0,2411,7.160906506430261
2015-08-12,14488400.0,2412,7.161020427601054
2015-08-13,14491700.0,2413,7.161119334906169
2015-08-14,14495200.0,2414,7.161224211984714
2015-08-15,14498625.0,2415,7.161326817184783
2015-08-16,14502175.0,2416,7.161433141521936
2015-08-17,14505750.0,2417,7.161540188322468
2015-08-18,14509375.0,2418,7.161648705346268
2015-08-19,14513175.0,2419,7.161762432020228
2015-08-20,14516575.0,2420,7.161864162227703
2015-08-21,14520675.0,2421,7.161986805204406
2015-08-22,14524800.0,2422,7.162110161062755
2015-08-23,14528350.0,2423,7.162216293817271
2015-08-24,14531950.0,2424,7.162323894918625
2015-08-25,14535625.0,2425,7.162433710218285
2015-08-26,14539325.0,2426,7.16254424451614
2015-08-27,14543050.0,2427,7.1626554972562575
2015-08-28,14546650.0,2428,7.162762989608728
2015-08-29,14550625.0,2429,7.162881648182516
2015-08-30,14554500.0,2430,7.162997290436403
2015-08-31,14558475.0,2431,7.1631158850201775
2015-09-01,14562225.0,2432,7.16322773702347
2015-09-02,14566325.0,2433,7.1633499955902415
2015-09-03,14570050.0,2434,7.163461042139711
2015-09-04,14573750.0,2435,7.163571315308733
2015-09-05,14577625.0,2436,7.163686774090852
2015-09-06,14581300.0,2437,7.1637962453576725
2015-09-07,14585000.0,2438,7.163906433457751
2015-09-08,14588575.0,2439,7.164012872437587
2015-09-09,14591850.0,2440,7.164110356585553
2015-09-10,14595875.0,2441,7.164230135383026
2015-09-11,14600325.0,2442,7.16436252319099
2015-09-12,14603750.0,2443,7.16446438970156
2015-09-13,14607450.0,2444,7.164574408433528
2015-09-14,14611200.0,2445,7.164685885474123
2015-09-15,14615175.0,2446,7.1648040199041505
2015-09-16,14618975.0,2447,7.1649169234119
2015-09-17,14622475.0,2448,7.16502088752407
2015-09-18,14626150.0,2449,7.165130023063221
2015-09-19,14629450.0,2450,7.165227998958185
2015-09-20,14632850.0,2451,7.165328920706997
2015-09-21,14636175.0,2452,7.165427593563953
2015-09-22,14639525.0,2453,7.165526985655054
2015-09-23,14643550.0,2454,7.165646374435138
2015-09-24,14647225.0,2455,7.165755352926104
2015-09-25,14651125.0,2456,7.16587097366853
2015-09-26,14654950.0,2457,7.1659843410439095
2015-09-27,14658625.0,2458,7.166093234771771
2015-09-28,14662125.0,2459,7.166196917705794
2015-09-29,14666025.0,2460,7.166312420967296
2015-09-30,14670200.0,2461,7.1664360346547555
2015-10-01,14673850.0,2462,7.166544075287669
2015-10-02,14677550.0,2463,7.166653568503771
2015-10-03,14681050.0,2464,7.166757117766601
2015-10-04,14684825.0,2465,7.166868775374502
2015-10-05,14688650.0,2466,7.16698188261855
2015-10-06,14692325.0,2467,7.167090526544037
2015-10-07,14695750.0,2468,7.167191755264002
2015-10-08,14699275.0,2469,7.16729591493429
2015-10-09,14702725.0,2470,7.167397834257427
2015-10-10,14706075.0,2471,7.167496776514212
2015-10-11,14709825.0,2472,7.167607506039126
2015-10-12,14713500.0,2473,7.167715993589686
2015-10-13,14716875.0,2474,7.167815601147038
2015-10-14,14720425.0,2475,7.167920348893484
2015-10-15,14724600.0,2476,7.168043505825707
2015-10-16,14728475.0,2477,7.168157781915866
2015-10-17,14731975.0,2478,7.168260973190528
2015-10-18,14735475.0,2479,7.168364139952078
2015-10-19,14739325.0,2480,7.168477595091033
2015-10-20,14743100.0,2481,7.16858881129378
2015-10-21,14746350.0,2482,7.168684537532954
2015-10-22,14750000.0,2483,7.168792020314182
2015-10-23,14753650.0,2484,7.168899476501266
2015-10-24,14757450.0,2485,7.169011320454243
2015-10-25,14760900.0,2486,7.169112838050545
2015-10-26,14765075.0,2487,7.169235657329097
2015-10-27,14769025.0,2488,7.169351825637171
2015-10-28,14772675.0,2489,7.169459143419629
2015-10-29,14776075.0,2490,7.169559086817911
2015-10-30,14780325.0,2491,7.169683983730986
2015-10-31,14784225.0,2492,7.169798563421138
2015-11-01,14788000.0,2493,7.169909441901069
2015-11-02,14791725.0,2494,7.170018824050744
2015-11-03,14795650.0,2495,7.17013404926768
2015-11-04,14799600.0,2496,7.170249977547637
2015-11-05,14803275.0,2497,7.170357807089815
2015-11-06,14806700.0,2498,7.170458277192012
2015-11-07,14810825.0,2499,7.170579250483969
2015-11-08,14814350.0,2500,7.1706826009658435
2015-11-09,14817925.0,2501,7.170787392297615
2015-11-10,14821375.0,2502,7.1708884956279455
2015-11-11,14825600.0,2503,7.171012278523061
2015-11-12,14829625.0,2504,7.171130169066829
2015-11-13,14833625.0,2505,7.171247295675554
2015-11-14,14837575.0,2506,7.1713629272114305
2015-11-15,14841175.0,2507,7.171468286105759
2015-11-16,14845300.0,2508,7.171588978424357
2015-11-17,14849350.0,2509,7.171707443714409
2015-11-18,14853100.0,2510,7.171817104992572
2015-11-19,14857025.0,2511,7.171931854146363
2015-11-20,14860525.0,2512,7.17203415266651
2015-11-21,14864725.0,2513,7.172156879091763
2015-11-22,14869175.0,2514,7.172286872833512
2015-11-23,14873250.0,2515,7.172405877926394
2015-11-24,14877225.0,2516,7.1725219312382045
2015-11-25,14881100.0,2517,7.172635035126067
2015-11-26,14885150.0,2518,7.172753215458663
2015-11-27,14889100.0,2519,7.17286844678866
2015-11-28,14892500.0,2520,7.1729676087708825
2015-11-29,14896425.0,2521,7.1730820543812115
2015-11-30,14900300.0,2522,7.173195012508446
2015-12-01,14904275.0,2523,7.173310855165206
2015-12-02,14908625.0,2524,7.173437590974851
2015-12-03,14912100.0,2525,7.1735388073826645
2015-12-04,14915950.0,2526,7.173650918886072
2015-12-05,14919850.0,2527,7.173764456883315
2015-12-06,14924275.0,2528,7.1738932429071305
2015-12-07,14928250.0,2529,7.17400889949402
2015-12-08,14931850.0,2530,7.1741136185098595
2015-12-09,14936450.0,2531,7.174247389406265
2015-12-10,14941050.0,2532,7.174381119111397
2015-12-11,14945800.0,2533,7.174519166366722
2015-12-12,14949975.0,2534,7.174640466414888
2015-12-13,14953750.0,2535,7.17475011574305
2015-12-14,14957825.0,2536,7.174868447861951
2015-12-15,14962575.0,2537,7.175006340323708
2015-12-16,14967075.0,2538,7.175136934913573
2015-12-17,14970650.0,2539,7.1752406570755065
2015-12-18,14975000.0,2540,7.175366831061349
2015-12-19,14979100.0,2541,7.175485720120738
2015-12-20,14983125.0,2542,7.175602402730269
2015-12-21,14986950.0,2543,7.175713258402288
2015-12-22,14990700.0,2544,7.175821912970984
2015-12-23,14994600.0,2545,7.175934884893158
2015-12-24,14998300.0,2546,7.176042036225052
2015-12-25,15002175.0,2547,7.1761542271904775
2015-12-26,15006075.0,2548,7.17626711271289
2015-12-27,15010825.0,2549,7.176404561870282
2015-12-28,15015325.0,2550,7.176534736746728
2015-12-29,15019275.0,2551,7.1766489692128435
2015-12-30,15023275.0,2552,7.176764617048189
2015-12-31,15027150.0,2553,7.176876621529105
2016-01-01,15030600.0,2554,7.176976317345933
2016-01-02,15034025.0,2555,7.1770752680966545
2016-01-03,15037525.0,2556,7.17717636236639
2016-01-04,15041725.0,2557,7.177297644435314
2016-01-05,15046000.0,2558,7.177421057483169
2016-01-06,15049725.0,2559,7.177528564243903
2016-01-07,15053200.0,2560,7.177628831798057
2016-01-08,15057325.0,2561,7.177747824392776
2016-01-09,15061150.0,2562,7.177858133855803
2016-01-10,15065450.0,2563,7.177982108435401
2016-01-11,15070350.0,2564,7.178123338665233
2016-01-12,15074100.0,2565,7.178231392009417
2016-01-13,15078125.0,2566,7.178347339359905
2016-01-14,15081700.0,2567,7.178450297701346
2016-01-15,15084675.0,2568,7.1785359577176955
2016-01-16,15088025.0,2569,7.178632394995126
2016-01-17,15091400.0,2570,7.178729530303869
2016-01-18,15095800.0,2571,7.17885613334979
2016-01-19,15099575.0,2572,7.17896472360096
2016-01-20,15103200.0,2573,7.179068973459092
2016-01-21,15106550.0,2574,7.179165292463409
2016-01-22,15110475.0,2575,7.179278116664405
2016-01-23,15114850.0,2576,7.179403841590215
2016-01-24,15119550.0,2577,7.179538865541832
2016-01-25,15123475.0,2578,7.179651592747596
2016-01-26,15127550.0,2579,7.179768597049067
2016-01-27,15131650.0,2580,7.1798862873638605
2016-01-28,15135150.0,2581,7.17998672947822
2016-01-29,15139425.0,2582,7.180109380839798
2016-01-30,15143600.0,2583,7.180229129740274
2016-01-31,15148250.0,2584,7.18036246391146
2016-02-01,15152550.0,2585,7.180485725758324
2016-02-02,15156675.0,2586,7.1806039382661595
2016-02-03,15161100.0,2587,7.180730712285432
2016-02-04,15165825.0,2588,7.1808660403111775
2016-02-05,15169925.0,2589,7.180983433643246
2016-02-06,15174850.0,2590,7.181124406864643
2016-02-07,15179700.0,2591,7.1812631885797495
2016-02-08,15183675.0,2592,7.181376899297049
2016-02-09,15187825.0,2593,7.18149558438742
2016-02-10,15191750.0,2594,7.1816078049073555
2016-02-11,15196400.0,2595,7.181740716542754
2016-02-12,15200925.0,2596,7.181870016245615
2016-02-13,15205050.0,2597,7.181987852608293
2016-02-14,15209150.0,2598,7.182104943137492
2016-02-15,15213225.0,2599,7.182221288427716
2016-02-16,15216550.0,2600,7.182316197388303
2016-02-17,15220100.0,2601,7.182417505871185
2016-02-18,15224325.0,2602,7.18253804644292
2016-02-19,15228325.0,2603,7.182652136871018
2016-02-20,15232125.0,2604,7.182760495023296
2016-02-21,15235575.0,2605,7.182858849409677
2016-02-22,15238800.0,2606,7.182950769241297
2016-02-23,15242125.0,2607,7.183045518935282
2016-02-24,15245425.0,2608,7.183139535791073
2016-02-25,15248550.0,2609,7.183228548145854
2016-02-26,15252300.0,2610,7.183335338895315
2016-02-27,15255900.0,2611,7.18343783331597
2016-02-28,15259375.0,2612,7.183536745964218
2016-02-29,15262750.0,2613,7.183632790645405
2016-03-01,15266200.0,2614,7.183730947704127
2016-03-02,15269975.0,2615,7.183838326030164
2016-03-03,15273375.0,2616,7.183935014916261
2016-03-04,15277250.0,2617,7.184045185567526
2016-03-05,15280950.0,2618,7.184150354693384
2016-03-06,15284750.0,2619,7.184258339724954
2016-03-07,15288075.0,2620,7.184352804607281
2016-03-08,15291500.0,2621,7.184450089059844
2016-03-09,15295825.0,2622,7.184572906184045
2016-03-10,15299800.0,2623,7.184685753728442
2016-03-11,15303725.0,2624,7.1847971530427905
2016-03-12,15307725.0,2625,7.18491065161522
2016-03-13,15311250.0,2626,7.185010647650716
2016-03-14,15314350.0,2627,7.185098568403191
2016-03-15,15318375.0,2628,7.185212697022158
2016-03-16,15322350.0,2629,7.185325378466559
2016-03-17,15326075.0,2630,7.1854309464983945
2016-03-18,15329600.0,2631,7.185530822821813
2016-03-19,15332975.0,2632,7.185626427570099
2016-03-20,15336400.0,2633,7.185723427173561
2016-03-21,15340075.0,2634,7.185827482951066
2016-03-22,15343625.0,2635,7.185927975748065
2016-03-23,15347275.0,2636,7.186031275088679
2016-03-24,15351150.0,2637,7.186140915314606
2016-03-25,15354700.0,2638,7.1862413356200285
2016-03-26,15358375.0,2639,7.186345267396877
2016-03-27,15362250.0,2640,7.186454828392222
2016-03-28,15366050.0,2641,7.186562242016772
2016-03-29,15369975.0,2642,7.186673161099558
2016-03-30,15374025.0,2643,7.186787582948496
2016-03-31,15377500.0,2644,7.186885735695785
2016-04-01,15380825.0,2645,7.186979630871024
2016-04-02,15384375.0,2646,7.18707985745285
2016-04-03,15387700.0,2647,7.1871737106725595
2016-04-04,15391625.0,2648,7.187284473715654
2016-04-05,15395650.0,2649,7.1873980294168085
2016-04-06,15399700.0,2650,7.187512260471942
2016-04-07,15403550.0,2651,7.18762082263756
2016-04-08,15407025.0,2652,7.187718787270223
2016-04-09,15410425.0,2653,7.18781461617524
2016-04-10,15414825.0,2654,7.187938598672274
2016-04-11,15418900.0,2655,7.1880533918102465
2016-04-12,15422550.0,2656,7.188156186903626
2016-04-13,15426575.0,2657,7.188269514934783
2016-04-14,15430825.0,2658,7.188389145983397
2016-04-15,15434525.0,2659,7.188493268540941
2016-04-16,15437875.0,2660,7.188587520139137
2016-04-17,15441800.0,2661,7.188697923234419
2016-04-18,15445400.0,2662,7.188799160001879
2016-04-19,15449050.0,2663,7.188901778748373
2016-04-20,15452850.0,2664,7.18900858894707
2016-04-21,15456850.0,2665,7.189120992363299
2016-04-22,15460425.0,2666,7.189221428302735
2016-04-23,15464200.0,2667,7.189327457829518
2016-04-24,15467525.0,2668,7.1894208266382655
2016-04-25,15470800.0,2669,7.18951277178614
2016-04-26,15474225.0,2670,7.189608907343089
2016-04-27,15477800.0,2671,7.189709230522571
2016-04-28,15481225.0,2672,7.189805322606
2016-04-29,15484625.0,2673,7.189900692262858
2016-04-30,15488450.0,2674,7.190007958099506
2016-05-01,15492175.0,2675,7.1901123941431875
2016-05-02,15496050.0,2676,7.190221009020364
2016-05-03,15499950.0,2677,7.1903302972180905
2016-05-04,15503800.0,2678,7.190438157316557
2016-05-05,15507950.0,2679,7.190554392105671
2016-05-06,15512050.0,2680,7.190669195934567
2016-05-07,15516000.0,2681,7.190779770928019
2016-05-08,15519500.0,2682,7.190877725250849
2016-05-09,15523925.0,2683,7.191001535886786
2016-05-10,15528200.0,2684,7.1911211160393105
2016-05-11,15531850.0,2685,7.191223187662907
2016-05-12,15535275.0,2686,7.191318945387932
2016-05-13,15538825.0,2687,7.191418175641904
2016-05-14,15542500.0,2688,7.191520876040194
2016-05-15,15546100.0,2689,7.1916214569696555
2016-05-16,15549600.0,2690,7.191719221656933
2016-05-17,15553150.0,2691,7.191818360505906
2016-05-18,15556950.0,2692,7.191924455892256
2016-05-19,15560425.0,2693,7.1920214546481525
2016-05-20,15563550.0,2694,7.192108665247731
2016-05-21,15567175.0,2695,7.192209807608149
2016-05-22,15571300.0,2696,7.192324871993822
2016-05-23,15575800.0,2697,7.192450362019035
2016-05-24,15579825.0,2698,7.192562575161888
2016-05-25,15583450.0,2699,7.192663611879241
2016-05-26,15586900.0,2700,7.1927597491358775
2016-05-27,15590275.0,2701,7.192853775864222
2016-05-28,15593775.0,2702,7.192951263566624
2016-05-29,15597200.0,2703,7.193046641066462
2016-05-30,15600925.0,2704,7.193150349026653
2016-05-31,15604150.0,2705,7.193240116457696
2016-06-01,15607550.0,2706,7.193334734901697
2016-06-02,15611125.0,2707,7.193434201184593
2016-06-03,15614625.0,2708,7.1935315586983775
2016-06-04,15617975.0,2709,7.193624723309711
2016-06-05,15621100.0,2710,7.19371161258287
2016-06-06,15625825.0,2711,7.193842956159407
2016-06-07,15629625.0,2712,7.193948558160937
2016-06-08,15633300.0,2713,7.194050661993407
2016-06-09,15637075.0,2714,7.194155519173862
2016-06-10,15640875.0,2715,7.194261045209894
2016-06-11,15644725.0,2716,7.194367933603517
2016-06-12,15648200.0,2717,7.194464388206646
2016-06-13,15652350.0,2718,7.194579550535133
2016-06-14,15655925.0,2719,7.194678732159132
2016-06-15,15659400.0,2720,7.194775117767827
2016-06-16,15663225.0,2721,7.194881186553667
2016-06-17,15666925.0,2722,7.194983764395811
2016-06-18,15670525.0,2723,7.195083546614321
2016-06-19,15674825.0,2724,7.195202700892956
2016-06-20,15679150.0,2725,7.195322514960942
2016-06-21,15683175.0,2726,7.195433988539464
2016-06-22,15686675.0,2727,7.1955308988334545
2016-06-23,15690000.0,2728,7.195622943586937
2016-06-24,15693225.0,2729,7.19571220144422
2016-06-25,15696950.0,2730,7.195815274902886
2016-06-26,15700900.0,2731,7.195924547557706
2016-06-27,15704475.0,2732,7.196023422529236
2016-06-28,15708300.0,2733,7.1961291869134065
2016-06-29,15711825.0,2734,7.196226633251073
2016-06-30,15715525.0,2735,7.196328893835593
2016-07-01,15719300.0,2736,7.196433202459997
2016-07-02,15723150.0,2737,7.1965395576431135
2016-07-03,15726925.0,2738,7.196643815688734
2016-07-04,15730650.0,2739,7.196746668305482
2016-07-05,15734400.0,2740,7.196850186610067
2016-07-06,15738000.0,2741,7.196949540973997
2016-07-07,15741525.0,2742,7.197046803436192
2016-07-08,15745000.0,2743,7.197142664972563
2016-07-09,15748700.0,2744,7.197244710117492
2016-07-10,15751225.0,2745,7.197314335271784
2016-07-11,15753112.5,2746,7.197366374508323
2016-07-12,15754937.5,2747,7.197416684662734
2016-07-13,15756550.0,2748,7.1974611319363
2016-07-14,15758300.0,2749,7.1975093641407435
2016-07-15,15760112.5,2750,7.197559313277574
2016-07-16,15761887.5,2751,7.197608223416918
2016-07-17,15763725.0,2752,7.197658849942344
2016-07-18,15765662.5,2753,7.197712225261465
2016-07-19,15767300.0,2754,7.197757330900667
2016-07-20,15769112.5,2755,7.197807251528089
2016-07-21,15770862.5,2756,7.197855445310367
2016-07-22,15772425.0,2757,7.1978984709543194
2016-07-23,15774112.5,2758,7.197944933862581
2016-07-24,15775662.5,2759,7.197987606524905
2016-07-25,15777312.5,2760,7.198033027655293
2016-07-26,15778937.5,2761,7.198077755944219
2016-07-27,15780562.5,2762,7.198122479627022
2016-07-28,15782200.0,2763,7.19816754267971
2016-07-29,15784062.5,2764,7.198218791919209
2016-07-30,15785725.0,2765,7.198264532776783
2016-07-31,15787375.0,2766,7.198309924955302
2016-08-01,15789212.5,2767,7.198360469752861
2016-08-02,15791125.0,2768,7.198413071356479
2016-08-03,15793187.5,2769,7.198469791436753
2016-08-04,15795012.5,2770,7.198519973937203
2016-08-05,15797087.5,2771,7.198577023709219
2016-08-06,15799212.5,2772,7.198635440408353
2016-08-07,15801200.0,2773,7.198690070092945
2016-08-08,15803075.0,2774,7.19874160123261
2016-08-09,15804725.0,2775,7.19878694357822
2016-08-10,15806550.0,2776,7.198837089447399
2016-08-11,15808337.5,2777,7.198886199309785
2016-08-12,15810225.0,2778,7.198938050549737
2016-08-13,15812137.5,2779,7.198990582247686
2016-08-14,15814200.0,2780,7.199047226958456
2016-08-15,15816225.0,2781,7.199102834578465
2016-08-16,15817975.0,2782,7.1991508848117
2016-08-17,15819625.0,2783,7.199196184448574
2016-08-18,15821225.0,2784,7.19924010685721
2016-08-19,15823175.0,2785,7.199293631287491
2016-08-20,15825075.0,2786,7.199345776952202
2016-08-21,15827025.0,2787,7.199399288361605
2016-08-22,15829112.5,2788,7.199456565705203
2016-08-23,15831000.0,2789,7.199508348896786
2016-08-24,15832925.0,2790,7.199561154534665
2016-08-25,15834662.5,2791,7.199608811253894
2016-08-26,15836300.0,2792,7.199653720354131
2016-08-27,15838000.0,2793,7.199700338629511
2016-08-28,15839837.5,2794,7.199750721873721
2016-08-29,15841625.0,2795,7.1997997285373
2016-08-30,15843725.0,2796,7.1998572957356
2016-08-31,15845575.0,2797,7.19990800337461
2016-09-01,15847275.0,2798,7.199954594364057
2016-09-02,15849137.5,2799,7.200005633166853
2016-09-03,15850875.0,2800,7.200053241139441
2016-09-04,15852662.5,2801,7.200102213679949
2016-09-05,15854725.0,2802,7.200158713596266
2016-09-06,15856487.5,2803,7.200206989519184
2016-09-07,15858237.5,2804,7.200254917750887
2016-09-08,15860100.0,2805,7.2003059212735945
2016-09-09,15861912.5,2806,7.2003555498240726
2016-09-10,15863762.5,2807,7.200406199324354
2016-09-11,15865687.5,2808,7.200458895912457
2016-09-12,15867737.5,2809,7.200515007327418
2016-09-13,15869887.5,2810,7.200573848096853
2016-09-14,15871812.5,2811,7.200626524347885
2016-09-15,15873837.5,2812,7.200681930132743
2016-09-16,15875712.5,2813,7.2007332254836705
2016-09-17,15877487.5,2814,7.200781779500662
2016-09-18,15879500.0,2815,7.200836823616292
2016-09-19,15881262.5,2816,7.20088502422389
2016-09-20,15882925.0,2817,7.200930485142846
2016-09-21,15884962.5,2818,7.200986193915304
2016-09-22,15886850.0,2819,7.201037795052983
2016-09-23,15888650.0,2820,7.2010869983743
2016-09-24,15890312.5,2821,7.201132438157101
2016-09-25,15892662.5,2822,7.201196660718667
2016-09-26,15894750.0,2823,7.201253701519472
2016-09-27,15896737.5,2824,7.201308002865637
2016-09-28,15898712.5,2825,7.20136195596917
2016-09-29,15900537.5,2826,7.201411805410923
2016-09-30,15902350.0,2827,7.201461307755595
2016-10-01,15904237.5,2828,7.201512852476359
2016-10-02,15906087.5,2829,7.201563367193981
2016-10-03,15907887.5,2830,7.201612511010072
2016-10-04,15909812.5,2831,7.20166506143821
2016-10-05,15911887.5,2832,7.201721699584583
2016-10-06,15913950.0,2833,7.201777989218449
2016-10-07,15915800.0,2834,7.201828473108045
2016-10-08,15917787.5,2835,7.201882702640542
2016-10-09,15919837.5,2836,7.2019386304108535
2016-10-10,15921625.0,2837,7.2019873908211025
2016-10-11,15923237.5,2838,7.202031372788534
2016-10-12,15925075.0,2839,7.2020814863455005
2016-10-13,15926712.5,2840,7.202126140493387
2016-10-14,15928362.5,2841,7.2021711308690675
2016-10-15,15930087.5,2842,7.202218161279022
2016-10-16,15931800.0,2843,7.202264845851678
2016-10-17,15933475.0,2844,7.202310503280202
2016-10-18,15935162.5,2845,7.202356496582483
2016-10-19,15936937.5,2846,7.202404869466991
2016-10-20,15938437.5,2847,7.202445743760915
2016-10-21,15940375.0,2848,7.202498534030924
2016-10-22,15942300.0,2849,7.202550977364408
2016-10-23,15944187.5,2850,7.202602392926284
2016-10-24,15945925.0,2851,7.202649717103209
2016-10-25,15947700.0,2852,7.20269805734087
2016-10-26,15949375.0,2853,7.202743669250919
2016-10-27,15951375.0,2854,7.202798124959009
2016-10-28,15953250.0,2855,7.20284917098475
2016-10-29,15955225.0,2856,7.202902932977629
2016-10-30,15957125.0,2857,7.202954647095617
2016-10-31,15959087.5,2858,7.203008055871599
2016-11-01,15961000.0,2859,7.20306009759596
2016-11-02,15962600.0,2860,7.203103630980142
2016-11-03,15964500.0,2861,7.203155321206727
2016-11-04,15966262.5,2862,7.203203265193353
2016-11-05,15967800.0,2863,7.203245084349086
2016-11-06,15969725.0,2864,7.203297437615576
2016-11-07,15971537.5,2865,7.203346725507643
2016-11-08,15973475.0,2866,7.203399406379797
2016-11-09,15975550.0,2867,7.203455818808734
2016-11-10,15977387.5,2868,7.203505768276533
2016-11-11,15979487.5,2869,7.203562846348986
2016-11-12,15981637.5,2870,7.203621275652554
2016-11-13,15983537.5,2871,7.203672904308839
2016-11-14,15985475.0,2872,7.20372554563204
2016-11-15,15987512.5,2873,7.203780897044421
2016-11-16,15989562.5,2874,7.203836580917265
2016-11-17,15991587.5,2875,7.203891578709842
2016-11-18,15993537.5,2876,7.203944532965345
2016-11-19,15995425.0,2877,7.2039957838201065
2016-11-20,15997087.5,2878,7.204040920292387
2016-11-21,15998725.0,2879,7.204085373435419
2016-11-22,16000387.5,2880,7.204130500598043
2016-11-23,16002212.5,2881,7.204180033287908
2016-11-24,16004175.0,2882,7.204233291589665
2016-11-25,16006075.0,2883,7.204284847545434
2016-11-26,16008050.0,2884,7.204338432118046
2016-11-27,16009950.0,2885,7.204389975594627
2016-11-28,16011800.0,2886,7.2044401567866245
2016-11-29,16013700.0,2887,7.204491688192322
2016-11-30,16015562.5,2888,7.204542196596845
2016-12-01,16017350.0,2889,7.204590665582436
2016-12-02,16019162.5,2890,7.204639806933217
2016-12-03,16021075.0,2891,7.204691653502559
2016-12-04,16023100.0,2892,7.20474654312459
2016-12-05,16024975.0,2893,7.204797360663834
2016-12-06,16026787.5,2894,7.204846478633511
2016-12-07,16028862.5,2895,7.204902703420792
2016-12-08,16030975.0,2896,7.204959936842163
2016-12-09,16032812.5,2897,7.205009713626104
2016-12-10,16034500.0,2898,7.205055421974061
2016-12-11,16036462.5,2899,7.2051085730400315
2016-12-12,16038475.0,2900,7.205163071518538
2016-12-13,16040687.5,2901,7.205222978103864
2016-12-14,16042725.0,2902,7.205278139007216
2016-12-15,16044375.0,2903,7.205322804053031
2016-12-16,16046000.0,2904,7.205366787866476
2016-12-17,16047687.5,2905,7.2054124586507315
2016-12-18,16049500.0,2906,7.205461507107035
2016-12-19,16051350.0,2907,7.205511564647095
2016-12-20,16053137.5,2908,7.205559925574034
2016-12-21,16054925.0,2909,7.205608281116335
2016-12-22,16056900.0,2910,7.205661702658265
2016-12-23,16058962.5,2911,7.205717483963852
2016-12-24,16060787.5,2912,7.205766835993698
2016-12-25,16062562.5,2913,7.205814830533879
2016-12-26,16064512.5,2914,7.20586755081674
2016-12-27,16066350.0,2915,7.205917223688819
2016-12-28,16068375.0,2916,7.2059719586415545
2016-12-29,16070325.0,2917,7.20602465985478
2016-12-30,16072300.0,2918,7.206078030206632
2016-12-31,16074175.0,2919,7.206128692193956
2017-01-01,16076037.5,2920,7.206179010584446
2017-01-02,16078000.0,2921,7.2062320243263
2017-01-03,16080087.5,2922,7.206288407637792
2017-01-04,16082062.5,2923,7.206341745589566
2017-01-05,16083862.5,2924,7.206390351688613
2017-01-06,16085725.0,2925,7.206440639773498
2017-01-07,16087700.0,2926,7.20649395903328
2017-01-08,16089550.0,2927,7.206543897719302
2017-01-09,16091512.5,2928,7.206596866941298
2017-01-10,16093225.0,2929,7.2066430832138995
2017-01-11,16095200.0,2930,7.206696377626585
2017-01-12,16097300.0,2931,7.206753037930277
2017-01-13,16099262.5,2932,7.206805981651942
2017-01-14,16101212.5,2933,7.206858581760527
2017-01-15,16103337.5,2934,7.206915895138629
2017-01-16,16105425.0,2935,7.206972189740587
2017-01-17,16107487.5,2936,7.207027802990097
2017-01-18,16109362.5,2937,7.207078354310569
2017-01-19,16111512.5,2938,7.207136312583738
2017-01-20,16113687.5,2939,7.207194936921186
2017-01-21,16116012.5,2940,7.207257595566608
2017-01-22,16118300.0,2941,7.207319234767321
2017-01-23,16120262.5,2942,7.207372109514561
2017-01-24,16122000.0,2943,7.207418916816812
2017-01-25,16123900.0,2944,7.207470096006512
2017-01-26,16125762.5,2945,7.207520259227503
2017-01-27,16127775.0,2946,7.207574455927382
2017-01-28,16129712.5,2947,7.207626626485284
2017-01-29,16131787.5,2948,7.207682492520726
2017-01-30,16133775.0,2949,7.207735996022106
2017-01-31,16135562.5,2950,7.207784109894118
2017-02-01,16137675.0,2951,7.207840964871517
2017-02-02,16139937.5,2952,7.207901848635267
2017-02-03,16141750.0,2953,7.207950616764212
2017-02-04,16143625.0,2954,7.2080010607906155
2017-02-05,16145550.0,2955,7.20805284389617
2017-02-06,16147250.0,2956,7.208098569297493
2017-02-07,16148987.5,2957,7.208145298373165
2017-02-08,16150775.0,2958,7.20819336692396
2017-02-09,16152887.5,2959,7.208250168352858
2017-02-10,16154775.0,2960,7.208300913641876
2017-02-11,16156600.0,2961,7.208349972985857
2017-02-12,16158262.5,2962,7.208394659208911
2017-02-13,16160187.5,2963,7.20844639540781
2017-02-14,16162275.0,2964,7.20850249198351
2017-02-15,16164237.5,2965,7.20855522287564
2017-02-16,16165937.5,2966,7.208600895416535
2017-02-17,16167900.0,2967,7.2086536143628575
2017-02-18,16169850.0,2968,7.2087059911819455
2017-02-19,16171650.0,2969,7.208754333409006
2017-02-20,16173325.0,2970,7.208799313703957
2017-02-21,16175150.0,2971,7.2088483167824835
2017-02-22,16176887.5,2972,7.208894965260993
2017-02-23,16178662.5,2973,7.208942615367769
2017-02-24,16180587.5,2974,7.208994286335338
2017-02-25,16182762.5,2975,7.2090526604220475
2017-02-26,16184875.0,2976,7.209109349582282
2017-02-27,16186850.0,2977,7.2091623422234115
2017-02-28,16188787.5,2978,7.20921432239274
2017-03-01,16190487.5,2979,7.209259925675699
2017-03-02,16192425.0,2980,7.209311894167396
2017-03-03,16194387.5,2981,7.209364526881515
2017-03-04,16196087.5,2982,7.209410114395741
2017-03-05,16197875.0,2983,7.209458043165627
2017-03-06,16199725.0,2984,7.209507642197185
2017-03-07,16201625.0,2985,7.209558575847577
2017-03-08,16203300.0,2986,7.209603472927748
2017-03-09,16205187.5,2987,7.209654060344734
2017-03-10,16207162.5,2988,7.209706986565932
2017-03-11,16209012.5,2989,7.209756557176431
2017-03-12,16210975.0,2990,7.209809136032099
2017-03-13,16212675.0,2991,7.209854676902416
2017-03-14,16214712.5,2992,7.209909252683955
2017-03-15,16216537.5,2993,7.2099581306908345
2017-03-16,16218362.5,2994,7.210007003197321
2017-03-17,16220275.0,2995,7.2100582130052295
2017-03-18,16222187.5,2996,7.210109416775449
2017-03-19,16224225.0,2997,7.210163960556401
2017-03-20,16226137.5,2998,7.210215151861127
2017-03-21,16227862.5,2999,7.210261319235379
2017-03-22,16229775.0,3000,7.210312499066172
2017-03-23,16231562.5,3001,7.210360328357691
2017-03-24,16233700.0,3002,7.210417515910474
2017-03-25,16235550.0,3003,7.210467005491686
2017-03-26,16237500.0,3004,7.210519164081084
2017-03-27,16239287.5,3005,7.210566970619042
2017-03-28,16241125.0,3006,7.210616108918092
2017-03-29,16243062.5,3007,7.210667915389145
2017-03-30,16244912.5,3008,7.2107173764461905
2017-03-31,16246775.0,3009,7.210767166009963
2017-04-01,16248412.5,3010,7.210810936012196
2017-04-02,16250262.5,3011,7.210860380784476
2017-04-03,16252287.5,3012,7.210914496312458
2017-04-04,16254137.5,3013,7.210963929296391
2017-04-05,16256025.0,3014,7.21101435850206
2017-04-06,16257900.0,3015,7.211064447942475
2017-04-07,16259800.0,3016,7.21111519934965
2017-04-08,16261775.0,3017,7.211167947816033
2017-04-09,16263525.0,3018,7.211214681610591
2017-04-10,16265375.0,3019,7.2112640804400865
2017-04-11,16267462.5,3020,7.211319814264855
2017-04-12,16269400.0,3021,7.211371536864702
2017-04-13,16271075.0,3022,7.211416246922427
2017-04-14,16272712.5,3023,7.211459951559739
2017-04-15,16274587.5,3024,7.211509989636904
2017-04-16,16276450.0,3025,7.211559688419834
2017-04-17,16278150.0,3026,7.211605046103228
2017-04-18,16279887.5,3027,7.211651399429225
2017-04-19,16281725.0,3028,7.211700415190428
2017-04-20,16283575.0,3029,7.211749758804175
2017-04-21,16285337.5,3030,7.211796763384086
2017-04-22,16287312.5,3031,7.211849429139117
2017-04-23,16289212.5,3032,7.211900088902032
2017-04-24,16290900.0,3033,7.211945077815982
2017-04-25,16292625.0,3034,7.211991061667145
2017-04-26,16294475.0,3035,7.212040372271181
2017-04-27,16296350.0,3036,7.212090343522567
2017-04-28,16298237.5,3037,7.212140642108827
2017-04-29,16300025.0,3038,7.212188270499278
2017-04-30,16302075.0,3039,7.212242886839273
2017-05-01,16303862.5,3040,7.21229050401864
2017-05-02,16305962.5,3041,7.212346439210764
2017-05-03,16307662.5,3042,7.212391714804625
2017-05-04,16309637.5,3043,7.212444308465216
2017-05-05,16311562.5,3044,7.21249556451212
2017-05-06,16313312.5,3045,7.212542155669577
2017-05-07,16315362.5,3046,7.212596727526329
2017-05-08,16317500.0,3047,7.212653621368014
2017-05-09,16319625.0,3048,7.212710175110131
2017-05-10,16321637.5,3049,7.212763728041544
2017-05-11,16323425.0,3050,7.212811288151878
2017-05-12,16325125.0,3051,7.212856515313262
2017-05-13,16327062.5,3052,7.212908055232887
2017-05-14,16329050.0,3053,7.212960918860415
2017-05-15,16331200.0,3054,7.213018097426865
2017-05-16,16333100.0,3055,7.2130686210576505
2017-05-17,16334937.5,3056,7.213117477136706
2017-05-18,16336662.5,3057,7.21316333702615
2017-05-19,16338587.5,3058,7.2132145082874946
2017-05-20,16340662.5,3059,7.213269660168346
2017-05-21,16342625.0,3060,7.2133218154432255
2017-05-22,16344475.0,3061,7.213370975190794
2017-05-23,16346437.5,3062,7.213423118300704
2017-05-24,16348425.0,3063,7.21347591927418
2017-05-25,16350450.0,3064,7.213529709890951
2017-05-26,16352400.0,3065,7.213581501966609
2017-05-27,16354350.0,3066,7.2136332878665055
2017-05-28,16356500.0,3067,7.213690377984154
2017-05-29,16358362.5,3068,7.213739827892336
2017-05-30,16360312.5,3069,7.213791594917787
2017-05-31,16362637.5,3070,7.2138533090769394
2017-06-01,16364712.5,3071,7.213908379900038
2017-06-02,16366800.0,3072,7.21396377542948
2017-06-03,16368850.0,3073,7.214018168953914
2017-06-04,16371000.0,3074,7.214075208502808
2017-06-05,16373112.5,3075,7.214131245880171
2017-06-06,16375137.5,3076,7.2141849553960675
2017-06-07,16376987.5,3077,7.214234017543478
2017-06-08,16379075.0,3078,7.214289371555103
2017-06-09,16381125.0,3079,7.21434372431785
2017-06-10,16382787.5,3080,7.214387798088147
2017-06-11,16384675.0,3081,7.214437831308479
2017-06-12,16386500.0,3082,7.214486202319302
2017-06-13,16388312.5,3083,7.214534236690162
2017-06-14,16390087.5,3084,7.214581272097999
2017-06-15,16391875.0,3085,7.21462863359365
2017-06-16,16393750.0,3086,7.214678307934429
2017-06-17,16395687.5,3087,7.214729632118302
2017-06-18,16397500.0,3088,7.214777639574073
2017-06-19,16399300.0,3089,7.214825310692487
2017-06-20,16401087.5,3090,7.214872645583709
2017-06-21,16402825.0,3091,7.214918651477854
2017-06-22,16404662.5,3092,7.214967299891502
2017-06-23,16406412.5,3093,7.2150136266481875
2017-06-24,16408375.0,3094,7.215065572919164
2017-06-25,16410150.0,3095,7.215112550819977
2017-06-26,16411662.5,3096,7.215152577275209
2017-06-27,16413475.0,3097,7.215200538003431
2017-06-28,16415137.5,3098,7.215244524911302
2017-06-29,16417025.0,3099,7.2152944595347375
2017-06-30,16418612.5,3100,7.215336453084615
2017-07-01,16420462.5,3101,7.215385385327217
2017-07-02,16422737.5,3102,7.215445551203131
2017-07-03,16424987.5,3103,7.215505047718389
2017-07-04,16427037.5,3104,7.215559248559223
2017-07-05,16428912.5,3105,7.215608816576855
2017-07-06,16430800.0,3106,7.215658709334467
2017-07-07,16432587.5,3107,7.215705953483425
2017-07-08,16434512.5,3108,7.215756826050742
2017-07-09,16436500.0,3109,7.2158093440730475
2017-07-10,16438525.0,3110,7.215862846470504
2017-07-11,16440775.0,3111,7.215922285849432
2017-07-12,16442975.0,3112,7.215980396488372
2017-07-13,16445137.5,3113,7.216037509028258
2017-07-14,16447062.5,3114,7.216088342774777
2017-07-15,16448587.5,3115,7.216128609441364
2017-07-16,16450500.0,3116,7.216179102525562
2017-07-17,16452387.5,3117,7.216228929814155
2017-07-18,16454362.5,3118,7.216281060857347
2017-07-19,16456300.0,3119,7.216332195990811
2017-07-20,16458187.5,3120,7.2163820057188515
2017-07-21,16460200.0,3121,7.21643510781238
2017-07-22,16462150.0,3122,7.216486554579741
2017-07-23,16464262.5,3123,7.216542281701199
2017-07-24,16466425.0,3124,7.216599320402165
2017-07-25,16468462.5,3125,7.216653055215014
2017-07-26,16470325.0,3126,7.216702168952027
2017-07-27,16472175.0,3127,7.216750947568851
2017-07-28,16474125.0,3128,7.216802356937473
2017-07-29,16476075.0,3129,7.216853760221258
2017-07-30,16477912.5,3130,7.216902192363883
2017-07-31,16479750.0,3131,7.216950619105999
2017-08-01,16481587.5,3132,7.216999040448812
2017-08-02,16483450.0,3133,7.217048115076645
2017-08-03,16485312.5,3134,7.217097184159744
2017-08-04,16487287.5,3135,7.217149211091366
2017-08-05,16489462.5,3136,7.217206499362618
2017-08-06,16491475.0,3137,7.217259500745366
2017-08-07,16493287.5,3138,7.217307229374562
2017-08-08,16495350.0,3139,7.217361534883245
2017-08-09,16497175.0,3140,7.2174095813683365
2017-08-10,16498900.0,3141,7.217454990283304
2017-08-11,16500712.5,3142,7.217502697434365
2017-08-12,16502387.5,3143,7.217546780763374
2017-08-13,16504150.0,3144,7.21759316212192
2017-08-14,16505975.0,3145,7.21764118299008
2017-08-15,16507675.0,3146,7.217685909981485
2017-08-16,16509475.0,3147,7.21773326295218
2017-08-17,16511275.0,3148,7.217780610760343
2017-08-18,16513350.0,3149,7.217835185857026
2017-08-19,16515237.5,3150,7.217884823513222
2017-08-20,16517062.5,3151,7.217932812144366
2017-08-21,16518525.0,3152,7.217971264960148
2017-08-22,16519950.0,3153,7.218008728531763
2017-08-23,16521400.0,3154,7.218046846042045
2017-08-24,16523100.0,3155,7.218091531276797
2017-08-25,16524337.5,3156,7.218124056607792
2017-08-26,16525612.5,3157,7.218157565007332
2017-08-27,16527200.0,3158,7.218199282636689
2017-08-28,16528875.0,3159,7.2182432953186435
2017-08-29,16530675.0,3160,7.21829058755754
2017-08-30,16532625.0,3161,7.218341815005537
2017-08-31,16534762.5,3162,7.218397961228542
2017-09-01,16536837.5,3163,7.218452458806592
2017-09-02,16538975.0,3164,7.21850859072815
2017-09-03,16540812.5,3165,7.218556838686896
2017-09-04,16542812.5,3166,7.218609347380539
2017-09-05,16545187.5,3167,7.218671693209619
2017-09-06,16547587.5,3168,7.21873468621993
2017-09-07,16549637.5,3169,7.21878848551513
2017-09-08,16551887.5,3170,7.218847525851537
2017-09-09,16554037.5,3171,7.218903934674876
2017-09-10,16555937.5,3172,7.218953778235104
2017-09-11,16557912.5,3173,7.219005583241334
2017-09-12,16560025.0,3174,7.219060988086171
2017-09-13,16562400.0,3175,7.219123269117604
2017-09-14,16564700.0,3176,7.2191835748678805
2017-09-15,16566962.5,3177,7.2192428892030325
2017-09-16,16569125.0,3178,7.219299574339348
2017-09-17,16571325.0,3179,7.219357234863668
2017-09-18,16573262.5,3180,7.219408009100013
2017-09-19,16575012.5,3181,7.219453864598921
2017-09-20,16576750.0,3182,7.219499387769099
2017-09-21,16578550.0,3183,7.219546543431584
2017-09-22,16580575.0,3184,7.21959958743241
2017-09-23,16582412.5,3185,7.219647714345664
2017-09-24,16584387.5,3186,7.219699436646445
2017-09-25,16586075.0,3187,7.219743624871969
2017-09-26,16587775.0,3188,7.219788135872041
2017-09-27,16589437.5,3189,7.2198316606001525
2017-09-28,16591462.5,3190,7.2198846697907975
2017-09-29,16593675.0,3191,7.219942579844215
2017-09-30,16595575.0,3192,7.219992304349379
2017-10-01,16597200.0,3193,7.220034827370347
2017-10-02,16599050.0,3194,7.2200832331265605
2017-10-03,16601037.5,3195,7.220135230596978
2017-10-04,16603050.0,3196,7.2201878757808515
2017-10-05,16604612.5,3197,7.220228744970514
2017-10-06,16606387.5,3198,7.2202751677043135
2017-10-07,16608287.5,3199,7.220324854146618
2017-10-08,16610500.0,3200,7.220382705538252
2017-10-09,16612637.5,3201,7.220438588547877
2017-10-10,16614675.0,3202,7.220491850454508
2017-10-11,16616487.5,3203,7.220539225188944
2017-10-12,16618387.5,3204,7.220588881432064
2017-10-13,16620225.0,3205,7.220636898846227
2017-10-14,16621937.5,3206,7.22068164499058
2017-10-15,16623987.5,3207,7.220735203656132
2017-10-16,16626250.0,3208,7.220794306468064
2017-10-17,16628475.0,3209,7.220852421832042
2017-10-18,16630487.5,3210,7.220904980154984
2017-10-19,16632450.0,3211,7.220956226556281
2017-10-20,16634712.5,3212,7.221015299299069
2017-10-21,16636837.5,3213,7.221070774669185
2017-10-22,16638837.5,3214,7.221122980309783
2017-10-23,16641050.0,3215,7.221180725489519
2017-10-24,16643225.0,3216,7.221237484454495
2017-10-25,16645350.0,3217,7.221292931452469
2017-10-26,16647675.0,3218,7.22135358888279
2017-10-27,16649487.5,3219,7.221400869713355
2017-10-28,16650750.0,3220,7.221433800216248
2017-10-29,16652087.5,3221,7.221468684262982
2017-10-30,16654062.5,3222,7.221520190162209
2017-10-31,16655800.0,3223,7.2215654972638506
2017-11-01,16657587.5,3224,7.221612103234928
2017-11-02,16659587.5,3225,7.221664243847981
2017-11-03,16661275.0,3226,7.221708232621611
2017-11-04,16662800.0,3227,7.221747981607014
2017-11-05,16664475.0,3228,7.221791636136692
2017-11-06,16666287.5,3229,7.221838869304504
2017-11-07,16668012.5,3230,7.221883817479924
2017-11-08,16669850.0,3231,7.22193169194166
2017-11-09,16671687.5,3232,7.221979561126535
2017-11-10,16673475.0,3233,7.222026122686231
2017-11-11,16674775.0,3234,7.222059982503568
2017-11-12,16675850.0,3235,7.222087979973972
2017-11-13,16677075.0,3236,7.2221198818680685
2017-11-14,16678850.0,3237,7.2221661029041275
2017-11-15,16680550.0,3238,7.222210366327323
2017-11-16,16682362.5,3239,7.222257553979134
2017-11-17,16684387.5,3240,7.2223102679130315
2017-11-18,16686337.5,3241,7.222361023432468
2017-11-19,16688175.0,3242,7.222408845321181
2017-11-20,16690162.5,3243,7.222460565110029
2017-11-21,16692312.5,3244,7.222516506626491
2017-11-22,16694375.0,3245,7.222570164682269
2017-11-23,16696350.0,3246,7.22262154012277
2017-11-24,16698187.5,3247,7.222669333335136
2017-11-25,16700075.0,3248,7.2227184215675235
2017-11-26,16702112.5,3249,7.222771404624874
2017-11-27,16704100.0,3250,7.222823081257404
2017-11-28,16706075.0,3251,7.222874426789283
2017-11-29,16708162.5,3252,7.22292869046848
2017-11-30,16710237.5,3253,7.2229826224970095
2017-12-01,16712425.0,3254,7.2230394713001544
2017-12-02,16714662.5,3255,7.223097611806994
2017-12-03,16716675.0,3256,7.2231498991344685
2017-12-04,16718912.5,3257,7.22320802486082
2017-12-05,16721175.0,3258,7.223266792127311
2017-12-06,16723425.0,3259,7.223325226827427
2017-12-07,16725587.5,3260,7.2233813816582115
2017-12-08,16727500.0,3261,7.223431038551468
2017-12-09,16729587.5,3262,7.223485232732726
2017-12-10,16731650.0,3263,7.22353877124098
2017-12-11,16733812.5,3264,7.223594898468771
2017-12-12,16735900.0,3265,7.2236490722076185
2017-12-13,16737950.0,3266,7.223702266189728
2017-12-14,16740325.0,3267,7.2237638852185615
2017-12-15,16742462.5,3268,7.2238193348704955
2017-12-16,16744675.0,3269,7.223876722668578
2017-12-17,16746875.0,3270,7.223933778723706
2017-12-18,16749150.0,3271,7.223992771989196
2017-12-19,16751175.0,3272,7.224045275738155
2017-12-20,16752912.5,3273,7.224090320192088
2017-12-21,16754525.0,3274,7.224132119858363
2017-12-22,16756425.0,3275,7.224181367015874
2017-12-23,16758225.0,3276,7.224228017067012
2017-12-24,16760087.5,3277,7.2242762816372155
2017-12-25,16761850.0,3278,7.224321949882081
2017-12-26,16763462.5,3279,7.224363727261642
2017-12-27,16765387.5,3280,7.224413595770618
2017-12-28,16767312.5,3281,7.224463458554025
2017-12-29,16769250.0,3282,7.224513639341613
2017-12-30,16771225.0,3283,7.224564785403364
2017-12-31,16773100.0,3284,7.224613336218109
2018-01-01,16775137.5,3285,7.224666088617276
2018-01-02,16777200.0,3286,7.224719481759858
2018-01-03,16779237.5,3287,7.224772221268214
2018-01-04,16781275.0,3288,7.224824954372809
2018-01-05,16783225.0,3289,7.224875416869832
2018-01-06,16785125.0,3290,7.2249245798174595
2018-01-07,16787225.0,3291,7.2249789113380825
2018-01-08,16789262.5,3292,7.225031619353354
2018-01-09,16791300.0,3293,7.225084320972511
2018-01-10,16793262.5,3294,7.225135076608925
2018-01-11,16795612.5,3295,7.225195846255669
2018-01-12,16797987.5,3296,7.225257253749731
2018-01-13,16800012.5,3297,7.2253096048615175
2018-01-14,16801875.0,3298,7.225357749387529
2018-01-15,16803812.5,3299,7.225407826956072
2018-01-16,16805725.0,3300,7.225457252700032
2018-01-17,16807750.0,3301,7.22550957971037
2018-01-18,16809837.5,3302,7.225563515153069
2018-01-19,16812062.5,3303,7.225620995856042
2018-01-20,16814150.0,3304,7.225674917464498
2018-01-21,16816412.5,3305,7.225733351888055
2018-01-22,16818700.0,3306,7.225792424003772
2018-01-23,16820737.5,3307,7.225845033385719
2018-01-24,16823000.0,3308,7.2259034449261605
2018-01-25,16825075.0,3309,7.225957008825497
2018-01-26,16827062.5,3310,7.2260083078126
2018-01-27,16828987.5,3311,7.22605798784805
2018-01-28,16830937.5,3312,7.226108307285225
2018-01-29,16832900.0,3313,7.226158943397147
2018-01-30,16834887.5,3314,7.2262102185386325
2018-01-31,16836750.0,3315,7.2262582633343975
2018-02-01,16838237.5,3316,7.22629663086414
2018-02-02,16840462.5,3317,7.226354014624419
2018-02-03,16842312.5,3318,7.226401721192083
2018-02-04,16844525.0,3319,7.226458768787755
2018-02-05,16846800.0,3320,7.226517420084362
2018-02-06,16849087.5,3321,7.226576385655688
2018-02-07,16850987.5,3322,7.226625356437889
2018-02-08,16852725.0,3323,7.226670134096313
2018-02-09,16854375.0,3324,7.226712652491293
2018-02-10,16856112.5,3325,7.226757421150481
2018-02-11,16858012.5,3326,7.226806371524634
2018-02-12,16859850.0,3327,7.226853706441625
2018-02-13,16862012.5,3328,7.2269094069129975
2018-02-14,16864112.5,3329,7.22696349070787
2018-02-15,16866162.5,3330,7.227016280297579
2018-02-16,16867900.0,3331,7.227061017670255
2018-02-17,16869775.0,3332,7.227109290241166
2018-02-18,16871675.0,3333,7.227158200973603
2018-02-19,16873700.0,3334,7.227210323454204
2018-02-20,16875700.0,3335,7.227261796307933
2018-02-21,16877562.5,3336,7.2273097249177
2018-02-22,16879537.5,3337,7.227360542766553
2018-02-23,16881387.5,3338,7.227408138902756
2018-02-24,16883250.0,3339,7.227456051365809
2018-02-25,16885250.0,3340,7.227507495105675
2018-02-26,16887075.0,3341,7.227554432201669
2018-02-27,16889000.0,3342,7.227603935696588
2018-02-28,16891012.5,3343,7.22765568331781
2018-03-01,16892950.0,3344,7.227705496631427
2018-03-02,16894887.5,3345,7.227755304232141
2018-03-03,16897150.0,3346,7.227813459427239
2018-03-04,16899150.0,3347,7.227864860850756
2018-03-05,16901025.0,3348,7.227913044160719
2018-03-06,16902900.0,3349,7.22796122212552
2018-03-07,16904862.5,3350,7.228011642671494
2018-03-08,16906925.0,3351,7.2280646261092985
2018-03-09,16908787.5,3352,7.228112466205725
2018-03-10,16910612.5,3353,7.228159337967509
2018-03-11,16912300.0,3354,7.228202673794299
2018-03-12,16914350.0,3355,7.228255312981981
2018-03-13,16916412.5,3356,7.228308266702432
2018-03-14,16918287.5,3357,7.228356400846042
2018-03-15,16920075.0,3358,7.228402283762931
2018-03-16,16922012.5,3359,7.228452011520393
2018-03-17,16923825.0,3360,7.228498525881233
2018-03-18,16925725.0,3361,7.228547280415133
2018-03-19,16927700.0,3362,7.2285979536691825
2018-03-20,16929375.0,3363,7.22864092508699
2018-03-21,16931225.0,3364,7.228688381115076
2018-03-22,16933062.5,3365,7.228735511361728
2018-03-23,16934662.5,3366,7.228776545778511
2018-03-24,16936512.5,3367,7.228823986990238
2018-03-25,16938437.5,3368,7.228873345993192
2018-03-26,16940112.5,3369,7.2289162901721955
2018-03-27,16942012.5,3370,7.228964997832443
2018-03-28,16943887.5,3371,7.229013059247627
2018-03-29,16945600.0,3372,7.229056950693368
2018-03-30,16947612.5,3373,7.229108525482619
2018-03-31,16949312.5,3374,7.229152086992689
2018-04-01,16951125.0,3375,7.22919852643756
2018-04-02,16953137.5,3376,7.229250084417672
2018-04-03,16955187.5,3377,7.229302596813315
2018-04-04,16957087.5,3378,7.229351261169598
2018-04-05,16958987.5,3379,7.229399920073464
2018-04-06,16960837.5,3380,7.229447293241948
2018-04-07,16962775.0,3381,7.229496901493993
2018-04-08,16965012.5,3382,7.229554183974005
2018-04-09,16966875.0,3383,7.229601860276914
2018-04-10,16968787.5,3384,7.229650811034691
2018-04-11,16970812.5,3385,7.2297026352357365
2018-04-12,16972800.0,3386,7.229753493716623
2018-04-13,16974862.5,3387,7.229806265089027
2018-04-14,16976725.0,3388,7.229853913728335
2018-04-15,16978600.0,3389,7.229901876877231
2018-04-16,16980387.5,3390,7.229947596814383
2018-04-17,16982312.5,3391,7.22999682828765
2018-04-18,16984450.0,3392,7.230051487865895
2018-04-19,16986512.5,3393,7.230104223043476
2018-04-20,16988487.5,3394,7.230154714970053
2018-04-21,16990300.0,3395,7.230201047332512
2018-04-22,16992275.0,3396,7.230251528004017
2018-04-23,16994250.0,3397,7.23030200280853
2018-04-24,16996250.0,3398,7.230353110557155
2018-04-25,16997937.5,3399,7.23039622804239
2018-04-26,16999625.0,3400,7.2304393412472745
2018-04-27,17001450.0,3401,7.230485962563232
2018-04-28,17003187.5,3402,7.230530343960503
2018-04-29,17004825.0,3403,7.230572166881772
2018-04-30,17006812.5,3404,7.230622923643117
2018-05-01,17008775.0,3405,7.230673036134731
2018-05-02,17010662.5,3406,7.230721228044749
2018-05-03,17012512.5,3407,7.23076845731082
2018-05-04,17014200.0,3408,7.230811533581488
2018-05-05,17016125.0,3409,7.2308606672220614
2018-05-06,17018025.0,3410,7.23090915731313
2018-05-07,17019787.5,3411,7.230954133412874
2018-05-08,17021525.0,3412,7.230998466995074
2018-05-09,17023425.0,3413,7.231046941703744
2018-05-10,17025487.5,3414,7.231099556151858
2018-05-11,17027150.0,3415,7.231141961946518
2018-05-12,17029050.0,3416,7.231190420642232
2018-05-13,17031025.0,3417,7.231240786450453
2018-05-14,17032662.5,3418,7.231282541014733
2018-05-15,17034537.5,3419,7.231330346655019
2018-05-16,17036512.5,3420,7.2313806962393565
2018-05-17,17038462.5,3421,7.231430402760969
2018-05-18,17040187.5,3422,7.231474369172897
2018-05-19,17042125.0,3423,7.231523746430358
2018-05-20,17043937.5,3424,7.231569932976498
2018-05-21,17045775.0,3425,7.231616751565025
2018-05-22,17047725.0,3426,7.231666431078166
2018-05-23,17049675.0,3427,7.231716104909053
2018-05-24,17051687.5,3428,7.231767364892922
2018-05-25,17053550.0,3429,7.23181479886686
2018-05-26,17055662.5,3430,7.231868593547355
2018-05-27,17057675.0,3431,7.2319198355371395
2018-05-28,17059737.5,3432,7.231972344347414
2018-05-29,17061512.5,3433,7.232017528665461
2018-05-30,17063525.0,3434,7.232068753086582
2018-05-31,17065637.5,3435,7.2321225163217155
2018-06-01,17067737.5,3436,7.232175954835378
2018-06-02,17069762.5,3437,7.232227478604072
2018-06-03,17071775.0,3438,7.2322786782693385
2018-06-04,17073812.5,3439,7.232330507807074
2018-06-05,17076175.0,3440,7.232390596889984
2018-06-06,17078162.5,3441,7.232441141584857
2018-06-07,17079975.0,3442,7.232487230675586
2018-06-08,17081775.0,3443,7.232532997070349
2018-06-09,17083612.5,3444,7.23257971195753
2018-06-10,17085300.0,3445,7.2326226089586445
2018-06-11,17086950.0,3446,7.232664548596549
2018-06-12,17088700.0,3447,7.232709025605414
2018-06-13,17090425.0,3448,7.232752862771047
2018-06-14,17092437.5,3449,7.232804000539035
2018-06-15,17094275.0,3450,7.232850686286386
2018-06-16,17096287.5,3451,7.232901812537722
2018-06-17,17098350.0,3452,7.232954202762359
2018-06-18,17100237.5,3453,7.23300214221807
2018-06-19,17102275.0,3454,7.233053885493242
2018-06-20,17104100.0,3455,7.233100226997141
2018-06-21,17106300.0,3456,7.233156084155286
2018-06-22,17108250.0,3457,7.233205587903875
2018-06-23,17110175.0,3458,7.233254451454933
2018-06-24,17112287.5,3459,7.233308068116456
2018-06-25,17114200.0,3460,7.233356602936016
2018-06-26,17116237.5,3461,7.233408303999313
2018-06-27,17118000.0,3462,7.23345302204072
2018-06-28,17119675.0,3463,7.233495515770669
2018-06-29,17121525.0,3464,7.233542444312444
2018-06-30,17123400.0,3465,7.233590001850057
2018-07-01,17125175.0,3466,7.233635018187588
2018-07-02,17127087.5,3467,7.233683516484452
2018-07-03,17128575.0,3468,7.233721233638061
2018-07-04,17130187.5,3469,7.233762116600636
2018-07-05,17131775.0,3470,7.233802361959642
2018-07-06,17133650.0,3471,7.233849891044973
2018-07-07,17135650.0,3472,7.233900583003361
2018-07-08,17137625.0,3473,7.233950635506527
2018-07-09,17139487.5,3474,7.233997831633292
2018-07-10,17141300.0,3475,7.234043755826204
2018-07-11,17142962.5,3476,7.234085875126669
2018-07-12,17144775.0,3477,7.234131790010915
2018-07-13,17146550.0,3478,7.234176750227884
2018-07-14,17148262.5,3479,7.234220122927523
2018-07-15,17149987.5,3480,7.2342638078375066
2018-07-16,17151550.0,3481,7.2343033737099365
2018-07-17,17153212.5,3482,7.234345467840553
2018-07-18,17155275.0,3483,7.234397684212377
2018-07-19,17157425.0,3484,7.234452109141766
2018-07-20,17159500.0,3485,7.234504629060205
2018-07-21,17161337.5,3486,7.234551132360788
2018-07-22,17163262.5,3487,7.234599844764053
2018-07-23,17165425.0,3488,7.2346545606233965
2018-07-24,17167587.5,3489,7.234709269590072
2018-07-25,17169587.5,3490,7.234759861344623
2018-07-26,17171725.0,3491,7.234813924767869
2018-07-27,17173800.0,3492,7.234866400952236
2018-07-28,17175887.5,3493,7.234919186860818
2018-07-29,17177787.5,3494,7.234967225943476
2018-07-30,17179687.5,3495,7.235015259712922
2018-07-31,17181412.5,3496,7.2350588647186935
2018-08-01,17183262.5,3497,7.235105624642499
2018-08-02,17185050.0,3498,7.23515080005733
2018-08-03,17187212.5,3499,7.235205446551336
2018-08-04,17189275.0,3500,7.235257559634152
2018-08-05,17191437.5,3501,7.235312192697289
2018-08-06,17193162.5,3502,7.2353557679014155
2018-08-07,17194975.0,3503,7.23540154873204
2018-08-08,17196950.0,3504,7.235451428557185
2018-08-09,17198712.5,3505,7.23549593672882
2018-08-10,17200825.0,3506,7.235549277393308
2018-08-11,17203012.5,3507,7.235604504905672
2018-08-12,17205000.0,3508,7.2356546769569485
2018-08-13,17206975.0,3509,7.235704527719813
2018-08-14,17208662.5,3510,7.235747117193205
2018-08-15,17210637.5,3511,7.235796957346997
2018-08-16,17212550.0,3512,7.23584521483027
2018-08-17,17214512.5,3513,7.235894728373382
2018-08-18,17216512.5,3514,7.235945182227996
2018-08-19,17218362.5,3515,7.235991846825576
2018-08-20,17220212.5,3516,7.236038506409621
2018-08-21,17222087.5,3517,7.23608579141407
2018-08-22,17223987.5,3518,7.236133701634114
2018-08-23,17225912.5,3519,7.236182236862288
2018-08-24,17227850.0,3520,7.236231081777823
2018-08-25,17229475.0,3521,7.2362720442456645
2018-08-26,17231400.0,3522,7.236320564016479
2018-08-27,17233700.0,3523,7.236378528584106
2018-08-28,17235850.0,3524,7.236432705858674
2018-08-29,17237650.0,3525,7.236478058379778
2018-08-30,17239450.0,3526,7.236523406165301
2018-08-31,17241375.0,3527,7.236571897863429
2018-09-01,17243212.5,3528,7.236618180343174
2018-09-02,17245162.5,3529,7.236667291050224
2018-09-03,17247000.0,3530,7.236713563365638
2018-09-04,17248700.0,3531,7.236756368736732
2018-09-05,17250212.5,3532,7.236794449380827
2018-09-06,17252012.5,3533,7.236839764143463
2018-09-07,17253875.0,3534,7.2368866473585856
2018-09-08,17255687.5,3535,7.236932267105239
2018-09-09,17257800.0,3536,7.236985431659772
2018-09-10,17259637.5,3537,7.237031670092811
2018-09-11,17261262.5,3538,7.237072557122616
2018-09-12,17263250.0,3539,7.237122559872618
2018-09-13,17265287.5,3540,7.237173814577971
2018-09-14,17267037.5,3541,7.237217832195896
2018-09-15,17268687.5,3542,7.237259330435513
2018-09-16,17270437.5,3543,7.237303339387331
2018-09-17,17272187.5,3544,7.237347343879982
2018-09-18,17273887.5,3545,7.2373900868323915
2018-09-19,17275725.0,3546,7.237436282204988
2018-09-20,17277737.5,3547,7.237486871499524
2018-09-21,17279550.0,3548,7.237532428243477
2018-09-22,17281412.5,3549,7.237579236747338
2018-09-23,17283312.5,3550,7.23762698250643
2018-09-24,17285087.5,3551,7.237671582355197
2018-09-25,17287200.0,3552,7.237724656488296
2018-09-26,17289112.5,3553,7.237772700258
2018-09-27,17290762.5,3554,7.237814145514565
2018-09-28,17292687.5,3555,7.237862493315523
2018-09-29,17294612.5,3556,7.237910835734766
2018-09-30,17296525.0,3557,7.237958858913968
2018-10-01,17298625.0,3558,7.238011584131989
2018-10-02,17300462.5,3559,7.238057713447466
2018-10-03,17302212.5,3560,7.238101641574062
2018-10-04,17304050.0,3561,7.238147761325436
2018-10-05,17305812.5,3562,7.238191994036561
2018-10-06,17307437.5,3563,7.238232771977588
2018-10-07,17309062.5,3564,7.2382735460901415
2018-10-08,17310787.5,3565,7.2383168251905365
2018-10-09,17312500.0,3566,7.238359786408524
2018-10-10,17314062.5,3567,7.238398980892725
2018-10-11,17316037.5,3568,7.238448517660029
2018-10-12,17317912.5,3569,7.238495541008758
2018-10-13,17319650.0,3570,7.238539111433954
2018-10-14,17321287.5,3571,7.238580170208108
2018-10-15,17322950.0,3572,7.238621851863057
2018-10-16,17324775.0,3573,7.238667603059143
2018-10-17,17326462.5,3574,7.238709902959041
2018-10-18,17328200.0,3575,7.2387534518848415
2018-10-19,17329937.5,3576,7.238796996444208
2018-10-20,17331737.5,3577,7.238842102750705
2018-10-21,17333412.5,3578,7.238884072467135
2018-10-22,17335275.0,3579,7.2389307355243
2018-10-23,17337275.0,3580,7.238980837923158
2018-10-24,17339050.0,3581,7.239025298961406
2018-10-25,17340487.5,3582,7.239061302804773
2018-10-26,17342225.0,3583,7.239104816509933
2018-10-27,17344000.0,3584,7.239149264858293
2018-10-28,17345700.0,3585,7.239191830842999
2018-10-29,17347475.0,3586,7.239236270287129
2018-10-30,17349337.5,3587,7.239282895519537
2018-10-31,17351375.0,3588,7.239333895913716
2018-11-01,17353375.0,3589,7.2393839518262215
2018-11-02,17355062.5,3590,7.239426182015281
2018-11-03,17357150.0,3591,7.239478416642046
2018-11-04,17358887.5,3592,7.239521888577053
2018-11-05,17360587.5,3593,7.239564418057687
2018-11-06,17362237.5,3594,7.239605692688751
2018-11-07,17363850.0,3595,7.239646025470414
2018-11-08,17365375.0,3596,7.239684166205505
2018-11-09,17366975.0,3597,7.23972417911402
2018-11-10,17368500.0,3598,7.239762312986399
2018-11-11,17370275.0,3599,7.239806694096904
2018-11-12,17372112.5,3600,7.23985263314535
2018-11-13,17373675.0,3601,7.239891693139511
2018-11-14,17375300.0,3602,7.239932311807175
2018-11-15,17376975.0,3603,7.239974176304263
2018-11-16,17378562.5,3604,7.240013850125477
2018-11-17,17380212.5,3605,7.240055082067379
2018-11-18,17381925.0,3606,7.240097871685874
2018-11-19,17383387.5,3607,7.240134411307381
2018-11-20,17385125.0,3608,7.240177817631591
2018-11-21,17386562.5,3609,7.240213726059567
2018-11-22,17388000.0,3610,7.240249631518799
2018-11-23,17389462.5,3611,7.240286158374671
2018-11-24,17391212.5,3612,7.240329861686581
2018-11-25,17392950.0,3613,7.2403732484815295
2018-11-26,17394350.0,3614,7.2404082044726525
2018-11-27,17395925.0,3615,7.240447526599854
2018-11-28,17397487.5,3616,7.240486533128945
2018-11-29,17398962.5,3617,7.240523352078073
2018-11-30,17400250.0,3618,7.24055548810102
2018-12-01,17401537.5,3619,7.240587621746207
2018-12-02,17403037.5,3620,7.24062505600439
2018-12-03,17404562.5,3621,7.2406631108593835
2018-12-04,17406000.0,3622,7.240698979186308
2018-12-05,17407687.5,3623,7.240741081703531
2018-12-06,17409362.5,3624,7.240782868314272
2018-12-07,17410937.5,3625,7.240822156534619
2018-12-08,17412412.5,3626,7.240858947042205
2018-12-09,17414000.0,3627,7.240898540123491
2018-12-10,17415587.5,3628,7.240938129595546
2018-12-11,17417137.5,3629,7.240976780401498
2018-12-12,17418700.0,3630,7.241015739426292
2018-12-13,17420137.5,3631,7.241051578642688
2018-12-14,17422000.0,3632,7.241098009403334
2018-12-15,17423837.5,3633,7.2411438120683576
2018-12-16,17425500.0,3634,7.241185248412833
2018-12-17,17427200.0,3635,7.241227615323852
2018-12-18,17428975.0,3636,7.241271846953171
2018-12-19,17430687.5,3637,7.241314516861456
2018-12-20,17432487.5,3638,7.241359362465341
2018-12-21,17434087.5,3639,7.241399221337143
2018-12-22,17436112.5,3640,7.241449662477534
2018-12-23,17438287.5,3641,7.241503833473988
2018-12-24,17440362.5,3642,7.241555507552601
2018-12-25,17442275.0,3643,7.241603129421645
2018-12-26,17444362.5,3644,7.241655102887535
2018-12-27,17446300.0,3645,7.2417033361682615
2018-12-28,17448537.5,3646,7.2417590311635225
2018-12-29,17450337.5,3647,7.241803830892346
2018-12-30,17452362.5,3648,7.241854225063962
2018-12-31,17454412.5,3649,7.2419052354302265
2019-01-01,17456325.0,3650,7.241952818967954
2019-01-02,17458200.0,3651,7.2419994644345245
2019-01-03,17460100.0,3652,7.242046726730595
2019-01-04,17462025.0,3653,7.242094605654257
2019-01-05,17463962.5,3654,7.242142790150662
2019-01-06,17465875.0,3655,7.242190347669214
2019-01-07,17467562.5,3656,7.242232305861206
2019-01-08,17469550.0,3657,7.242281718089175
2019-01-09,17471612.5,3658,7.24233298898607
2019-01-10,17473612.5,3659,7.242382700439624
2019-01-11,17475625.0,3660,7.242432716846751
2019-01-12,17477362.5,3661,7.24247589408091
2019-01-13,17479087.5,3662,7.24251875644147
2019-01-14,17480925.0,3663,7.242564409520755
2019-01-15,17482625.0,3664,7.242606642109826
2019-01-16,17484275.0,3665,7.2426476286368375
2019-01-17,17485925.0,3666,7.242688611296112
2019-01-18,17487550.0,3667,7.242728969226435
2019-01-19,17489275.0,3668,7.242771806618444
2019-01-20,17491012.5,3669,7.242814950155382
2019-01-21,17492987.5,3670,7.242863985806118
2019-01-22,17494775.0,3671,7.242908361400989
2019-01-23,17496525.0,3672,7.24295180164722
2019-01-24,17498362.5,3673,7.242997409229827
2019-01-25,17500262.5,3674,7.243044563054665
2019-01-26,17502112.5,3675,7.243090471070466
2019-01-27,17503862.5,3676,7.24313389310593
2019-01-28,17505587.5,3677,7.243176690578149
2019-01-29,17507512.5,3678,7.243224445097372
2019-01-30,17509125.0,3679,7.243264443218412
2019-01-31,17510987.5,3680,7.2433106380142345
2019-02-01,17512987.5,3681,7.243360237693583
2019-02-02,17514850.0,3682,7.243406422301657
2019-02-03,17516625.0,3683,7.243450432592747
2019-02-04,17518387.5,3684,7.243494128539766
2019-02-05,17520137.5,3685,7.243537510237138
2019-02-06,17522225.0,3686,7.243589252737778
2019-02-07,17524312.5,3687,7.243640989074473
2019-02-08,17526362.5,3688,7.243691790018473
2019-02-09,17528312.5,3689,7.2437401073536405
2019-02-10,17530175.0,3690,7.243786251584666
2019-02-11,17531987.5,3691,7.243831152337673
2019-02-12,17533587.5,3692,7.243870785007124
2019-02-13,17535437.5,3693,7.243916605773014
2019-02-14,17537250.0,3694,7.243961493051707
2019-02-15,17538950.0,3695,7.244003590007466
2019-02-16,17540625.0,3696,7.244045063899766
2019-02-17,17542537.5,3697,7.244092413576265
2019-02-18,17544512.5,3698,7.244141305210225
2019-02-19,17546537.5,3699,7.244191428892863
2019-02-20,17548362.5,3700,7.244236597132704
2019-02-21,17549937.5,3701,7.244275574166319
2019-02-22,17551562.5,3702,7.244315784899968
2019-02-23,17553487.5,3703,7.244363414336673
2019-02-24,17555275.0,3704,7.244407636994026
2019-02-25,17556912.5,3705,7.24444814470746
2019-02-26,17558875.0,3706,7.2444966871427745
2019-02-27,17560787.5,3707,7.244543987608573
2019-02-28,17562512.5,3708,7.244586646355438
2019-03-01,17564600.0,3709,7.2446382640186915
2019-03-02,17566325.0,3710,7.244680913506678
2019-03-03,17568112.5,3711,7.244725103847683
2019-03-04,17569912.5,3712,7.244769598668785
2019-03-05,17571737.5,3713,7.244814706819949
2019-03-06,17573375.0,3714,7.244855176584536
2019-03-07,17574987.5,3715,7.244895024805207
2019-03-08,17576975.0,3716,7.244944135023943
2019-03-09,17578700.0,3717,7.2449867544862006
2019-03-10,17580412.5,3718,7.245029060975072
2019-03-11,17582125.0,3719,7.245071363343087
2019-03-12,17583975.0,3720,7.245117057622081
2019-03-13,17585575.0,3721,7.245156573121798
2019-03-14,17587425.0,3722,7.245202258436798
2019-03-15,17589262.5,3723,7.245247630310499
2019-03-16,17591387.5,3724,7.245300095274914
2019-03-17,17593287.5,3725,7.2453469997591196
2019-03-18,17595250.0,3726,7.2453954418361235
2019-03-19,17597237.5,3727,7.245444495503256
2019-03-20,17599387.5,3728,7.245497553609666
2019-03-21,17601300.0,3729,7.245544745199174
2019-03-22,17603225.0,3730,7.2455922400526624
2019-03-23,17605100.0,3731,7.2456384962806615
2019-03-24,17606925.0,3732,7.245683514278359
2019-03-25,17608850.0,3733,7.245730993959183
2019-03-26,17610612.5,3734,7.245774461063487
2019-03-27,17612325.0,3735,7.245816690891754
2019-03-28,17614187.5,3736,7.245862615021956
2019-03-29,17616000.0,3737,7.2459073016276765
2019-03-30,17617812.5,3738,7.245951983635855
2019-03-31,17619537.5,3739,7.24599450431246
2019-04-01,17621287.5,3740,7.246037636977144
2019-04-02,17623087.5,3741,7.246081997534998
2019-04-03,17624962.5,3742,7.246128201631641
2019-04-04,17626625.0,3743,7.2461691651528835
2019-04-05,17628625.0,3744,7.246218439457547
2019-04-06,17630450.0,3745,7.246263397382857
2019-04-07,17632200.0,3746,7.246306503351578
2019-04-08,17634025.0,3747,7.246351452161958
2019-04-09,17635775.0,3748,7.246394549392107
2019-04-10,17637500.0,3749,7.246437026762404
2019-04-11,17639362.5,3750,7.246482885345961
2019-04-12,17641362.5,3751,7.246532124071341
2019-04-13,17643150.0,3752,7.246576126458341
2019-04-14,17644700.0,3753,7.246614278765573
2019-04-15,17646462.5,3754,7.2466576575590596
2019-04-16,17648187.5,3755,7.2467001092043875
2019-04-17,17649987.5,3756,7.246744402149737
2019-04-18,17651762.5,3757,7.246788075492051
2019-04-19,17653650.0,3758,7.246834512045392
2019-04-20,17655437.5,3759,7.246878483806886
2019-04-21,17657250.0,3760,7.246923066012595
2019-04-22,17659175.0,3761,7.246970410378764
2019-04-23,17660775.0,3762,7.247009757612921
2019-04-24,17662412.5,3763,7.247050023357037
2019-04-25,17664312.5,3764,7.247096739236667
2019-04-26,17666187.5,3765,7.24714283550784
2019-04-27,17668037.5,3766,7.247188312367301
2019-04-28,17669775.0,3767,7.247231019405996
2019-04-29,17671850.0,3768,7.247282016554599
2019-04-30,17673850.0,3769,7.247331164765823
2019-05-01,17675637.5,3770,7.247375086273147
2019-05-02,17677850.0,3771,7.247429444505412
2019-05-03,17680050.0,3772,7.247483488883694
2019-05-04,17681750.0,3773,7.247525245842888
2019-05-05,17683375.0,3774,7.2475651568305395
2019-05-06,17685212.5,3775,7.247610282529224
2019-05-07,17686875.0,3776,7.24765110650246
2019-05-08,17688637.5,3777,7.247694381862781
2019-05-09,17690600.0,3778,7.247742562828897
2019-05-10,17692312.5,3779,7.247784601725545
2019-05-11,17693812.5,3780,7.247821420773872
2019-05-12,17695637.5,3781,7.247866213073848
2019-05-13,17697737.5,3782,7.247917749182685
2019-05-14,17699650.0,3783,7.247964678532906
2019-05-15,17701550.0,3784,7.248011296134366
2019-05-16,17703412.5,3785,7.248056988795292
2019-05-17,17705262.5,3786,7.248102370035468
2019-05-18,17707137.5,3787,7.248148359697526
2019-05-19,17709075.0,3788,7.2481958772325825
2019-05-20,17711200.0,3789,7.248247987261381
2019-05-21,17713112.5,3790,7.2482948809419545
2019-05-22,17715162.5,3791,7.2483451404416845
2019-05-23,17717112.5,3792,7.248392942861403
2019-05-24,17719150.0,3793,7.248442884641118
2019-05-25,17720862.5,3794,7.24848485580582
2019-05-26,17722800.0,3795,7.248532336540043
2019-05-27,17724900.0,3796,7.248583793667758
2019-05-28,17727025.0,3797,7.248635857174897
2019-05-29,17729137.5,3798,7.248687608240405
2019-05-30,17731225.0,3799,7.248738740810301
2019-05-31,17733025.0,3800,7.248782826336885
2019-06-01,17734600.0,3801,7.248821397501966
2019-06-02,17736400.0,3802,7.2488654746392385
2019-06-03,17738025.0,3803,7.248905262657429
2019-06-04,17739625.0,3804,7.248944434991081
2019-06-05,17741550.0,3805,7.248991559522808
2019-06-06,17743587.5,3806,7.249041432515852
2019-06-07,17745550.0,3807,7.2490894642789
2019-06-08,17747262.5,3808,7.249131373006243
2019-06-09,17748987.5,3809,7.249173583548589
2019-06-10,17750912.5,3810,7.249220683223713
2019-06-11,17752800.0,3811,7.249266860413514
2019-06-12,17754425.0,3812,7.249306611677297
2019-06-13,17756250.0,3813,7.2493512510670115
2019-06-14,17758187.5,3814,7.249398637179182
2019-06-15,17760250.0,3815,7.249449074779086
2019-06-16,17761962.5,3816,7.249490948820622
2019-06-17,17763600.0,3817,7.249530985186809
2019-06-18,17765475.0,3818,7.2495768238220295
2019-06-19,17767487.5,3819,7.24962601857441
2019-06-20,17769637.5,3820,7.249678568303024
2019-06-21,17771237.5,3821,7.249717670951538
2019-06-22,17772925.0,3822,7.249758908211736
2019-06-23,17774975.0,3823,7.249808998579319
2019-06-24,17777262.5,3824,7.249864885280048
2019-06-25,17779175.0,3825,7.249911604707294
2019-06-26,17781250.0,3826,7.2499622880751655
2019-06-27,17783062.5,3827,7.250006554852381
2019-06-28,17785100.0,3828,7.2500563114293675
2019-06-29,17787087.5,3829,7.250104841494249
2019-06-30,17789250.0,3830,7.250157638487097
2019-07-01,17790937.5,3831,7.2501988339944985
2019-07-02,17792887.5,3832,7.250246432825741
2019-07-03,17794900.0,3833,7.250295551790821
2019-07-04,17797087.5,3834,7.250348935670009
2019-07-05,17799212.5,3835,7.250400788012816
2019-07-06,17801562.5,3836,7.250458123395766
2019-07-07,17803562.5,3837,7.250506913504758
2019-07-08,17805725.0,3838,7.2505596616434715
2019-07-09,17807812.5,3839,7.250610574290496
2019-07-10,17809612.5,3840,7.250654470224471
2019-07-11,17811300.0,3841,7.250695618633499
2019-07-12,17813112.5,3842,7.2507398107306535
2019-07-13,17814962.5,3843,7.2507849125102055
2019-07-14,17816725.0,3844,7.250827876741129
2019-07-15,17818550.0,3845,7.250872360047637
2019-07-16,17820525.0,3846,7.250920494383483
2019-07-17,17822400.0,3847,7.2509661866017465
2019-07-18,17823962.5,3848,7.251004259778408
2019-07-19,17825450.0,3849,7.251040502341575
2019-07-20,17827175.0,3850,7.25108252774542
2019-07-21,17829275.0,3851,7.251133683618371
2019-07-22,17831212.5,3852,7.2511808756574325
2019-07-23,17833100.0,3853,7.251226844906684
2019-07-24,17834862.5,3854,7.251269765442164
2019-07-25,17836662.5,3855,7.25131359480287
2019-07-26,17838600.0,3856,7.2513607672972284
2019-07-27,17840487.5,3857,7.251406717510242
2019-07-28,17842575.0,3858,7.251457530958891
2019-07-29,17844850.0,3859,7.25151290172031
2019-07-30,17846750.0,3860,7.251559140023799
2019-07-31,17848712.5,3861,7.2516068941562235
2019-08-01,17850712.5,3862,7.2516555553861854
2019-08-02,17852525.0,3863,7.251699649916779
2019-08-03,17854650.0,3864,7.251751341251932
2019-08-04,17856900.0,3865,7.251806066548681
2019-08-05,17858812.5,3866,7.25185257762962
2019-08-06,17860650.0,3867,7.25189726005513
2019-08-07,17862712.5,3868,7.251947408322663
2019-08-08,17864500.0,3869,7.251990865471023
2019-08-09,17866312.5,3870,7.252034925971977
2019-08-10,17868137.5,3871,7.252079285822495
2019-08-11,17870087.5,3872,7.252126679012311
2019-08-12,17871800.0,3873,7.252168295689708
2019-08-13,17873612.5,3874,7.252212338194414
2019-08-14,17875587.5,3875,7.25226032425299
2019-08-15,17877562.5,3876,7.252308305010078
2019-08-16,17879437.5,3877,7.252353851457169
2019-08-17,17881175.0,3878,7.252396053567824
2019-08-18,17882837.5,3879,7.252436430165762
2019-08-19,17884500.0,3880,7.2524768030102145
2019-08-20,17886550.0,3881,7.252526580899814
2019-08-21,17888337.5,3882,7.252569980135496
2019-08-22,17890075.0,3883,7.252612161250317
2019-08-23,17891875.0,3884,7.252655855351286
2019-08-24,17893812.5,3885,7.252702882284023
2019-08-25,17895800.0,3886,7.252751117524551
2019-08-26,17897662.5,3887,7.252796314240196
2019-08-27,17899287.5,3888,7.252835743774476
2019-08-28,17901112.5,3889,7.252880021907131
2019-08-29,17903037.5,3890,7.252926721347195
2019-08-30,17905112.5,3891,7.252977054081556
2019-08-31,17907150.0,3892,7.253026471512685
2019-09-01,17909100.0,3893,7.2530737614573635
2019-09-02,17910825.0,3894,7.253115590577992
2019-09-03,17912912.5,3895,7.2531662044890615
2019-09-04,17914787.5,3896,7.253211661057823
2019-09-05,17916587.5,3897,7.253255294888123
2019-09-06,17918712.5,3898,7.2533068014068425
2019-09-07,17920562.5,3899,7.253351637402673
2019-09-08,17922650.0,3900,7.253402223813252
2019-09-09,17924725.0,3901,7.253452501472409
2019-09-10,17926662.5,3902,7.253499442225232
2019-09-11,17928975.0,3903,7.253555461644258
2019-09-12,17931175.0,3904,7.253608749087919
2019-09-13,17933037.5,3905,7.253653856643161
2019-09-14,17934912.5,3906,7.253699262201845
2019-09-15,17936925.0,3907,7.253747992219969
2019-09-16,17938837.5,3908,7.253794295804314
2019-09-17,17940712.5,3909,7.253839686683202
2019-09-18,17942675.0,3910,7.253887190722311
2019-09-19,17944737.5,3911,7.253937109750043
2019-09-20,17946500.0,3912,7.253979763282119
2019-09-21,17948587.5,3913,7.254030276586035
2019-09-22,17950687.5,3914,7.254081086437378
2019-09-23,17952537.5,3915,7.254125842572362
2019-09-24,17954087.5,3916,7.254163337404994
2019-09-25,17956050.0,3917,7.254210806057632
2019-09-26,17958137.5,3918,7.254261292497398
2019-09-27,17960037.5,3919,7.25430723912561
2019-09-28,17961875.0,3920,7.254351669728306
2019-09-29,17963662.5,3921,7.254394886973813
2019-09-30,17965375.0,3922,7.254436286874983
2019-10-01,17967037.5,3923,7.254476474244906
2019-10-02,17968862.5,3924,7.254520585422317
2019-10-03,17970700.0,3925,7.254564994205045
2019-10-04,17972537.5,3926,7.254609398447216
2019-10-05,17974412.5,3927,7.254654704218877
2019-10-06,17976362.5,3928,7.254701817208265
2019-10-07,17978250.0,3929,7.254747415298655
2019-10-08,17980237.5,3930,7.25479542400779
2019-10-09,17982212.5,3931,7.254843125518818
2019-10-10,17983950.0,3932,7.254885086440441
2019-10-11,17986000.0,3933,7.254934589077441
2019-10-12,17987825.0,3934,7.254978653751139
2019-10-13,17989512.5,3935,7.255019394505719
2019-10-14,17991200.0,3936,7.255060131438804
2019-10-15,17993087.5,3937,7.255105691926023
2019-10-16,17994900.0,3938,7.255149437564709
2019-10-17,17996725.0,3939,7.255193480445804
2019-10-18,17998650.0,3940,7.255239931795649
2019-10-19,18000550.0,3941,7.2552857750097415
2019-10-20,18002350.0,3942,7.255329200959767
2019-10-21,18004225.0,3943,7.255374431707446
2019-10-22,18006237.5,3944,7.255422974135677
2019-10-23,18008412.5,3945,7.255475430038999
2019-10-24,18010237.5,3946,7.255519439874467
2019-10-25,18012000.0,3947,7.255561938290895
2019-10-26,18013737.5,3948,7.255603829822631
2019-10-27,18015312.5,3949,7.255641799950038
2019-10-28,18016887.5,3950,7.255679766758028
2019-10-29,18018562.5,3951,7.25572014051541
2019-10-30,18020225.0,3952,7.255760209265041
2019-10-31,18021887.5,3953,7.255800274318203
2019-11-01,18023550.0,3954,7.255840335675575
2019-11-02,18025187.5,3955,7.255879790994342
2019-11-03,18026887.5,3956,7.255920748449345
2019-11-04,18028587.5,3957,7.255961702042095
2019-11-05,18030350.0,3958,7.256004157204561
2019-11-06,18032025.0,3959,7.256044500817965
2019-11-07,18033762.5,3960,7.256086345830383
2019-11-08,18035275.0,3961,7.256122768782022
2019-11-09,18037012.5,3962,7.25616460625423
2019-11-10,18038962.5,3963,7.256211555740172
2019-11-11,18040937.5,3964,7.256259101969658
2019-11-12,18042725.0,3965,7.256302129829539
2019-11-13,18044487.5,3966,7.256344551727599
2019-11-14,18046337.5,3967,7.256389075220327
2019-11-15,18048400.0,3968,7.2564387075175505
2019-11-16,18050250.0,3969,7.25648322135905
2019-11-17,18052175.0,3970,7.256529534972524
2019-11-18,18053887.5,3971,7.256570731893446
2019-11-19,18055775.0,3972,7.256616134191811
2019-11-20,18057575.0,3973,7.256659427326792
2019-11-21,18059337.5,3974,7.256701814340076
2019-11-22,18061112.5,3975,7.2567444977898115
2019-11-23,18062925.0,3976,7.256788078674097
2019-11-24,18064825.0,3977,7.25683375876856
2019-11-25,18066450.0,3978,7.256872823458836
2019-11-26,18068025.0,3979,7.256910682805592
2019-11-27,18069512.5,3980,7.2569464358251325
2019-11-28,18071525.0,3981,7.25699480287302
2019-11-29,18073337.5,3982,7.257038358648013
2019-11-30,18074950.0,3983,7.2570771045970455
2019-12-01,18076562.5,3984,7.257115847089633
2019-12-02,18078412.5,3985,7.257160291584047
2019-12-03,18080287.5,3986,7.2572053320392795
2019-12-04,18082362.5,3987,7.257255171365266
2019-12-05,18084300.0,3988,7.2573017029223035
2019-12-06,18086100.0,3989,7.257344927772904
2019-12-07,18088062.5,3990,7.257392049965246
2019-12-08,18089862.5,3991,7.257435265825087
2019-12-09,18091712.5,3992,7.257479677644762
2019-12-10,18093600.0,3993,7.257524985023845
2019-12-11,18095325.0,3994,7.2575663876342755
2019-12-12,18097012.5,3995,7.2576068863690555
2019-12-13,18098837.5,3996,7.257650680750464
2019-12-14,18100712.5,3997,7.257695670379025
2019-12-15,18102475.0,3998,7.257737956380773
2019-12-16,18104162.5,3999,7.257778439120368
2019-12-17,18105987.5,4000,7.257822216206635
2019-12-18,18107650.0,4001,7.25786209149266
2019-12-19,18109500.0,4002,7.257906459687961
2019-12-20,18111487.5,4003,7.2579541204693605
2019-12-21,18113537.5,4004,7.258003274538342
2019-12-22,18115750.0,4005,7.258056318724894
2019-12-23,18117725.0,4006,7.258103663430452
2019-12-24,18119387.5,4007,7.258143512884609
2019-12-25,18121025.0,4008,7.258182759524784
2019-12-26,18122750.0,4009,7.258224099478023
2019-12-27,18124712.5,4010,7.258271126379372
2019-12-28,18126562.5,4011,7.258315452808841
2019-12-29,18128425.0,4012,7.258360074171529
2019-12-30,18130487.5,4013,7.258409481741042
2019-12-31,18132475.0,4014,7.25845708735427
2020-01-01,18134425.0,4015,7.258503789677354
2020-01-02,18136275.0,4016,7.258548092367526
2020-01-03,18138262.5,4017,7.258595682790073
2020-01-04,18140387.5,4018,7.258646559863784
2020-01-05,18142512.5,4019,7.258697430978006
2020-01-06,18144350.0,4020,7.258741414726184
2020-01-07,18146287.5,4021,7.258787787323495
2020-01-08,18148275.0,4022,7.258835351488714
2020-01-09,18150112.5,4023,7.258879321271734
2020-01-10,18152037.5,4024,7.258925380079736
2020-01-11,18153987.5,4025,7.258972032074303
2020-01-12,18155925.0,4026,7.259018380054871
2020-01-13,18157887.5,4027,7.25906532103203
2020-01-14,18159600.0,4028,7.259106278121962
2020-01-15,18161450.0,4029,7.259150519397598
2020-01-16,18163350.0,4030,7.259195951692689
2020-01-17,18165387.5,4031,7.2592446665707
2020-01-18,18167137.5,4032,7.259286503208474
2020-01-19,18169000.0,4033,7.259331024917654
2020-01-20,18170675.0,4034,7.259371060677892
2020-01-21,18172412.5,4035,7.259412586410282
2020-01-22,18174662.5,4036,7.2594663548406455
2020-01-23,18176612.5,4037,7.259512948762896
2020-01-24,18178587.5,4038,7.259560134948234
2020-01-25,18180562.5,4039,7.25960731600734
2020-01-26,18182462.5,4040,7.259652700543768
2020-01-27,18184150.0,4041,7.259693005201714
2020-01-28,18185887.5,4042,7.259734500163763
2020-01-29,18187712.5,4043,7.259778080531399
2020-01-30,18189800.0,4044,7.259827923946722
2020-01-31,18191612.5,4045,7.259871196524394
2020-02-01,18193525.0,4046,7.259916851880095
2020-02-02,18195300.0,4047,7.25995922053069
2020-02-03,18197150.0,4048,7.260003375007358
2020-02-04,18198812.5,4049,7.260043050538767
2020-02-05,18200687.5,4050,7.260087793029971
2020-02-06,18202462.5,4051,7.260130145008082
2020-02-07,18204237.5,4052,7.260172492856472
2020-02-08,18206000.0,4053,7.260214538395172
2020-02-09,18207862.5,4054,7.26025896507324
2020-02-10,18209487.5,4055,7.260297722892443
2020-02-11,18211187.5,4056,7.260338265832395
2020-02-12,18213012.5,4057,7.260381785658781
2020-02-13,18214787.5,4058,7.260424108978114
2020-02-14,18216550.0,4059,7.260466130165228
2020-02-15,18218262.5,4060,7.260506955367817
2020-02-16,18220037.5,4061,7.260549266491332
2020-02-17,18221850.0,4062,7.260592467258532
2020-02-18,18223787.5,4063,7.260638642637381
2020-02-19,18225700.0,4064,7.260684217390518
2020-02-20,18227250.0,4065,7.260721150283322
2020-02-21,18229025.0,4066,7.260763440545066
2020-02-22,18230912.5,4067,7.260808406658095
2020-02-23,18232737.5,4068,7.260851879400409
2020-02-24,18234525.0,4069,7.26089445464921
2020-02-25,18236300.0,4070,7.2609367280392965
2020-02-26,18238075.0,4071,7.260978997314972
2020-02-27,18239812.5,4072,7.261020369593609
2020-02-28,18241712.5,4073,7.261065606711101
2020-02-29,18243487.5,4074,7.261107863445667
2020-03-01,18245587.5,4075,7.2611578520196725
2020-03-02,18247587.5,4076,7.261205454836619
2020-03-03,18249462.5,4077,7.261250077739253
2020-03-04,18251425.0,4078,7.261296778133678
2020-03-05,18253475.0,4079,7.261345555349276
2020-03-06,18255500.0,4080,7.261393732342838
2020-03-07,18257462.5,4081,7.261440417293233
2020-03-08,18259400.0,4082,7.261486502608448
2020-03-09,18261400.0,4083,7.261534069417755
2020-03-10,18263187.5,4084,7.2615765778451
2020-03-11,18264687.5,4085,7.261612246042235
2020-03-12,18266412.5,4086,7.261653260847803
2020-03-13,18268150.0,4087,7.261694568946833
2020-03-14,18269725.0,4088,7.261732010303749
2020-03-15,18271337.5,4089,7.261770339777749
2020-03-16,18272787.5,4090,7.26180480370316
2020-03-17,18274350.0,4091,7.261841938492629
2020-03-18,18275675.0,4092,7.261873426306319
2020-03-19,18277012.5,4093,7.261905208859643
2020-03-20,18278362.5,4094,7.26193728608773
2020-03-21,18279775.0,4095,7.261970845836554
2020-03-22,18281337.5,4096,7.262007966431743
2020-03-23,18282875.0,4097,7.262044490000592
2020-03-24,18284325.0,4098,7.262078932178231
2020-03-25,18285800.0,4099,7.262113965384224
2020-03-26,18287262.5,4100,7.262148698908666
2020-03-27,18289300.0,4101,7.262197083718354
2020-03-28,18291187.5,4102,7.262241901646782
2020-03-29,18292850.0,4103,7.262281373210119
2020-03-30,18294737.5,4104,7.262326182441409
2020-03-31,18296600.0,4105,7.262370393641573
2020-04-01,18298562.5,4106,7.2624169737283015
2020-04-02,18300500.0,4107,7.26246295553778
2020-04-03,18302237.5,4108,7.262504186697765
2020-04-04,18304162.5,4109,7.262549862693134
2020-04-05,18306187.5,4110,7.262597906283362
2020-04-06,18308087.5,4111,7.262642979387573
2020-04-07,18309862.5,4112,7.262685082930015
2020-04-08,18311850.0,4113,7.26273222219384
2020-04-09,18313700.0,4114,7.262776095653336
2020-04-10,18315637.5,4115,7.262822039457777
2020-04-11,18317662.5,4116,7.262870052949696
2020-04-12,18319662.5,4117,7.262917468472782
2020-04-13,18321625.0,4118,7.262963989923293
2020-04-14,18323762.5,4119,7.263014654114311
2020-04-15,18325887.5,4120,7.263065016165522
2020-04-16,18328025.0,4121,7.263115668573017
2020-04-17,18329637.5,4122,7.263153876129351
2020-04-18,18331525.0,4123,7.263198595433346
2020-04-19,18333400.0,4124,7.263243014024371
2020-04-20,18335387.5,4125,7.26329009277131
2020-04-21,18337362.5,4126,7.2633368703706225
2020-04-22,18339087.5,4127,7.263377722633141
2020-04-23,18340762.5,4128,7.263417387095111
2020-04-24,18342537.5,4129,7.2634594156315835
2020-04-25,18344312.5,4130,7.263501440101168
2020-04-26,18346025.0,4131,7.263541980982035
2020-04-27,18347737.5,4132,7.263582518078813
2020-04-28,18349575.0,4133,7.263626009880081
2020-04-29,18351487.5,4134,7.263671272231676
2020-04-30,18353225.0,4135,7.263712388841042
2020-05-01,18354937.5,4136,7.263752910035793
2020-05-02,18356812.5,4137,7.263797271971918
2020-05-03,18358737.5,4138,7.263842812179183
2020-05-04,18360700.0,4139,7.263889234618064
2020-05-05,18362675.0,4140,7.2639359477321275
2020-05-06,18364637.5,4141,7.263982360217199
2020-05-07,18366525.0,4142,7.264026994297883
2020-05-08,18368337.5,4143,7.264069850521944
2020-05-09,18370125.0,4144,7.264112111484118
2020-05-10,18371937.5,4145,7.264154959310044
2020-05-11,18374050.0,4146,7.264204893855633
2020-05-12,18375475.0,4147,7.264238574271205
2020-05-13,18376262.5,4148,7.264257186011918
2020-05-14,18377031.25,4149,7.264275353846632
2020-05-15,18377762.5,4150,7.264292634740226
2020-05-16,18378581.25,4151,7.264311982617127
2020-05-17,18379325.0,4152,7.264329557422328
2020-05-18,18379968.75,4153,7.264344768654331
2020-05-19,18380750.0,4154,7.264363228171749
2020-05-20,18381481.25,4155,7.264380505569183
2020-05-21,18382256.25,4156,7.264398815906837
2020-05-22,18383000.0,4157,7.264416387198535
2020-05-23,18383706.25,4158,7.264433071884718
2020-05-24,18384456.25,4159,7.264450789433779
2020-05-25,18385193.75,4160,7.2644682109855445
2020-05-26,18385975.0,4161,7.2644866652569515
2020-05-27,18386762.5,4162,7.26450526636896
2020-05-28,18387618.75,4163,7.264525490483551
2020-05-29,18388393.75,4164,7.2645437947096285
2020-05-30,18389281.25,4165,7.264564755053248
2020-05-31,18390275.0,4166,7.264588223533322
2020-06-01,18391143.75,4167,7.264608738964432
2020-06-02,18391981.25,4168,7.26462851551298
2020-06-03,18392806.25,4169,7.264647996008694
2020-06-04,18393650.0,4170,7.264667918339168
2020-06-05,18394637.5,4171,7.264691233683812
2020-06-06,18395875.0,4172,7.264720449880328
2020-06-07,18397000.0,4173,7.264747008353527
2020-06-08,18397993.75,4174,7.264770466987298
2020-06-09,18399018.75,4175,7.264794661986501
2020-06-10,18399968.75,4176,7.26481708541638
2020-06-11,18401093.75,4177,7.264843637980849
2020-06-12,18402237.5,4178,7.264870631423941
2020-06-13,18403206.25,4179,7.264893493410461
2020-06-14,18404268.75,4180,7.264918566463538
2020-06-15,18405218.75,4181,7.264940983497076
2020-06-16,18406143.75,4182,7.2649628094969065
2020-06-17,18407025.0,4183,7.264983602165685
2020-06-18,18407856.25,4184,7.265003214196249
2020-06-19,18408706.25,4185,7.265023267687646
2020-06-20,18409543.75,4186,7.265043025369158
2020-06-21,18410406.25,4187,7.265063371892752
2020-06-22,18411331.25,4188,7.265085191742825
2020-06-23,18412275.0,4189,7.265107452757382
2020-06-24,18413200.0,4190,7.26512927039291
2020-06-25,18414025.0,4191,7.2651487284404626
2020-06-26,18415043.75,4192,7.265172754978117
2020-06-27,18415975.0,4193,7.265194716723954
2020-06-28,18416856.25,4194,7.2652154982929655
2020-06-29,18417781.25,4195,7.265237310501425
2020-06-30,18418687.5,4196,7.265258679508155
2020-07-01,18419643.75,4197,7.265281226354568
2020-07-02,18420650.0,4198,7.265304950857173
2020-07-03,18421675.0,4199,7.265329116098866
2020-07-04,18422693.75,4200,7.265353132659255
2020-07-05,18423725.0,4201,7.265377442548779
2020-07-06,18424681.25,4202,7.265399983230489
2020-07-07,18425700.0,4203,7.265423995872343
2020-07-08,18426643.75,4204,7.265446239527735
2020-07-09,18427618.75,4205,7.265469218531586
2020-07-10,18428631.25,4206,7.2654930800564586
2020-07-11,18429618.75,4207,7.265516351145074
2020-07-12,18430593.75,4208,7.265539326439638
2020-07-13,18431487.5,4209,7.2655603860586355
2020-07-14,18432437.5,4210,7.26558276998861
2020-07-15,18433331.25,4211,7.265603827501118
2020-07-16,18434218.75,4212,7.265624736748017
2020-07-17,18435012.5,4213,7.265643436418902
2020-07-18,18435768.75,4214,7.265661251891796
2020-07-19,18436593.75,4215,7.265680686119675
2020-07-20,18437450.0,4216,7.265700855572894
2020-07-21,18438275.0,4217,7.265720288028669
2020-07-22,18439131.25,4218,7.2657404556428276
2020-07-23,18440012.5,4219,7.26576121111453
2020-07-24,18440912.5,4220,7.265782407168251
2020-07-25,18441856.25,4221,7.265804632474608
2020-07-26,18442756.25,4222,7.265825826409276
2020-07-27,18443725.0,4223,7.265848638169313
2020-07-28,18444656.25,4224,7.265870565764
2020-07-29,18445593.75,4225,7.265892639405511
2020-07-30,18446425.0,4226,7.265912210429292
2020-07-31,18447356.25,4227,7.265934134814522
2020-08-01,18448268.75,4228,7.265955616695629
2020-08-02,18449093.75,4229,7.265975037755746
2020-08-03,18450056.25,4230,7.265997694561603
2020-08-04,18451043.75,4231,7.266020938627552
2020-08-05,18451943.75,4232,7.266042122009184
2020-08-06,18452768.75,4233,7.266061539201372
2020-08-07,18453781.25,4234,7.2660853682053315
2020-08-08,18454625.0,4235,7.266105224709928
2020-08-09,18455587.5,4236,7.266127874725227
2020-08-10,18456531.25,4237,7.266150082359537
2020-08-11,18457412.5,4238,7.266170818264366
2020-08-12,18458375.0,4239,7.266193464859074
2020-08-13,18459293.75,4240,7.266215080961545
2020-08-14,18460293.75,4241,7.266238607469365
2020-08-15,18461325.0,4242,7.266262867845791
2020-08-16,18462293.75,4243,7.26628565666193
2020-08-17,18463187.5,4244,7.2663066801221605
2020-08-18,18463987.5,4245,7.266325497461184
2020-08-19,18464875.0,4246,7.266346371992738
2020-08-20,18465787.5,4247,7.266367833493183
2020-08-21,18466706.25,4248,7.2663894409187755
2020-08-22,18467612.5,4249,7.266410753312648
2020-08-23,18468487.5,4250,7.266431329804034
2020-08-24,18469475.0,4251,7.266454550673402
2020-08-25,18470312.5,4252,7.266474243349147
2020-08-26,18471193.75,4253,7.26649496378267
2020-08-27,18472081.25,4254,7.266515830170546
2020-08-28,18472943.75,4255,7.266536107812296
2020-08-29,18473931.25,4256,7.266559323080217
2020-08-30,18474818.75,4257,7.266580186376148
2020-08-31,18475625.0,4258,7.266599138783239
2020-09-01,18476606.25,4259,7.266622203775315
2020-09-02,18477543.75,4260,7.266644239247752
2020-09-03,18478375.0,4261,7.266663776431529
2020-09-04,18479187.5,4262,7.2666828720776016
2020-09-05,18480050.0,4263,7.266703141921681
2020-09-06,18480906.25,4264,7.266723263947079
2020-09-07,18481950.0,4265,7.266747790994585
2020-09-08,18483025.0,4266,7.266773050936905
2020-09-09,18483950.0,4267,7.266794785060179
2020-09-10,18484937.5,4268,7.26681798650496
2020-09-11,18485843.75,4269,7.266839277879445
2020-09-12,18486825.0,4270,7.2668623301218105
2020-09-13,18487862.5,4271,7.266886702499541
2020-09-14,18488900.0,4272,7.266911073509582
2020-09-15,18489906.25,4273,7.266934709146685
2020-09-16,18490893.75,4274,7.266957903117664
2020-09-17,18491931.25,4275,7.266982270132628
2020-09-18,18493006.25,4276,7.267007516440976
2020-09-19,18494025.0,4277,7.267031440367206
2020-09-20,18494906.25,4278,7.267052134234226
2020-09-21,18495831.25,4279,7.267073854395704
2020-09-22,18496681.25,4280,7.267093812505318
2020-09-23,18497506.25,4281,7.267113182734635
2020-09-24,18498425.0,4282,7.267134753109638
2020-09-25,18499318.75,4283,7.267155735507695
2020-09-26,18500318.75,4284,7.2671792111150975
2020-09-27,18501268.75,4285,7.267201511766815
2020-09-28,18502168.75,4286,7.26722263764377
2020-09-29,18503006.25,4287,7.2672422955229
2020-09-30,18503943.75,4288,7.267264299556027
2020-10-01,18504825.0,4289,7.267284982330687
2020-10-02,18505625.0,4290,7.267303757329942
2020-10-03,18506500.0,4291,7.267324291556049
2020-10-04,18507493.75,4292,7.267347611392563
2020-10-05,18508400.0,4293,7.267368876818543
2020-10-06,18509225.0,4294,7.267388234783708
2020-10-07,18510125.0,4295,7.267409351579859
2020-10-08,18511106.25,4296,7.2674323735835085
2020-10-09,18512056.25,4297,7.267454661239669
2020-10-10,18512950.0,4298,7.267475628187826
2020-10-11,18513843.75,4299,7.267496594123786
2020-10-12,18514775.0,4300,7.2675184386726785
2020-10-13,18515706.25,4301,7.267540282122869
2020-10-14,18516687.5,4302,7.267563297187104
2020-10-15,18517631.25,4303,7.267585431544166
2020-10-16,18518581.25,4304,7.267607711347097
2020-10-17,18519600.0,4305,7.26763160223421
2020-10-18,18520462.5,4306,7.267651827847528
2020-10-19,18521231.25,4307,7.267669854230731
2020-10-20,18522056.25,4308,7.267689198785268
2020-10-21,18522906.25,4309,7.267709128637251
2020-10-22,18523737.5,4310,7.267728617975642
2020-10-23,18524625.0,4311,7.26774942517611
2020-10-24,18525500.0,4312,7.2677699383415435
2020-10-25,18526325.0,4313,7.267789278438698
2020-10-26,18527075.0,4314,7.2678068595978615
2020-10-27,18527743.75,4315,7.267822535531227
2020-10-28,18528300.0,4316,7.267835573960651
2020-10-29,18528975.0,4317,7.267851395349316
2020-10-30,18529650.0,4318,7.267867216161627
2020-10-31,18530350.0,4319,7.267883622321226
2020-11-01,18531118.75,4320,7.267901639086037
2020-11-02,18531800.0,4321,7.267917604537534
2020-11-03,18532487.5,4322,7.267933715866065
2020-11-04,18533406.25,4323,7.267955245526622
2020-11-05,18534356.25,4324,7.267977506366234
2020-11-06,18535293.75,4325,7.267999473181506
2020-11-07,18536250.0,4326,7.268021878188495
2020-11-08,18537168.75,4327,7.268043403479056
2020-11-09,18538143.75,4328,7.268066245477756
2020-11-10,18539175.0,4329,7.268090403976788
2020-11-11,18540093.75,4330,7.268111925871302
2020-11-12,18541050.0,4331,7.2681343250778205
2020-11-13,18541993.75,4332,7.268156430351603
2020-11-14,18542875.0,4333,7.268177070684177
2020-11-15,18543781.25,4334,7.2681982955350595
2020-11-16,18544725.0,4335,7.268220397553114
2020-11-17,18545725.0,4336,7.268243815682687
2020-11-18,18546768.75,4337,7.2682682570086685
2020-11-19,18547756.25,4338,7.268291379871193
2020-11-20,18548637.5,4339,7.268312013791289
2020-11-21,18549693.75,4340,7.268336743935809
2020-11-22,18550775.0,4341,7.2683620579506725
2020-11-23,18551812.5,4342,7.268386346311968
2020-11-24,18552650.0,4343,7.268405951588754
2020-11-25,18553575.0,4344,7.2684276041495215
2020-11-26,18554537.5,4345,7.268450133370803
2020-11-27,18555493.75,4346,7.268472515141145
2020-11-28,18556437.5,4347,7.2684946032084365
2020-11-29,18557412.5,4348,7.268517421488942
2020-11-30,18558287.5,4349,7.268537898412278
2020-12-01,18559056.25,4350,7.268555888055355
2020-12-02,18559993.75,4351,7.268577825636024
2020-12-03,18560868.75,4352,7.268598299711578
2020-12-04,18561775.0,4353,7.268619503986627
2020-12-05,18562675.0,4354,7.26864056100074
2020-12-06,18563568.75,4355,7.268661470775285
2020-12-07,18564481.25,4356,7.2686828181778464
2020-12-08,18565362.5,4357,7.268703433508997
2020-12-09,18566281.25,4358,7.2687249250464046
2020-12-10,18567112.5,4359,7.268744368854346
2020-12-11,18567937.5,4360,7.268763665607556
2020-12-12,18568750.0,4361,7.268782669147739
2020-12-13,18569700.0,4362,7.268804887617164
2020-12-14,18570606.25,4363,7.2688260818082755
2020-12-15,18571506.25,4364,7.26884712880897
2020-12-16,18572406.25,4365,7.2688681747897235
2020-12-17,18573256.25,4366,7.268888050612892
2020-12-18,18574112.5,4367,7.268908071662173
2020-12-19,18575143.75,4368,7.2689321833795955
2020-12-20,18576087.5,4369,7.268954248081281
2020-12-21,18576993.75,4370,7.26897543498482
2020-12-22,18577862.5,4371,7.268995744218621
2020-12-23,18578806.25,4372,7.269017805691362
2020-12-24,18579675.0,4373,7.2690381129438935
2020-12-25,18580543.75,4374,7.269058419246919
2020-12-26,18581393.75,4375,7.26907828636551
2020-12-27,18582268.75,4376,7.269098736861838
2020-12-28,18583206.25,4377,7.269120647039327
2020-12-29,18584200.0,4378,7.269143870620687
2020-12-30,18585181.25,4379,7.2691668008630606
2020-12-31,18586256.25,4380,7.269191920503278
2021-01-01,18587243.75,4381,7.269214994241343
2021-01-02,18588193.75,4382,7.269237190604621
2021-01-03,18589150.0,4383,7.269259531851011
2021-01-04,18590175.0,4384,7.269283478054664
2021-01-05,18591218.75,4385,7.269307860941903
2021-01-06,18592231.25,4386,7.269331512494572
2021-01-07,18593337.5,4387,7.269357352533431
2021-01-08,18594356.25,4388,7.269381147367632
2021-01-09,18595193.75,4389,7.2694007077887
2021-01-10,18596137.5,4390,7.269422748700041
2021-01-11,18597156.25,4391,7.269446539951579
2021-01-12,18598081.25,4392,7.269468140695268
2021-01-13,18599012.5,4393,7.2694898863047
2021-01-14,18599906.25,4394,7.269510755228116
2021-01-15,18600931.25,4395,7.269534687584159
2021-01-16,18601881.25,4396,7.2695568676146545
2021-01-17,18602743.75,4397,7.269577003766583
2021-01-18,18603587.5,4398,7.269596701272725
2021-01-19,18604493.75,4399,7.269617856858344
2021-01-20,18605412.5,4400,7.269639303193234
2021-01-21,18606275.0,4401,7.2696594355234705
2021-01-22,18607106.25,4402,7.269678837538338
2021-01-23,18608031.25,4403,7.26970042673149
2021-01-24,18608950.0,4404,7.269721868989403
2021-01-25,18609787.5,4405,7.26974141407089
2021-01-26,18610787.5,4406,7.2697647503295055
2021-01-27,18611712.5,4407,7.26978633525238
2021-01-28,18612606.25,4408,7.269807189935894
2021-01-29,18613537.5,4409,7.269828918575802
2021-01-30,18614400.0,4410,7.269849042118274
2021-01-31,18615318.75,4411,7.26987047704009
2021-02-01,18616118.75,4412,7.269889140600184
2021-02-02,18616975.0,4413,7.269909115553256
2021-02-03,18617875.0,4414,7.269930110134075
2021-02-04,18618881.25,4415,7.269953582040144
2021-02-05,18619943.75,4416,7.269978364663503
2021-02-06,18620981.25,4417,7.270002562801712
2021-02-07,18621925.0,4418,7.270024573190194
2021-02-08,18622925.0,4419,7.270047894238984
2021-02-09,18623881.25,4420,7.270070193820624
2021-02-10,18624800.0,4421,7.270091617830385
2021-02-11,18625650.0,4422,7.270111437741805
2021-02-12,18626481.25,4423,7.270130819574523
2021-02-13,18627437.5,4424,7.270153114898738
2021-02-14,18628356.25,4425,7.270174534818443
2021-02-15,18629331.25,4426,7.270197265006405
2021-02-16,18630143.75,4427,7.270216205920983
2021-02-17,18630968.75,4428,7.2702354373890525
2021-02-18,18631862.5,4429,7.270256270518487
2021-02-19,18632718.75,4430,7.270276228593298
2021-02-20,18633650.0,4431,7.270297933779498
2021-02-21,18634556.25,4432,7.270319055234696
2021-02-22,18635418.75,4433,7.270339156079449
2021-02-23,18636200.0,4434,7.270357362563385
2021-02-24,18637100.0,4435,7.270378335486834
2021-02-25,18638112.5,4436,7.270401928815137
2021-02-26,18638987.5,4437,7.270422317078802
2021-02-27,18639943.75,4438,7.270444597443849
2021-02-28,18640862.5,4439,7.270466002992467
2021-03-01,18641687.5,4440,7.2704852234024235
2021-03-02,18642525.0,4441,7.270504734160692
2021-03-03,18643481.25,4442,7.270527010298052
2021-03-04,18644337.5,4443,7.270546955935134
2021-03-05,18645175.0,4444,7.270566463920317
2021-03-06,18646143.75,4445,7.270589028034086
2021-03-07,18647056.25,4446,7.270610280901355
2021-03-08,18647987.5,4447,7.270631969399112
2021-03-09,18648925.0,4448,7.270653802363268
2021-03-10,18649837.5,4449,7.270675052061019
2021-03-11,18650750.0,4450,7.27069630071909
2021-03-12,18651568.75,4451,7.270715365410993
2021-03-13,18652456.25,4452,7.270736030009666
2021-03-14,18653418.75,4453,7.270758439801096
2021-03-15,18654375.0,4454,7.270780702929342
2021-03-16,18655331.25,4455,7.270802964916377
2021-03-17,18656212.5,4456,7.270823479854854
2021-03-18,18657100.0,4457,7.270844139309988
2021-03-19,18658043.75,4458,7.270866107089082
2021-03-20,18658981.25,4459,7.270887928286076
2021-03-21,18659931.25,4460,7.270910039313984
2021-03-22,18660906.25,4461,7.270932731040554
2021-03-23,18661912.5,4462,7.270956148822873
2021-03-24,18662856.25,4463,7.2709781109371
2021-03-25,18663837.5,4464,7.271000944540489
2021-03-26,18664775.0,4465,7.271022758963775
2021-03-27,18665631.25,4466,7.271042681846356
2021-03-28,18666675.0,4467,7.27106696616796
2021-03-29,18667606.25,4468,7.271088631871588
2021-03-30,18668543.75,4469,7.271110441890932
2021-03-31,18669518.75,4470,7.271133123149229
2021-04-01,18670425.0,4471,7.271154204025887
2021-04-02,18671343.75,4472,7.271175574628764
2021-04-03,18672187.5,4473,7.271195199766339
2021-04-04,18672981.25,4474,7.271213661123276
2021-04-05,18674000.0,4475,7.271237354470836
2021-04-06,18674868.75,4476,7.271257558206256
2021-04-07,18675850.0,4477,7.271280377122449
2021-04-08,18676781.25,4478,7.271302032182498
2021-04-09,18677656.25,4479,7.271322378234918
2021-04-10,18678637.5,4480,7.271345193745649
2021-04-11,18679606.25,4481,7.271367717437194
2021-04-12,18680468.75,4482,7.271387769805434
2021-04-13,18681406.25,4483,7.271409564807793
2021-04-14,18682200.0,4484,7.2714280170547605
2021-04-15,18683193.75,4485,7.271451117581648
2021-04-16,18684062.5,4486,7.27147131137531
2021-04-17,18684693.75,4487,7.271485983974521
2021-04-18,18685356.25,4488,7.2715013824069175
2021-04-19,18686056.25,4489,7.2715176518555165
2021-04-20,18686768.75,4490,7.271534211204102
2021-04-21,18687506.25,4491,7.271551350917472
2021-04-22,18688200.0,4492,7.271567473250777
2021-04-23,18689118.75,4493,7.271588823527826
2021-04-24,18689981.25,4494,7.271608865689927
2021-04-25,18690875.0,4495,7.271629633041573
2021-04-26,18691668.75,4496,7.2716480759408775
2021-04-27,18692437.5,4497,7.271665937214905
2021-04-28,18693343.75,4498,7.271686992244981
2021-04-29,18694218.75,4499,7.2717073202710045
2021-04-30,18694987.5,4500,7.271725179108701
2021-05-01,18695875.0,4501,7.271745795715379
2021-05-02,18696831.25,4502,7.271768008287833
2021-05-03,18698025.0,4503,7.27179573611406
2021-05-04,18699143.75,4504,7.271821720271045
2021-05-05,18700175.0,4505,7.271845670770655
2021-05-06,18701181.25,4506,7.27186903937898
2021-05-07,18702243.75,4507,7.271893712942278
2021-05-08,18703368.75,4508,7.271919836363852
2021-05-09,18704443.75,4509,7.271944797276398
2021-05-10,18705593.75,4510,7.271971498059809
2021-05-11,18706700.0,4511,7.271997181503544
2021-05-12,18707750.0,4512,7.272021557604548
2021-05-13,18708843.75,4513,7.27204694792163
2021-05-14,18709750.0,4514,7.272067984488473
2021-05-15,18710581.25,4515,7.272087279202126
2021-05-16,18711393.75,4516,7.272106137868277
2021-05-17,18712212.5,4517,7.272125140772739
2021-05-18,18712906.25,4518,7.272141241819679
2021-05-19,18713556.25,4519,7.272156326943648
2021-05-20,18714306.25,4520,7.272173732204847
2021-05-21,18715006.25,4521,7.2721899764859765
2021-05-22,18715706.25,4522,7.27220622015953
2021-05-23,18716443.75,4523,7.272223333372661
2021-05-24,18717187.5,4524,7.272240590930113
2021-05-25,18717968.75,4525,7.272258717878042
2021-05-26,18718737.5,4526,7.272276554056299
2021-05-27,18719531.25,4527,7.272294969504266
2021-05-28,18720225.0,4528,7.272311064256317
2021-05-29,18720931.25,4529,7.272327448391242
2021-05-30,18721737.5,4530,7.272346151648129
2021-05-31,18722650.0,4531,7.2723673187036635
2021-06-01,18723487.5,4532,7.2723867450932955
2021-06-02,18724468.75,4533,7.272409504757809
2021-06-03,18725481.25,4534,7.27243298800214
2021-06-04,18726343.75,4535,7.272452991245812
2021-06-05,18727200.0,4536,7.2724728486271415
2021-06-06,18728031.25,4537,7.272492125362384
2021-06-07,18728881.25,4538,7.272511836026454
2021-06-08,18729825.0,4539,7.2725337196128566
2021-06-09,18730706.25,4540,7.272554152959607
2021-06-10,18731406.25,4541,7.272570383018036
2021-06-11,18732125.0,4542,7.272587047179075
2021-06-12,18732868.75,4543,7.272604290289969
2021-06-13,18733700.0,4544,7.272623561192013
2021-06-14,18734537.5,4545,7.272642976123321
2021-06-15,18735350.0,4546,7.272661810675018
2021-06-16,18736168.75,4547,7.272680789281649
2021-06-17,18736943.75,4548,7.272698753000224
2021-06-18,18737750.0,4549,7.272717440273744
2021-06-19,18738506.25,4550,7.272734967915768
2021-06-20,18739168.75,4551,7.272750322128338
2021-06-21,18739750.0,4552,7.272763792830058
2021-06-22,18740387.5,4553,7.272778566667653
2021-06-23,18740975.0,4554,7.272792181327906
2021-06-24,18741675.0,4555,7.272808402493559
2021-06-25,18742300.0,4556,7.272822885165219
2021-06-26,18742925.0,4557,7.272837367353932
2021-06-27,18743468.75,4558,7.272849966465286
2021-06-28,18743850.0,4559,7.272858800106995
2021-06-29,18744450.0,4560,7.272872701867766
2021-06-30,18744962.5,4561,7.272884575936051
2021-07-01,18745587.5,4562,7.272899056067776
2021-07-02,18746218.75,4563,7.272913680510776
2021-07-03,18746793.75,4564,7.272927001357006
2021-07-04,18747550.0,4565,7.2729445205435885
2021-07-05,18748250.0,4566,7.272960736020382
2021-07-06,18749162.5,4567,7.2729818731436335
2021-07-07,18749987.5,4568,7.273000982533986
2021-07-08,18750793.75,4569,7.273019656807664
2021-07-09,18751600.0,4570,7.273038330278399
2021-07-10,18752556.25,4571,7.273060476842403
2021-07-11,18753481.25,4572,7.273081898587947
2021-07-12,18754237.5,4573,7.273099411527306
2021-07-13,18755000.0,4574,7.273117068486742
2021-07-14,18756006.25,4575,7.273140368785305
2021-07-15,18756981.25,4576,7.273162944279723
2021-07-16,18757781.25,4577,7.273181466885887
2021-07-17,18758706.25,4578,7.2732028826645285
2021-07-18,18759562.5,4579,7.273222705788707
2021-07-19,18760600.0,4580,7.273246723836341
2021-07-20,18761550.0,4581,7.273268715100589
2021-07-21,18762281.25,4582,7.2732856418284495
2021-07-22,18763262.5,4583,7.273308354435271
2021-07-23,18764175.0,4584,7.273329474647106
2021-07-24,18765056.25,4585,7.273349870589122
2021-07-25,18766018.75,4586,7.273372145913712
2021-07-26,18766975.0,4587,7.27339427546198
2021-07-27,18767968.75,4588,7.27341727164092
2021-07-28,18768981.25,4589,7.273440700457755
2021-07-29,18769968.75,4590,7.273463549567865
2021-07-30,18770975.0,4591,7.27348683128531
2021-07-31,18771993.75,4592,7.2735104009452645
2021-08-01,18773025.0,4593,7.27353425850078
2021-08-02,18773968.75,4594,7.273556090630409
2021-08-03,18774912.5,4595,7.273577921662586
2021-08-04,18775812.5,4596,7.27359873963794
2021-08-05,18776800.0,4597,7.27362158043502
2021-08-06,18777756.25,4598,7.273643697277283
2021-08-07,18778812.5,4599,7.273668125682853
2021-08-08,18779831.25,4600,7.273691685506073
2021-08-09,18780768.75,4601,7.2737133651957935
2021-08-10,18781781.25,4602,7.27373677804519
2021-08-11,18782731.25,4603,7.273758744509303
2021-08-12,18783700.0,4604,7.273781143377944
2021-08-13,18784543.75,4605,7.273800651128778
2021-08-14,18785568.75,4606,7.273824348254735
2021-08-15,18786587.5,4607,7.273847899604868
2021-08-16,18787675.0,4608,7.273873038900639
2021-08-17,18788737.5,4609,7.2738975988762435
2021-08-18,18789712.5,4610,7.273920135043645
2021-08-19,18790593.75,4611,7.273940503265751
2021-08-20,18791568.75,4612,7.27396303720695
2021-08-21,18792581.25,4613,7.2739864366007385
2021-08-22,18793631.25,4614,7.274010701307172
2021-08-23,18794775.0,4615,7.274037130962663
2021-08-24,18795875.0,4616,7.274062548130508
2021-08-25,18796887.5,4617,7.274085942163497
2021-08-26,18797818.75,4618,7.274107457785067
2021-08-27,18798718.75,4619,7.274128250393098
2021-08-28,18799631.25,4620,7.274149330771084
2021-08-29,18800550.0,4621,7.274170554501506
2021-08-30,18801481.25,4622,7.274192065931762
2021-08-31,18802331.25,4623,7.274211699595751
2021-09-01,18803225.0,4624,7.274232342858714
2021-09-02,18804106.25,4625,7.274252696444014
2021-09-03,18805037.5,4626,7.274274203806109
2021-09-04,18805975.0,4627,7.274295854437124
2021-09-05,18806962.5,4628,7.274318658601302
2021-09-06,18808012.5,4629,7.274342904753592
2021-09-07,18809068.75,4630,7.274367293862549
2021-09-08,18809968.75,4631,7.274388074034492
2021-09-09,18810850.0,4632,7.274408420322795
2021-09-10,18811662.5,4633,7.274427178467489
2021-09-11,18812562.5,4634,7.274447955774332
2021-09-12,18813500.0,4635,7.274469597745339
2021-09-13,18814450.0,4636,7.2744915271758765
2021-09-14,18815487.5,4637,7.274515475157458
2021-09-15,18816493.75,4638,7.27453870055288
2021-09-16,18817331.25,4639,7.274558030059177
2021-09-17,18818206.25,4640,7.274578224146839
2021-09-18,18819143.75,4641,7.274599859627385
2021-09-19,18820156.25,4642,7.274623224735824
2021-09-20,18821150.0,4643,7.274646155934791
2021-09-21,18822068.75,4644,7.274667355400116
2021-09-22,18822812.5,4645,7.274684516114149
2021-09-23,18823762.5,4646,7.274706434695475
2021-09-24,18824743.75,4647,7.274729073121427
2021-09-25,18825656.25,4648,7.274750124356729
2021-09-26,18826562.5,4649,7.274771030395596
2021-09-27,18827450.0,4650,7.274791502920417
2021-09-28,18828425.0,4651,7.274813992750753
2021-09-29,18829356.25,4652,7.274835472334676
2021-09-30,18830262.5,4653,7.274856374265569
2021-10-01,18831225.0,4654,7.274878572456171
2021-10-02,18832243.75,4655,7.274902066707669
2021-10-03,18833293.75,4656,7.2749262803117425
2021-10-04,18834250.0,4657,7.274948330812363
2021-10-05,18835281.25,4658,7.2749721095093465
2021-10-06,18836200.0,4659,7.274993293070072
2021-10-07,18837043.75,4660,7.275012746450386
2021-10-08,18837912.5,4661,7.275032775316708
2021-10-09,18838731.25,4662,7.27505165059708
2021-10-10,18839675.0,4663,7.2750734065819085
2021-10-11,18840625.0,4664,7.275095305545447
2021-10-12,18841531.25,4665,7.275116194975006
2021-10-13,18842450.0,4666,7.275137371509017
2021-10-14,18843400.0,4667,7.275159267247492
2021-10-15,18844262.5,4668,7.275179145317177
2021-10-16,18845093.75,4669,7.275198302305996
2021-10-17,18846056.25,4670,7.275220483026876
2021-10-18,18846987.5,4671,7.275241942516274
2021-10-19,18847968.75,4672,7.275264553045791
2021-10-20,18848887.5,4673,7.275285722347161
2021-10-21,18849818.75,4674,7.2753071786132555
2021-10-22,18850800.0,4675,7.2753297857467505
2021-10-23,18851718.75,4676,7.275350951868726
2021-10-24,18852681.25,4677,7.275373124794905
2021-10-25,18853712.5,4678,7.275396880245376
2021-10-26,18854731.25,4679,7.275420346475194
2021-10-27,18855681.25,4680,7.275442227951982
2021-10-28,18856606.25,4681,7.275463532541147
2021-10-29,18857681.25,4682,7.27548829061556
2021-10-30,18858706.25,4683,7.275511895837245
2021-10-31,18859568.75,4684,7.275531757773705
2021-11-01,18860518.75,4685,7.275553633638012
2021-11-02,18861450.0,4686,7.27557507667239
2021-11-03,18862475.0,4687,7.27559867717759
2021-11-04,18863418.75,4688,7.275620405777055
2021-11-05,18864331.25,4689,7.2756414138527985
2021-11-06,18865300.0,4690,7.275663715834848
2021-11-07,18866268.75,4691,7.2756860166717
2021-11-08,18867137.5,4692,7.275706014512802
2021-11-09,18868056.25,4693,7.275727162306979
2021-11-10,18869006.25,4694,7.275749028331019
2021-11-11,18869962.5,4695,7.275771037098728
2021-11-12,18870906.25,4696,7.275792757076617
2021-11-13,18871818.75,4697,7.2758137568170875
2021-11-14,18872775.0,4698,7.275835762304875
2021-11-15,18873743.75,4699,7.27585805430919
2021-11-16,18874687.5,4700,7.275879769935711
2021-11-17,18875581.25,4701,7.275900334064451
2021-11-18,18876537.5,4702,7.27592233516596
2021-11-19,18877437.5,4703,7.275943041066931
2021-11-20,18878331.25,4704,7.27596360220003
2021-11-21,18879187.5,4705,7.275983299715254
2021-11-22,18880025.0,4706,7.276002565033812
2021-11-23,18880887.5,4707,7.276022404543289
2021-11-24,18881781.25,4708,7.2760429619194555
2021-11-25,18882725.0,4709,7.276064668302411
2021-11-26,18883518.75,4710,7.276082923824317
2021-11-27,18884356.25,4711,7.276102184724151
2021-11-28,18885243.75,4712,7.2761225945962575
2021-11-29,18886156.25,4713,7.276143578394307
2021-11-30,18887006.25,4714,7.276163124033869
2021-12-01,18887800.0,4715,7.276181375417756
2021-12-02,18888743.75,4716,7.27620307488397
2021-12-03,18889756.25,4717,7.276226353900502
2021-12-04,18890756.25,4718,7.276249344297046
2021-12-05,18891793.75,4719,7.276273195547165
2021-12-06,18892800.0,4720,7.276296327134891
2021-12-07,18893837.5,4721,7.276320175804945
2021-12-08,18894818.75,4722,7.2763427302698425
2021-12-09,18895812.5,4723,7.276365570859016
2021-12-10,18896862.5,4724,7.2763897030066405
2021-12-11,18897868.75,4725,7.276412828389892
2021-12-12,18898756.25,4726,7.276433223668717
2021-12-13,18899631.25,4727,7.276453330752477
2021-12-14,18900518.75,4728,7.276473724129369
2021-12-15,18901443.75,4729,7.27649497817912
2021-12-16,18902293.75,4730,7.2765145080105125
2021-12-17,18903081.25,4731,7.2765326010411755
2021-12-18,18903893.75,4732,7.276551267663755
2021-12-19,18904775.0,4733,7.276571512862801
2021-12-20,18905662.5,4734,7.276591900691043
2021-12-21,18906650.0,4735,7.276614584614486
2021-12-22,18907618.75,4736,7.276636836679294
2021-12-23,18908550.0,4737,7.276658226299116
2021-12-24,18909493.75,4738,7.276679901953208
2021-12-25,18910475.0,4739,7.2767024377444605
2021-12-26,18911331.25,4740,7.276722101778893
2021-12-27,18912206.25,4741,7.276742195492853
2021-12-28,18913093.75,4742,7.276762575310211
2021-12-29,18913987.5,4743,7.276783097680981
2021-12-30,18914762.5,4744,7.276800892518162
2021-12-31,18915562.5,4745,7.276819260617595
2022-01-01,18916587.5,4746,7.276842793609722
2022-01-02,18917656.25,4747,7.276867329700927
2022-01-03,18918587.5,4748,7.276888707971932
2022-01-04,18919475.0,4749,7.276909080915328
2022-01-05,18920400.0,4750,7.2769303136702375
2022-01-06,18921318.75,4751,7.27695140193306
2022-01-07,18922231.25,4752,7.276972345724793
2022-01-08,18923112.5,4753,7.276992571304709
2022-01-09,18924000.0,4754,7.277012939376528
2022-01-10,18924893.75,4755,7.277033449920156
2022-01-11,18925837.5,4756,7.277055106855378
2022-01-12,18926787.5,4757,7.277076906123349
2022-01-13,18927731.25,4758,7.277098560891705
2022-01-14,18928781.25,4759,7.277122652345248
2022-01-15,18929793.75,4760,7.277145882124131
2022-01-16,18930881.25,4761,7.277170831243459
2022-01-17,18931962.5,4762,7.277195635556193
2022-01-18,18932906.25,4763,7.277217284405425
2022-01-19,18933806.25,4764,7.277237928660391
2022-01-20,18934900.0,4765,7.277263015843808
2022-01-21,18935850.0,4766,7.277284804678615
2022-01-22,18936700.0,4767,7.277304299025295
2022-01-23,18937550.0,4768,7.277323792496964
2022-01-24,18938450.0,4769,7.277344431689793
2022-01-25,18939400.0,4770,7.2773662164404
2022-01-26,18940287.5,4771,7.277386566996499
2022-01-27,18941056.25,4772,7.277404193820153
2022-01-28,18942012.5,4773,7.2774261188706895
2022-01-29,18942918.75,4774,7.277446896491834
2022-01-30,18943843.75,4775,7.277468102969734
2022-01-31,18944756.25,4776,7.277489021859047
2022-02-01,18945668.75,4777,7.277509939740797
2022-02-02,18946625.0,4778,7.27753185945361
2022-02-03,18947593.75,4779,7.277554064570555
2022-02-04,18948450.0,4780,7.277573690083584
2022-02-05,18949193.75,4781,7.277590736342349
2022-02-06,18950100.0,4782,7.277611506089506
2022-02-07,18950962.5,4783,7.277631272236732
2022-02-08,18951918.75,4784,7.277653185826661
2022-02-09,18952831.25,4785,7.277674095803104
2022-02-10,18953706.25,4786,7.27769414551995
2022-02-11,18954612.5,4787,7.277714910322362
2022-02-12,18955650.0,4788,7.277738681222132
2022-02-13,18956700.0,4789,7.277762737193663
2022-02-14,18957706.25,4790,7.277785789582754
2022-02-15,18958743.75,4791,7.277809556603405
2022-02-16,18959725.0,4792,7.277832033853912
2022-02-17,18960725.0,4793,7.277854939409199
2022-02-18,18961687.5,4794,7.277876984865243
2022-02-19,18962518.75,4795,7.27789602322221
2022-02-20,18963456.25,4796,7.277917494051997
2022-02-21,18964331.25,4797,7.277937532535483
2022-02-22,18965137.5,4798,7.277955995748263
2022-02-23,18966081.25,4799,7.277977606728921
2022-02-24,18966975.0,4800,7.277998071765575
2022-02-25,18967762.5,4801,7.278016103096597
2022-02-26,18968637.5,4802,7.278036137030852
2022-02-27,18969431.25,4803,7.2780543098718224
2022-02-28,18970318.75,4804,7.278074628210914
2022-03-01,18971306.25,4805,7.278097234823096
2022-03-02,18972250.0,4806,7.278118838776857
2022-03-03,18973168.75,4807,7.278139869408141
2022-03-04,18974050.0,4808,7.278160040689455
2022-03-05,18974825.0,4809,7.278177779198095
2022-03-06,18975662.5,4810,7.278196947417141
2022-03-07,18976506.25,4811,7.278216257827125
2022-03-08,18977462.5,4812,7.278238141920519
2022-03-09,18978350.0,4813,7.278258451661102
2022-03-10,18979212.5,4814,7.278278188386332
2022-03-11,18980112.5,4815,7.2782987822738034
2022-03-12,18980993.75,4816,7.278318946175758
2022-03-13,18981968.75,4817,7.278341254082837
2022-03-14,18982956.25,4818,7.27836384682079
2022-03-15,18983856.25,4819,7.278384436646907
2022-03-16,18984743.75,4820,7.2784047395473435
2022-03-17,18985737.5,4821,7.278427471950373
2022-03-18,18986687.5,4822,7.278449202443376
2022-03-19,18987600.0,4823,7.2784700741300306
2022-03-20,18988568.75,4824,7.278492231329837
2022-03-21,18989525.0,4825,7.278514101521697
2022-03-22,18990468.75,4826,7.278535684748913
2022-03-23,18991393.75,4827,7.278556838129469
2022-03-24,18992300.0,4828,7.27857756172612
2022-03-25,18993225.0,4829,7.278598713067103
2022-03-26,18994250.0,4830,7.278622149836409
2022-03-27,18995200.0,4831,7.2786438705908765
2022-03-28,18996018.75,4832,7.2786625895800965
2022-03-29,18997031.25,4833,7.278685737138033
2022-03-30,18997918.75,4834,7.27870602595814
2022-03-31,18998775.0,4835,7.27872559948486
2022-04-01,18999637.5,4836,7.278745314992222
2022-04-02,19000512.5,4837,7.278765315317049
2022-04-03,19001362.5,4838,7.278784743322098
2022-04-04,19002306.25,4839,7.2788063131036935
2022-04-05,19003256.25,4840,7.278828024649623
2022-04-06,19004156.25,4841,7.278848592481426
2022-04-07,19005050.0,4842,7.278869016517156
2022-04-08,19005862.5,4843,7.278887582988908
2022-04-09,19006825.0,4844,7.278909576089971
2022-04-10,19007706.25,4845,7.278929711653907
2022-04-11,19008543.75,4846,7.278948846714764
2022-04-12,19009468.75,4847,7.2789699799813095
2022-04-13,19010393.75,4848,7.278991112219535
2022-04-14,19011275.0,4849,7.279011244003585
2022-04-15,19012218.75,4850,7.279032802538952
2022-04-16,19013068.75,4851,7.279052218582009
2022-04-17,19014056.25,4852,7.279074774365596
2022-04-18,19014981.25,4853,7.279095901505395
2022-04-19,19015793.75,4854,7.279114458280354
2022-04-20,19016643.75,4855,7.279133870673245
2022-04-21,19017706.25,4856,7.279158134944208
2022-04-22,19018700.0,4857,7.279180827947257
2022-04-23,19019562.5,4858,7.279200522800075
2022-04-24,19020587.5,4859,7.279223927115992
2022-04-25,19021650.0,4860,7.279248186356114
2022-04-26,19022643.75,4861,7.279270874654355
2022-04-27,19023581.25,4862,7.279292277622815
2022-04-28,19024493.75,4863,7.279313108832532
2022-04-29,19025387.5,4864,7.279333511035142
2022-04-30,19026325.0,4865,7.2793549109170455
2022-05-01,19027300.0,4866,7.279377165675689
2022-05-02,19028368.75,4867,7.279401559004878
2022-05-03,19029306.25,4868,7.27942295553406
2022-05-04,19030243.75,4869,7.279444351009144
2022-05-05,19031187.5,4870,7.279465888056171
2022-05-06,19032125.0,4871,7.279487281416346
2022-05-07,19032975.0,4872,7.279506677152055
2022-05-08,19033931.25,4873,7.279528496319375
2022-05-09,19034893.75,4874,7.279550456988711
2022-05-10,19035862.5,4875,7.279572559138543
2022-05-11,19036843.75,4876,7.279594945330776
2022-05-12,19037693.75,4877,7.2796143362588825
2022-05-13,19038606.25,4878,7.279635152026949
2022-05-14,19039506.25,4879,7.27965568167026
2022-05-15,19040350.0,4880,7.279674927329527
2022-05-16,19041200.0,4881,7.279694314686905
2022-05-17,19042200.0,4882,7.279717122234655
2022-05-18,19043081.25,4883,7.279737220393297
2022-05-19,19043918.75,4884,7.2797563199090725
2022-05-20,19044662.5,4885,7.27977328071519
2022-05-21,19045462.5,4886,7.279791523531961
2022-05-22,19046293.75,4887,7.279810478147011
2022-05-23,19047168.75,4888,7.279830429479696
2022-05-24,19048075.0,4889,7.27985109239378
2022-05-25,19048843.75,4890,7.279868619474392
2022-05-26,19049737.5,4891,7.2798889955976245
2022-05-27,19050568.75,4892,7.279907945959113
2022-05-28,19051493.75,4893,7.27992903260742
2022-05-29,19052431.25,4894,7.279950403165801
2022-05-30,19053368.75,4895,7.27997177267264
2022-05-31,19054312.5,4896,7.279993283580884
2022-06-01,19055237.5,4897,7.280014366086232
2022-06-02,19056037.5,4898,7.280032598779081
2022-06-03,19056843.75,4899,7.280050973140431
2022-06-04,19057743.75,4900,7.280071483137228
2022-06-05,19058618.75,4901,7.280091422483315
2022-06-06,19059587.5,4902,7.2801134971201265
2022-06-07,19060550.0,4903,7.280135428228792
2022-06-08,19061593.75,4904,7.280159209413217
2022-06-09,19062593.75,4905,7.28018199256011
2022-06-10,19063512.5,4906,7.280202923522885
2022-06-11,19064443.75,4907,7.280224138231258
2022-06-12,19065306.25,4908,7.280243785828774
2022-06-13,19066168.75,4909,7.280263432537469
2022-06-14,19066975.0,4910,7.280281797135383
2022-06-15,19068006.25,4911,7.280305285605543
2022-06-16,19068912.5,4912,7.280325925939749
2022-06-17,19069650.0,4913,7.280342722177439
2022-06-18,19070412.5,4914,7.280360087096151
2022-06-19,19071325.0,4915,7.280380867151847
2022-06-20,19072156.25,4916,7.280399796063227
2022-06-21,19073043.75,4917,7.280420004967769
2022-06-22,19073875.0,4918,7.280438932173423
2022-06-23,19074775.0,4919,7.280459423857076
2022-06-24,19075675.0,4920,7.280479914573897
2022-06-25,19076543.75,4921,7.280499692890524
2022-06-26,19077443.75,4922,7.28052018170752
2022-06-27,19078300.0,4923,7.280539673643132
2022-06-28,19079168.75,4924,7.280559449238504
2022-06-29,19080087.5,4925,7.280580362017973
2022-06-30,19081112.5,4926,7.28060369209376
2022-07-01,19082062.5,4927,7.280625313971808
2022-07-02,19082912.5,4928,7.28064465895027
2022-07-03,19083850.0,4929,7.280665994324307
2022-07-04,19084793.75,4930,7.280687470875587
2022-07-05,19085600.0,4931,7.280705817551724
2022-07-06,19086381.25,4932,7.280723594599334
2022-07-07,19087200.0,4933,7.280742224164362
2022-07-08,19088187.5,4934,7.280764692347611
2022-07-09,19089075.0,4935,7.28078488428006
2022-07-10,19089981.25,4936,7.280805501833922
2022-07-11,19090793.75,4937,7.280823985705273
2022-07-12,19091700.0,4938,7.280844601402974
2022-07-13,19092525.0,4939,7.280863367945839
2022-07-14,19093206.25,4940,7.280878863949511
2022-07-15,19094050.0,4941,7.280898055481197
2022-07-16,19094962.5,4942,7.280918809812816
2022-07-17,19095831.25,4943,7.280938568152152
2022-07-18,19096575.0,4944,7.280955482850788
2022-07-19,19097456.25,4945,7.280975523783873
2022-07-20,19098293.75,4946,7.280994568919976
2022-07-21,19099106.25,4947,7.281013044746424
2022-07-22,19099918.75,4948,7.2810315197869055
2022-07-23,19100825.0,4949,7.281052125635675
2022-07-24,19101818.75,4950,7.281074719890895
2022-07-25,19102706.25,4951,7.281094897414514
2022-07-26,19103668.75,4952,7.281116779021388
2022-07-27,19104687.5,4953,7.2811399382225135
2022-07-28,19105612.5,4954,7.281160965139122
2022-07-29,19106575.0,4955,7.28118284341756
2022-07-30,19107431.25,4956,7.281202305635039
2022-07-31,19108312.5,4957,7.281222335181749
2022-08-01,19109206.25,4958,7.281242647892043
2022-08-02,19110087.5,4959,7.281262675578308
2022-08-03,19111062.5,4960,7.281284832793355
2022-08-04,19111962.5,4961,7.281305284603947
2022-08-05,19112787.5,4962,7.281324031250956
2022-08-06,19113737.5,4963,7.281345617296661
2022-08-07,19114756.25,4964,7.281368764298289
2022-08-08,19115693.75,4965,7.281390064130066
2022-08-09,19116600.0,4966,7.281410652974506
2022-08-10,19117500.0,4967,7.281431098860968
2022-08-11,19118418.75,4968,7.281451969710596
2022-08-12,19119343.75,4969,7.281472981525597
2022-08-13,19120243.75,4970,7.28149342447801
2022-08-14,19121118.75,4971,7.281513298648117
2022-08-15,19121962.5,4972,7.281532462165135
2022-08-16,19122881.25,4973,7.281553328144242
2022-08-17,19123768.75,4974,7.281573483444262
2022-08-18,19124550.0,4975,7.281591225011741
2022-08-19,19125618.75,4976,7.281615494302196
2022-08-20,19126618.75,4977,7.281638201182127
2022-08-21,19127543.75,4978,7.28165920398912
2022-08-22,19128456.25,4979,7.281679921979229
2022-08-23,19129425.0,4980,7.2817019160241525
2022-08-24,19130437.5,4981,7.281724902158147
2022-08-25,19131431.25,4982,7.281747461440043
2022-08-26,19132456.25,4983,7.281770728905695
2022-08-27,19133400.0,4984,7.281792150896866
2022-08-28,19134425.0,4985,7.281815415968453
2022-08-29,19135381.25,4986,7.281837119454261
2022-08-30,19136412.5,4987,7.2818605239587635
2022-08-31,19137343.75,4988,7.281881657851852
2022-09-01,19138250.0,4989,7.281902223404767
2022-09-02,19139050.0,4990,7.2819203770146395
2022-09-03,19139937.5,4991,7.281940515287772
2022-09-04,19140912.5,4992,7.281962637948054
2022-09-05,19141956.25,4993,7.281986319290671
2022-09-06,19142800.0,4994,7.282005461947177
2022-09-07,19143768.75,4995,7.282027439512322
2022-09-08,19144581.25,4996,7.282045871451364
2022-09-09,19145462.5,4997,7.282065862131695
2022-09-10,19146343.75,4998,7.282085851891893
2022-09-11,19147468.75,4999,7.282111369397745
2022-09-12,19148537.5,5000,7.282135609639646
2022-09-13,19149475.0,5001,7.282156871895846
2022-09-14,19150275.0,5002,7.282175014864694
2022-09-15,19151143.75,5003,7.282194716136528
2022-09-16,19152018.75,5004,7.282214558240779
2022-09-17,19152906.25,5005,7.282234682877637
2022-09-18,19153912.5,5006,7.28225749911959
2022-09-19,19154775.0,5007,7.282277054944399
2022-09-20,19155662.5,5008,7.282297176685518
2022-09-21,19156593.75,5009,7.28231828934115
2022-09-22,19157450.0,5010,7.282337700743017
2022-09-23,19158275.0,5011,7.282356402878896
2022-09-24,19159131.25,5012,7.282375812577338
2022-09-25,19160050.0,5013,7.282396638077378
2022-09-26,19160993.75,5014,7.282418029217976
2022-09-27,19161918.75,5015,7.282438994346649
2022-09-28,19162718.75,5016,7.2824571255337
2022-09-29,19163637.5,5017,7.28247794713504
2022-09-30,19164631.25,5018,7.282500467335172
2022-10-01,19165725.0,5019,7.282525252369082
2022-10-02,19166750.0,5020,7.282548478202741
2022-10-03,19167731.25,5021,7.2825707115261915
2022-10-04,19168756.25,5022,7.2825939349289115
2022-10-05,19169762.5,5023,7.282616732305376
2022-10-06,19170806.25,5024,7.282640378009151
2022-10-07,19171825.0,5025,7.2826634561072945
2022-10-08,19172925.0,5026,7.282688373413065
2022-10-09,19173956.25,5027,7.282711732088919
2022-10-10,19174993.75,5028,7.282735231064776
2022-10-11,19176012.5,5029,7.28275830412318
2022-10-12,19176943.75,5030,7.282779394374149
2022-10-13,19177806.25,5031,7.282798926713205
2022-10-14,19178725.0,5032,7.282819731934237
2022-10-15,19179731.25,5033,7.282842517461353
2022-10-16,19180631.25,5034,7.282862896050517
2022-10-17,19181568.75,5035,7.282884122730784
2022-10-18,19182462.5,5036,7.282904357866697
2022-10-19,19183412.5,5037,7.282925865508991
2022-10-20,19184300.0,5038,7.282945957212543
2022-10-21,19185268.75,5039,7.2829678872364205
2022-10-22,19186168.75,5040,7.282988259943791
2022-10-23,19187062.5,5041,7.283008490228322
2022-10-24,19188012.5,5042,7.283029992714396
2022-10-25,19188762.5,5043,7.283046967609315
2022-10-26,19189643.75,5044,7.283066912263074
2022-10-27,19190606.25,5045,7.283088694739161
2022-10-28,19191500.0,5046,7.283108920345892
2022-10-29,19192456.25,5047,7.283130559287731
2022-10-30,19193250.0,5048,7.283148520204891
2022-10-31,19194262.5,5049,7.283171429903092
2022-11-01,19195256.25,5050,7.283193914172525
2022-11-02,19196093.75,5051,7.283212862275609
2022-11-03,19196975.0,5052,7.283232799312407
2022-11-04,19197850.0,5053,7.283252594046293
2022-11-05,19198768.75,5054,7.283273377545899
2022-11-06,19199662.5,5055,7.283293594553763
2022-11-07,19200575.0,5056,7.283314234723751
2022-11-08,19201487.5,5057,7.283334873912848
2022-11-09,19202456.25,5058,7.283356784307372
2022-11-10,19203400.0,5059,7.283378128209444
2022-11-11,19204231.25,5060,7.283396926936488
2022-11-12,19205225.0,5061,7.283419399534833
2022-11-13,19206150.0,5062,7.283440316380212
2022-11-14,19206906.25,5063,7.283457416566141
2022-11-15,19207818.75,5064,7.28347804895202
2022-11-16,19208762.5,5065,7.283499386895379
2022-11-17,19209643.75,5066,7.283519310783411
2022-11-18,19210462.5,5067,7.283537820810676
2022-11-19,19211393.75,5068,7.283558873241549
2022-11-20,19212268.75,5069,7.283578653119208
2022-11-21,19213206.25,5070,7.283599844845627
2022-11-22,19214012.5,5071,7.283618068903338
2022-11-23,19214831.25,5072,7.28363657472201
2022-11-24,19215681.25,5073,7.2836557860354
2022-11-25,19216500.0,5074,7.283674290247003
2022-11-26,19217256.25,5075,7.283691381222959
2022-11-27,19217956.25,5076,7.283707200369912
2022-11-28,19218812.5,5077,7.283726549792993
2022-11-29,19219618.75,5078,7.283744768534741
2022-11-30,19220506.25,5079,7.283764822390069
2022-12-01,19221418.75,5080,7.2837854401772795
2022-12-02,19222250.0,5081,7.283804221282199
2022-12-03,19223087.5,5082,7.283823142777096
2022-12-04,19223925.0,5083,7.28384206344765
2022-12-05,19224850.0,5084,7.283862959946736
2022-12-06,19225731.25,5085,7.28388286716269
2022-12-07,19226662.5,5086,7.283903902874484
2022-12-08,19227712.5,5087,7.283927619770473
2022-12-09,19228706.25,5088,7.283950064925562
2022-12-10,19229637.5,5089,7.28397109738286
2022-12-11,19230587.5,5090,7.283992552262955
2022-12-12,19231468.75,5091,7.28401245353967
2022-12-13,19232481.25,5092,7.284035317710565
2022-12-14,19233481.25,5093,7.284057898426282
2022-12-15,19234343.75,5094,7.284077373350622
2022-12-16,19235162.5,5095,7.284095859608533
2022-12-17,19236025.0,5096,7.284115332830704
2022-12-18,19236900.0,5097,7.2841350873812996
2022-12-19,19237793.75,5098,7.284155264316082
2022-12-20,19238662.5,5099,7.284174875962683
2022-12-21,19239575.0,5100,7.284195474292573
2022-12-22,19240412.5,5101,7.284214378749268
2022-12-23,19241250.0,5102,7.284233282383104
2022-12-24,19241975.0,5103,7.284249646058415
2022-12-25,19242643.75,5104,7.284264739591584
2022-12-26,19243518.75,5105,7.284284487347507
2022-12-27,19244287.5,5106,7.284301836420657
2022-12-28,19245156.25,5107,7.284321441449697
2022-12-29,19246106.25,5108,7.28434287902961
2022-12-30,19247018.75,5109,7.284363469392944
2022-12-31,19248000.0,5110,7.28438560999577
2023-01-01,19248981.25,5111,7.284407749469911
2023-01-02,19249943.75,5112,7.284429464800348
2023-01-03,19250956.25,5113,7.28445230702809
2023-01-04,19251868.75,5114,7.284472892204103
2023-01-05,19252731.25,5115,7.284492348528318
2023-01-06,19253831.25,5116,7.284517161126443
2023-01-07,19254881.25,5117,7.284540844556841
2023-01-08,19255850.0,5118,7.284562694195411
2023-01-09,19256800.0,5119,7.2845841198702415
2023-01-10,19257975.0,5120,7.284610618584899
2023-01-11,19258793.75,5121,7.2846290821590065
2023-01-12,19259718.75,5122,7.284649940825126
2023-01-13,19260687.5,5123,7.284671784975819
2023-01-14,19261687.5,5124,7.284694332624141
2023-01-15,19262775.0,5125,7.284718851863011
2023-01-16,19263743.75,5126,7.284740692547977
2023-01-17,19264681.25,5127,7.2847618276489765
2023-01-18,19265562.5,5128,7.2847816937061305
2023-01-19,19266512.5,5129,7.284803108579734
2023-01-20,19267381.25,5130,7.284822690993785
2023-01-21,19268225.0,5131,7.2848417090399415
2023-01-22,19269106.25,5132,7.284861571443478
2023-01-23,19270106.25,5133,7.284884109240896
2023-01-24,19270993.75,5134,7.284904110556518
2023-01-25,19271918.75,5135,7.2849249560178375
2023-01-26,19272937.5,5136,7.284947913037092
2023-01-27,19273956.25,5137,7.284970868842891
2023-01-28,19274906.25,5138,7.284992274390611
2023-01-29,19275943.75,5139,7.285015650296724
2023-01-30,19276906.25,5140,7.285037335253292
2023-01-31,19277675.0,5141,7.285054654278538
2023-02-01,19278481.25,5142,7.285072817392299
2023-02-02,19279387.5,5143,7.285093232388618
2023-02-03,19280181.25,5144,7.2851111123212124
2023-02-04,19281075.0,5145,7.285131243962711
2023-02-05,19281956.25,5146,7.2851510931291195
2023-02-06,19282881.25,5147,7.285171926739313
2023-02-07,19283812.5,5148,7.285192900107628
2023-02-08,19284650.0,5149,7.285211761198015
2023-02-09,19285631.25,5150,7.285233858597705
2023-02-10,19286575.0,5151,7.285255110450125
2023-02-11,19287506.25,5152,7.285276079801734
2023-02-12,19288456.25,5153,7.285297470311842
2023-02-13,19289456.25,5154,7.285319985500137
2023-02-14,19290431.25,5155,7.285341936684932
2023-02-15,19291387.5,5156,7.285363464653901
2023-02-16,19292468.75,5157,7.285387805451029
2023-02-17,19293575.0,5158,7.285412707629331
2023-02-18,19294575.0,5159,7.285435216844311
2023-02-19,19295643.75,5160,7.285459272278184
2023-02-20,19296575.0,5161,7.285480231774655
2023-02-21,19297606.25,5162,7.285503440775083
2023-02-22,19298506.25,5163,7.285523694889213
2023-02-23,19299531.25,5164,7.285546760924323
2023-02-24,19300518.75,5165,7.285568981921496
2023-02-25,19301268.75,5166,7.285585857868573
2023-02-26,19302112.5,5167,7.285604842525217
2023-02-27,19303050.0,5168,7.285625935614871
2023-02-28,19303968.75,5169,7.2856466058488465
2023-03-01,19304893.75,5170,7.285667415702846
2023-03-02,19305856.25,5171,7.285689068141035
2023-03-03,19306850.0,5172,7.285711422447863
2023-03-04,19307825.0,5173,7.285733353857098
2023-03-05,19308793.75,5174,7.285755143583545
2023-03-06,19309743.75,5175,7.285776510511688
2023-03-07,19310637.5,5176,7.2857966113331045
2023-03-08,19311562.5,5177,7.285817414000785
2023-03-09,19312393.75,5178,7.285836107439945
2023-03-10,19313281.25,5179,7.285856064960571
2023-03-11,19314175.0,5180,7.285876162100323
2023-03-12,19315168.75,5181,7.285898506779243
2023-03-13,19316200.0,5182,7.2859216934381195
2023-03-14,19317131.25,5183,7.285942630630087
2023-03-15,19318062.5,5184,7.285963566812727
2023-03-16,19318950.0,5185,7.285983518477093
2023-03-17,19319812.5,5186,7.286002907244563
2023-03-18,19320768.75,5187,7.286024402474964
2023-03-19,19321737.5,5188,7.286046177603974
2023-03-20,19322712.5,5189,7.286068092115369
2023-03-21,19323618.75,5190,7.286088460381208
2023-03-22,19324506.25,5191,7.28610840630887
2023-03-23,19325631.25,5192,7.286133688562641
2023-03-24,19326706.25,5193,7.286157845785637
2023-03-25,19327693.75,5194,7.2861800355389885
2023-03-26,19328581.25,5195,7.286199977261401
2023-03-27,19329500.0,5196,7.2862206201925765
2023-03-28,19330393.75,5197,7.286240700469867
2023-03-29,19331256.25,5198,7.286260077759285
2023-03-30,19332187.5,5199,7.286280998644603
2023-03-31,19333118.75,5200,7.286301918522167
2023-04-01,19334006.25,5201,7.286321854648929
2023-04-02,19334918.75,5202,7.2863423514025785
2023-04-03,19335793.75,5203,7.286362004915388
2023-04-04,19336693.75,5204,7.286382219029299
2023-04-05,19337593.75,5205,7.286402432202394
2023-04-06,19338556.25,5206,7.286424048027078
2023-04-07,19339512.5,5207,7.286445522423904
2023-04-08,19340406.25,5208,7.286465592305424
2023-04-09,19341343.75,5209,7.286486643632051
2023-04-10,19342225.0,5210,7.286506430948713
2023-04-11,19343031.25,5211,7.286524533448737
2023-04-12,19344043.75,5212,7.286547265752123
2023-04-13,19344956.25,5213,7.286567751870391
2023-04-14,19345850.0,5214,7.286587816104294
2023-04-15,19346787.5,5215,7.286608861507409
2023-04-16,19347706.25,5216,7.286629485013063
2023-04-17,19348525.0,5217,7.286647862958182
2023-04-18,19349550.0,5218,7.286670869365816
2023-04-19,19350518.75,5219,7.2866926121064886
2023-04-20,19351350.0,5220,7.286711267913033
2023-04-21,19352200.0,5221,7.28673034369857
2023-04-22,19353112.5,5222,7.286750821182885
2023-04-23,19354031.25,5223,7.2867714379485085
2023-04-24,19354968.75,5224,7.286792474455619
2023-04-25,19355800.0,5225,7.286811125973003
2023-04-26,19356593.75,5226,7.2868289353209486
2023-04-27,19357368.75,5227,7.28684632327102
2023-04-28,19358287.5,5228,7.286866935503588
2023-04-29,19359156.25,5229,7.28688642508217
2023-04-30,19360025.0,5230,7.2869059137861685
2023-05-01,19361056.25,5231,7.286929046724098
2023-05-02,19362056.25,5232,7.286951477487224
2023-05-03,19362881.25,5233,7.2869699819946945
2023-05-04,19363806.25,5234,7.286990728535221
2023-05-05,19364662.5,5235,7.287009932219859
2023-05-06,19365425.0,5236,7.287027032596536
2023-05-07,19366337.5,5237,7.287047496096735
2023-05-08,19367218.75,5238,7.287067257876922
2023-05-09,19368137.5,5239,7.287087859626536
2023-05-10,19369106.25,5240,7.287109581501336
2023-05-11,19370137.5,5241,7.287132703593624
2023-05-12,19371025.0,5242,7.287152601620832
2023-05-13,19371956.25,5243,7.287173479556567
2023-05-14,19372887.5,5244,7.28719435648868
2023-05-15,19373906.25,5245,7.287217193862342
2023-05-16,19374837.5,5246,7.287238068693225
2023-05-17,19375825.0,5247,7.287260203323877
2023-05-18,19376775.0,5248,7.287281496334301
2023-05-19,19377700.0,5249,7.287302227999268
2023-05-20,19378606.25,5250,7.28732253846806
2023-05-21,19379425.0,5251,7.287340887109394
2023-05-22,19380362.5,5252,7.2873618960520705
2023-05-23,19381287.5,5253,7.287382623879489
2023-05-24,19382218.75,5254,7.287403490760506
2023-05-25,19383125.0,5255,7.287423796494248
2023-05-26,19384068.75,5256,7.287444941456146
2023-05-27,19385050.0,5257,7.287466925523579
2023-05-28,19385943.75,5258,7.2874869482599465
2023-05-29,19386987.5,5259,7.2875103302870965
2023-05-30,19387962.5,5260,7.287532171043561
2023-05-31,19388875.0,5261,7.287552610756563
2023-06-01,19389737.5,5262,7.2875719296009756
2023-06-02,19390668.75,5263,7.2875927873884745
2023-06-03,19391550.0,5264,7.287612524372308
2023-06-04,19392475.0,5265,7.287633240241578
2023-06-05,19393343.75,5266,7.287652695462243
2023-06-06,19394256.25,5267,7.287673129503783
2023-06-07,19395100.0,5268,7.287692023138768
2023-06-08,19396031.25,5269,7.2877128751594915
2023-06-09,19397025.0,5270,7.287735125540523
2023-06-10,19398043.75,5271,7.28775793449629
2023-06-11,19399025.0,5272,7.287779902726066
2023-06-12,19400025.0,5273,7.287802289587703
2023-06-13,19401025.0,5274,7.2878246752954094
2023-06-14,19401887.5,5275,7.287843982041556
2023-06-15,19402668.75,5276,7.287861469295468
2023-06-16,19403650.0,5277,7.287883432288825
2023-06-17,19404531.25,5278,7.287903156068704
2023-06-18,19405468.75,5279,7.287924137829944
2023-06-19,19406350.0,5280,7.287943859761282
2023-06-20,19407243.75,5281,7.287963860521622
2023-06-21,19408018.75,5282,7.287981203092654
2023-06-22,19408875.0,5283,7.288000363031241
2023-06-23,19409637.5,5284,7.288017424454834
2023-06-24,19410543.75,5285,7.288037701504638
2023-06-25,19411418.75,5286,7.288057278447546
2023-06-26,19412356.25,5287,7.288078252764281
2023-06-27,19413300.0,5288,7.288099365886735
2023-06-28,19414100.0,5289,7.28811726229935
2023-06-29,19414781.25,5290,7.288132501631842
2023-06-30,19415806.25,5291,7.288155429528261
2023-07-01,19416731.25,5292,7.288176119517724
2023-07-02,19417656.25,5293,7.288196808521552
2023-07-03,19418612.5,5294,7.288218195442169
2023-07-04,19419481.25,5295,7.288237624476644
2023-07-05,19420412.5,5296,7.288258450318185
2023-07-06,19421356.25,5297,7.288279554682408
2023-07-07,19422312.5,5298,7.288300937528661
2023-07-08,19423362.5,5299,7.288324415519769
2023-07-09,19424493.75,5300,7.288349708839927
2023-07-10,19425500.0,5301,7.2883722060802265
2023-07-11,19426418.75,5302,7.288392746021015
2023-07-12,19427287.5,5303,7.288412167248364
2023-07-13,19428162.5,5304,7.28843172731892
2023-07-14,19428912.5,5305,7.288448492392537
2023-07-15,19429781.25,5306,7.288467911127178
2023-07-16,19430675.0,5307,7.2884878877682535
2023-07-17,19431637.5,5308,7.28850940004645
2023-07-18,19432543.75,5309,7.2885296541396345
2023-07-19,19433512.5,5310,7.288551304022335
2023-07-20,19434400.0,5311,7.288571137161187
2023-07-21,19435112.5,5312,7.288587058884847
2023-07-22,19435893.75,5313,7.288604516244291
2023-07-23,19436750.0,5314,7.288623648704259
2023-07-24,19437712.5,5315,7.2886451542589095
2023-07-25,19438587.5,5316,7.2886647038390775
2023-07-26,19439487.5,5317,7.28868481106063
2023-07-27,19440343.75,5318,7.288703939983685
2023-07-28,19441212.5,5319,7.288723347300038
2023-07-29,19442031.25,5320,7.288741636854756
2023-07-30,19443018.75,5321,7.288763694987688
2023-07-31,19443968.75,5322,7.288784914412715
2023-08-01,19444850.0,5323,7.2888045972945585
2023-08-02,19445750.0,5324,7.288824698040434
2023-08-03,19446737.5,5325,7.2888467519551385
2023-08-04,19447587.5,5326,7.288865734174764
2023-08-05,19448412.5,5327,7.288884157300413
2023-08-06,19449412.5,5328,7.288906487314084
2023-08-07,19450387.5,5329,7.288928257972028
2023-08-08,19451206.25,5330,7.288946538899508
2023-08-09,19452137.5,5331,7.288967330774826
2023-08-10,19453087.5,5332,7.288988540252879
2023-08-11,19453837.5,5333,7.28900528384603
2023-08-12,19454906.25,5334,7.289029142350978
2023-08-13,19455800.0,5335,7.289049093193853
2023-08-14,19456768.75,5336,7.289070717198278
2023-08-15,19457875.0,5337,7.2890954090995494
2023-08-16,19458881.25,5338,7.289117867745368
2023-08-17,19459906.25,5339,7.2891407436812665
2023-08-18,19460825.0,5340,7.289161247307098
2023-08-19,19461656.25,5341,7.28917979737259
2023-08-20,19462618.75,5342,7.289201275405972
2023-08-21,19463675.0,5343,7.289224844233232
2023-08-22,19464618.75,5344,7.289245901689282
2023-08-23,19465506.25,5345,7.289265703133678
2023-08-24,19466387.5,5346,7.289285364238
2023-08-25,19467256.25,5347,7.289304745590212
2023-08-26,19468112.5,5348,7.2893238472277275
2023-08-27,19468918.75,5349,7.289341832673194
2023-08-28,19469675.0,5350,7.289358702065247
2023-08-29,19470500.0,5351,7.289377104291104
2023-08-30,19471387.5,5352,7.289396899754421
2023-08-31,19472212.5,5353,7.289415300361844
2023-09-01,19473125.0,5354,7.289435651640854
2023-09-02,19474075.0,5355,7.28945683826058
2023-09-03,19475031.25,5356,7.289478163222223
2023-09-04,19476056.25,5357,7.289501020188363
2023-09-05,19476881.25,5358,7.289519416384934
2023-09-06,19477637.5,5359,7.289536278880609
2023-09-07,19478568.75,5360,7.289557042541924
2023-09-08,19479468.75,5361,7.289577108492822
2023-09-09,19480293.75,5362,7.289595501466733
2023-09-10,19481237.5,5363,7.289616540958983
2023-09-11,19482193.75,5364,7.289637858080452
2023-09-12,19483137.5,5365,7.289658895520875
2023-09-13,19484031.25,5366,7.289678817455454
2023-09-14,19485025.0,5367,7.289700967344777
2023-09-15,19486093.75,5368,7.289724787663133
2023-09-16,19487150.0,5369,7.289748328097671
2023-09-17,19488112.5,5370,7.289769778033456
2023-09-18,19489068.75,5371,7.289791087634874
2023-09-19,19489993.75,5372,7.28981169984923
2023-09-20,19490868.75,5373,7.289831196989486
2023-09-21,19491768.75,5374,7.289851250277763
2023-09-22,19492575.0,5375,7.289869213895584
2023-09-23,19493475.0,5376,7.28988926542857
2023-09-24,19494468.75,5377,7.289911404587499
2023-09-25,19495387.5,5378,7.289931871862513
2023-09-26,19496237.5,5379,7.289950806713763
2023-09-27,19497168.75,5380,7.28997155056639
2023-09-28,19498125.0,5381,7.289992850269942
2023-09-29,19498987.5,5382,7.290012060871276
2023-09-30,19499893.75,5383,7.290032245007932
2023-10-01,19500775.0,5384,7.290051871441248
2023-10-02,19501681.25,5385,7.290072053727808
2023-10-03,19502718.75,5386,7.290095157814787
2023-10-04,19503643.75,5387,7.2901157556029474
2023-10-05,19504475.0,5388,7.290134264944064
2023-10-06,19505337.5,5389,7.290153469291212
2023-10-07,19506418.75,5390,7.290177543106585
2023-10-08,19507431.25,5391,7.2902000850071165
2023-10-09,19508381.25,5392,7.290221234368437
2023-10-10,19509356.25,5393,7.290242939221003
2023-10-11,19510318.75,5394,7.2902643647423035
2023-10-12,19511425.0,5395,7.290288988873598
2023-10-13,19512368.75,5396,7.290309994797318
2023-10-14,19513281.25,5397,7.290330304194589
2023-10-15,19514243.75,5398,7.2903517254063575
2023-10-16,19515187.5,5399,7.290372728295933
2023-10-17,19516143.75,5400,7.290394008333539
2023-10-18,19517081.25,5401,7.290414870103319
2023-10-19,19517981.25,5402,7.290434896459562
2023-10-20,19518893.75,5403,7.290455200016893
2023-10-21,19519725.0,5404,7.290473694897076
2023-10-22,19520668.75,5405,7.290494691889063
2023-10-23,19521625.0,5406,7.290515965951549
2023-10-24,19522550.0,5407,7.290536543791692
2023-10-25,19523368.75,5408,7.290554757147581
2023-10-26,19524281.25,5409,7.29057505510225
2023-10-27,19525231.25,5410,7.290596186211525
2023-10-28,19526212.5,5411,7.290618011343686
2023-10-29,19527156.25,5412,7.290639001359682
2023-10-30,19528050.0,5413,7.2906588783866155
2023-10-31,19529018.75,5414,7.290680422388401
2023-11-01,19529968.75,5415,7.290701548371652
2023-11-02,19530893.75,5416,7.290722117420574
2023-11-03,19531818.75,5417,7.290742685495351
2023-11-04,19532725.0,5418,7.290762835705055
2023-11-05,19533768.75,5419,7.290786042029559
2023-11-06,19534681.25,5420,7.290806329177619
2023-11-07,19535525.0,5421,7.290825086998697
2023-11-08,19536343.75,5422,7.290843288257991
2023-11-09,19537268.75,5423,7.290863850595084
2023-11-10,19538193.75,5424,7.290884411958668
2023-11-11,19539106.25,5425,7.2909046945122125
2023-11-12,19540193.75,5426,7.290928865633456
2023-11-13,19541050.0,5427,7.290947895972027
2023-11-14,19541837.5,5428,7.290965397591095
2023-11-15,19542775.0,5429,7.290986231932327
2023-11-16,19543687.5,5430,7.291006509731312
2023-11-17,19544618.75,5431,7.291027203221265
2023-11-18,19545593.75,5432,7.291048867832066
2023-11-19,19546518.75,5433,7.2910694204382125
2023-11-20,19547625.0,5434,7.291093998967099
2023-11-21,19548625.0,5435,7.291116215649364
2023-11-22,19549525.0,5436,7.291136209691731
2023-11-23,19550462.5,5437,7.291157035840428
2023-11-24,19551425.0,5438,7.291178416314141
2023-11-25,19552437.5,5439,7.291200906325864
2023-11-26,19553406.25,5440,7.291222423456762
2023-11-27,19554218.75,5441,7.2912404692607
2023-11-28,19555143.75,5442,7.291261012801692
2023-11-29,19555993.75,5443,7.291279889793427
2023-11-30,19556806.25,5444,7.29129793320973
2023-12-01,19557800.0,5445,7.2913200006767385
2023-12-02,19558756.25,5446,7.29134123435057
2023-12-03,19559593.75,5447,7.291359830310197
2023-12-04,19560625.0,5448,7.291382727226364
2023-12-05,19561537.5,5449,7.291402986521326
2023-12-06,19562406.25,5450,7.291422273602077
2023-12-07,19563168.75,5451,7.291439201125442
2023-12-08,19563931.25,5452,7.291456127989048
2023-12-09,19564881.25,5453,7.29147721627318
2023-12-10,19565806.25,5454,7.2914977486185855
2023-12-11,19566756.25,5455,7.291518834881868
2023-12-12,19567668.75,5456,7.29153908782872
2023-12-13,19568581.25,5457,7.291559339831137
2023-12-14,19569512.5,5458,7.291580006996939
2023-12-15,19570506.25,5459,7.291602060136169
2023-12-16,19571456.25,5460,7.291623141335554
2023-12-17,19572350.0,5461,7.2916429733718555
2023-12-18,19573368.75,5462,7.291665578015105
2023-12-19,19574418.75,5463,7.291688874821143
2023-12-20,19575381.25,5464,7.291710229128901
2023-12-21,19576293.75,5465,7.291730473152422
2023-12-22,19577293.75,5466,7.291752657300018
2023-12-23,19578237.5,5467,7.291773592549996
2023-12-24,19579368.75,5468,7.291798685791378
2023-12-25,19580300.0,5469,7.291819341570616
2023-12-26,19581175.0,5470,7.2918387487901715
2023-12-27,19582031.25,5471,7.2918577393012045
2023-12-28,19582850.0,5472,7.2918758973344096
2023-12-29,19583631.25,5473,7.291893222994168
2023-12-30,19584575.0,5474,7.291914151469409
2023-12-31,19585500.0,5475,7.291934663168497
2024-01-01,19586493.75,5476,7.291956698306368
2024-01-02,19587387.5,5477,7.291976515117002
2024-01-03,19588268.75,5478,7.291996053884129
2024-01-04,19589331.25,5479,7.292019610094164
2024-01-05,19590275.0,5480,7.292040532479895
2024-01-06,19591150.0,5481,7.29205992981788
2024-01-07,19591968.75,5482,7.29207807939956
2024-01-08,19592743.75,5483,7.292095258457516
2024-01-09,19593575.0,5484,7.292113683627303
2024-01-10,19594493.75,5485,7.292134047379233
2024-01-11,19595412.5,5486,7.292154410176366
2024-01-12,19596431.25,5487,7.292176988216141
2024-01-13,19597493.75,5488,7.292200534614577
2024-01-14,19598431.25,5489,7.292221309788366
2024-01-15,19599175.0,5490,7.292237790719313
2024-01-16,19599912.5,5491,7.292254132537497
2024-01-17,19600650.0,5492,7.292270473740786
2024-01-18,19601481.25,5493,7.292288891478631
2024-01-19,19602356.25,5494,7.292308277727322
2024-01-20,19603200.0,5495,7.29232697079046
2024-01-21,19604043.75,5496,7.292345663049038
2024-01-22,19604987.5,5497,7.292366569733254
2024-01-23,19605981.25,5498,7.292388582968593
2024-01-24,19606943.75,5499,7.292409902900167
2024-01-25,19607987.5,5500,7.292433021383416
2024-01-26,19609056.25,5501,7.292456692327642
2024-01-27,19610050.0,5502,7.2924787009954954
2024-01-28,19611037.5,5503,7.29250057013928
2024-01-29,19612056.25,5504,7.292523130190578
2024-01-30,19613012.5,5505,7.292544305123428
2024-01-31,19613825.0,5506,7.2925622960851815
2024-02-01,19614768.75,5507,7.292583192343661
2024-02-02,19615800.0,5508,7.292606024854065
2024-02-03,19616856.25,5509,7.292629409635543
2024-02-04,19617806.25,5510,7.292650441026237
2024-02-05,19618781.25,5511,7.292672024815599
2024-02-06,19619818.75,5512,7.292694991003235
2024-02-07,19620868.75,5513,7.292718232655466
2024-02-08,19621812.5,5514,7.29273912141252
2024-02-09,19622743.75,5515,7.292759732512504
2024-02-10,19623718.75,5516,7.29278131087106
2024-02-11,19624612.5,5517,7.292801090091267
2024-02-12,19625612.5,5518,7.292823219619543
2024-02-13,19626600.0,5519,7.292845071422214
2024-02-14,19627443.75,5520,7.292863741395249
2024-02-15,19628368.75,5521,7.2928842082953205
2024-02-16,19629318.75,5522,7.292905227350907
2024-02-17,19630193.75,5523,7.292924586107424
2024-02-18,19631043.75,5524,7.292943390930358
2024-02-19,19631825.0,5525,7.292960674056876
2024-02-20,19632681.25,5526,7.292979615573564
2024-02-21,19633556.25,5527,7.29299897101457
2024-02-22,19634375.0,5528,7.293017081396033
2024-02-23,19635343.75,5529,7.293038508734594
2024-02-24,19636193.75,5530,7.293057308625466
2024-02-25,19637225.0,5531,7.293080116224031
2024-02-26,19638118.75,5532,7.293099881840635
2024-02-27,19638987.5,5533,7.2931190937107155
2024-02-28,19639825.0,5534,7.293137613701799
2024-02-29,19640662.5,5535,7.293156132903154
2024-03-01,19641618.75,5536,7.293177276995869
2024-03-02,19642437.5,5537,7.29319537994353
2024-03-03,19643368.75,5538,7.29321596940191
2024-03-04,19644281.25,5539,7.293236143360637
2024-03-05,19645181.25,5540,7.293256040045851
2024-03-06,19646156.25,5541,7.293277593759564
2024-03-07,19647087.5,5542,7.293298179320732
2024-03-08,19648150.0,5543,7.293321665010932
2024-03-09,19649150.0,5544,7.293343768029816
2024-03-10,19650062.5,5545,7.29336393605302
2024-03-11,19651106.25,5546,7.293387003808001
2024-03-12,19652068.75,5547,7.293408274783637
2024-03-13,19653000.0,5548,7.293428854151602
2024-03-14,19653962.5,5549,7.293450123077631
2024-03-15,19654750.0,5550,7.293467524151479
2024-03-16,19655618.75,5551,7.293486719765421
2024-03-17,19656525.0,5552,7.293506743062894
2024-03-18,19657481.25,5553,7.29352787009308
2024-03-19,19658356.25,5554,7.293547201115685
2024-03-20,19659362.5,5555,7.293569430728003
2024-03-21,19660162.5,5556,7.293587103148286
2024-03-22,19661025.0,5557,7.29360615542084
2024-03-23,19661875.0,5558,7.293624930755807
2024-03-24,19662912.5,5559,7.29364784660882
2024-03-25,19663881.25,5560,7.293669242849872
2024-03-26,19664681.25,5561,7.293686911209125
2024-03-27,19665531.25,5562,7.293705683053273
2024-03-28,19666406.25,5563,7.293725006162984
2024-03-29,19667343.75,5564,7.293745708540808
2024-03-30,19668293.75,5565,7.293766685943697
2024-03-31,19669200.0,5566,7.29378669633769
2024-04-01,19670050.0,5567,7.293805463869337
2024-04-02,19671006.25,5568,7.293826576373066
2024-04-03,19671925.0,5569,7.293846859968753
2024-04-04,19672812.5,5570,7.293866452746708
2024-04-05,19673693.75,5571,7.293885906672798
2024-04-06,19674631.25,5572,7.293906601382261
2024-04-07,19675650.0,5573,7.2939290885152355
2024-04-08,19676656.25,5574,7.293951298589519
2024-04-09,19677631.25,5575,7.293972817826524
2024-04-10,19678562.5,5576,7.293993370461208
2024-04-11,19679456.25,5577,7.294013094558386
2024-04-12,19680318.75,5578,7.29403212815249
2024-04-13,19681187.5,5579,7.294051298827963
2024-04-14,19682231.25,5580,7.294074330103192
2024-04-15,19683156.25,5581,7.294094740032897
2024-04-16,19684125.0,5582,7.294116114268864
2024-04-17,19685062.5,5583,7.294136798011797
2024-04-18,19685968.75,5584,7.294156791360297
2024-04-19,19686862.5,5585,7.294176508037048
2024-04-20,19687625.0,5586,7.294193328550204
2024-04-21,19688043.75,5587,7.294202565768012
2024-04-22,19688468.75,5588,7.294211940653857
2024-04-23,19688984.375,5589,7.294223314324547
2024-04-24,19689506.25,5590,7.2942348255546205
2024-04-25,19689984.375,5591,7.294245371503584
2024-04-26,19690381.25,5592,7.294254125135999
2024-04-27,19690803.125,5593,7.294263429984873
2024-04-28,19691259.375,5594,7.294273492782239
2024-04-29,19691693.75,5595,7.294283072900062
2024-04-30,19692109.375,5596,7.294292239289781
2024-05-01,19692546.875,5597,7.294301887912059
2024-05-02,19692978.125,5598,7.29431139848709
2024-05-03,19693406.25,5599,7.294320839938903
2024-05-04,19693821.875,5600,7.29433000553154
2024-05-05,19694271.875,5601,7.2943399289626205
2024-05-06,19694671.875,5602,7.294348749599897
2024-05-07,19695075.0,5603,7.294357638967152
2024-05-08,19695421.875,5604,7.294365287811943
2024-05-09,19695856.25,5605,7.294374865905093
2024-05-10,19696315.625,5606,7.294384995025582
2024-05-11,19696793.75,5607,7.294395537328663
2024-05-12,19697253.125,5608,7.294405665967047
2024-05-13,19697693.75,5609,7.294415380969669
2024-05-14,19698125.0,5610,7.294424889059679
2024-05-15,19698556.25,5611,7.294434396941529
2024-05-16,19699009.375,5612,7.294444386882989
2024-05-17,19699450.0,5613,7.294454101019488
2024-05-18,19699909.375,5614,7.294464228292154
2024-05-19,19700337.5,5615,7.294473666422106
2024-05-20,19700834.375,5616,7.294484619907012
2024-05-21,19701293.75,5617,7.294494746468044
2024-05-22,19701759.375,5618,7.294505010564459
2024-05-23,19702253.125,5619,7.294515894374855
2024-05-24,19702750.0,5620,7.294526846794781
2024-05-25,19703250.0,5621,7.294537867819039
2024-05-26,19703781.25,5622,7.294549577350877
2024-05-27,19704237.5,5623,7.29455963352034
2024-05-28,19704631.25,5624,7.294568311945156
2024-05-29,19705056.25,5625,7.2945776789392385
2024-05-30,19705484.375,5626,7.294587114604019
2024-05-31,19705875.0,5627,7.294595723608361
2024-06-01,19706331.25,5628,7.294605778709368
2024-06-02,19706753.125,5629,7.294615076027123
2024-06-03,19707250.0,5630,7.2946260259461155
2024-06-04,19707700.0,5631,7.294635942615647
2024-06-05,19708103.125,5632,7.294644826106488
2024-06-06,19708500.0,5633,7.294653571691285
2024-06-07,19708940.625,5634,7.294663281149994
2024-06-08,19709409.375,5635,7.294673610123095
2024-06-09,19709928.125,5636,7.294685040566972
2024-06-10,19710390.625,5637,7.294695231311454
2024-06-11,19710818.75,5638,7.294704664422616
2024-06-12,19711203.125,5639,7.294713133391661
2024-06-13,19711671.875,5640,7.29472346117919
2024-06-14,19712100.0,5641,7.29473289367721
2024-06-15,19712481.25,5642,7.294741293247529
2024-06-16,19712953.125,5643,7.294751689212058
2024-06-17,19713431.25,5644,7.294762222617667
2024-06-18,19713896.875,5645,7.294772480394583
2024-06-19,19714346.875,5646,7.2947823937205785
2024-06-20,19714768.75,5647,7.294791687258192
2024-06-21,19715193.75,5648,7.29480104943574
2024-06-22,19715656.25,5649,7.294811237458463
2024-06-23,19716090.625,5650,7.294820805721628
2024-06-24,19716481.25,5651,7.2948294100948115
2024-06-25,19716890.625,5652,7.294838427294969
2024-06-26,19717303.125,5653,7.294847513139347
2024-06-27,19717684.375,5654,7.294855910493155
2024-06-28,19718118.75,5655,7.294865477772157
2024-06-29,19718559.375,5656,7.294875182494522
2024-06-30,19719015.625,5657,7.29488523112745
2024-07-01,19719393.75,5658,7.294893558927865
2024-07-02,19719837.5,5659,7.29490333184535
2024-07-03,19720296.875,5660,7.294913448647983
2024-07-04,19720750.0,5661,7.294923427576166
2024-07-05,19721175.0,5662,7.294932786914222
2024-07-06,19721609.375,5663,7.294942352499845
2024-07-07,19722084.375,5664,7.294952812467424
2024-07-08,19722537.5,5665,7.294962790491184
2024-07-09,19723034.375,5666,7.294973731646829
2024-07-10,19723496.875,5667,7.294983915619489
2024-07-11,19723925.0,5668,7.294993342462423
2024-07-12,19724375.0,5669,7.295003250748299
2024-07-13,19724850.0,5670,7.295013709249266
2024-07-14,19725362.5,5671,7.295024993138902
2024-07-15,19725846.875,5672,7.295035657521212
2024-07-16,19726318.75,5673,7.295046046441842
2024-07-17,19726812.5,5674,7.295056916702004
2024-07-18,19727234.375,5675,7.295066204366974
2024-07-19,19727656.25,5676,7.295075491833327
2024-07-20,19728156.25,5677,7.295086498943672
2024-07-21,19728675.0,5678,7.2950979185258005
2024-07-22,19729221.875,5679,7.295109956916774
2024-07-23,19729781.25,5680,7.295122270125756
2024-07-24,19730240.625,5681,7.295132381829609
2024-07-25,19730743.75,5682,7.295143456282752
2024-07-26,19731253.125,5683,7.295154668019069
2024-07-27,19731721.875,5684,7.295164985312096
2024-07-28,19732218.75,5685,7.295175921375109
2024-07-29,19732712.5,5686,7.295186788385068
2024-07-30,19733187.5,5687,7.295197242467144
2024-07-31,19733693.75,5688,7.295208384040762
2024-08-01,19734121.875,5689,7.295217806012672
2024-08-02,19734540.625,5690,7.29522702146629
2024-08-03,19734943.75,5691,7.295235892874963
2024-08-04,19735375.0,5692,7.295245383018507
2024-08-05,19735834.375,5693,7.295255491856356
2024-08-06,19736318.75,5694,7.295266150580192
2024-08-07,19736718.75,5695,7.2952749524258955
2024-08-08,19737109.375,5696,7.2952835478061795
2024-08-09,19737515.625,5697,7.29529248682122
2024-08-10,19737896.875,5698,7.295300875575674
2024-08-11,19738359.375,5699,7.295311051879962
2024-08-12,19738837.5,5700,7.295321571727652
2024-08-13,19739271.875,5701,7.295331128753992
2024-08-14,19739703.125,5702,7.295340616816706
2024-08-15,19740165.625,5703,7.295350792189839
2024-08-16,19740643.75,5704,7.295361311074961
2024-08-17,19741100.0,5705,7.29537134846635
2024-08-18,19741575.0,5706,7.295381798106803
2024-08-19,19742050.0,5707,7.29539224749583
2024-08-20,19742453.125,5708,7.29540111553008
2024-08-21,19742925.0,5709,7.295411495712233
2024-08-22,19743393.75,5710,7.295421806905823
2024-08-23,19743912.5,5711,7.295433217674695
2024-08-24,19744403.125,5712,7.295444009511562
2024-08-25,19744856.25,5713,7.295453976256456
2024-08-26,19745275.0,5714,7.295463186700106
2024-08-27,19745700.0,5715,7.29547253441334
2024-08-28,19746187.5,5716,7.295483256542534
2024-08-29,19746640.625,5717,7.295493222386788
2024-08-30,19747078.125,5718,7.29550284436425
2024-08-31,19747528.125,5719,7.295512741032955
2024-09-01,19747931.25,5720,7.295521606607165
2024-09-02,19748443.75,5721,7.295532877308438
2024-09-03,19748931.25,5722,7.295543597947971
2024-09-04,19749393.75,5723,7.295553768566491
2024-09-05,19749893.75,5724,7.2955647635618295
2024-09-06,19750331.25,5725,7.295574383954414
2024-09-07,19750843.75,5726,7.295585653286124
2024-09-08,19751343.75,5727,7.295596647474279
2024-09-09,19751818.75,5728,7.29560709169524
2024-09-10,19752287.5,5729,7.295617398246013
2024-09-11,19752665.625,5730,7.295625712018742
2024-09-12,19753068.75,5731,7.2956345752871155
2024-09-13,19753496.875,5732,7.2956439880174875
2024-09-14,19753900.0,5733,7.295652850912888
2024-09-15,19754359.375,5734,7.295662950270885
2024-09-16,19754768.75,5735,7.295671950181132
2024-09-17,19755196.875,5736,7.295681362101498
2024-09-18,19755668.75,5737,7.295691735587648
2024-09-19,19756090.625,5738,7.295701009686674
2024-09-20,19756475.0,5739,7.2957094592489256
2024-09-21,19756918.75,5740,7.295719213823669
2024-09-22,19757346.875,5741,7.295728624719817
2024-09-23,19757778.125,5742,7.295738104102474
2024-09-24,19758234.375,5743,7.2957481327893206
2024-09-25,19758696.875,5744,7.295758298619082
2024-09-26,19759118.75,5745,7.2957675712968175
2024-09-27,19759525.0,5746,7.29577650035493
2024-09-28,19759959.375,5747,7.295786047375523
2024-09-29,19760390.625,5748,7.295795525504908
2024-09-30,19760831.25,5749,7.295805209466943
2024-10-01,19761296.875,5750,7.295815442638978
2024-10-02,19761787.5,5751,7.295826224982187
2024-10-03,19762250.0,5752,7.295836388984176
2024-10-04,19762793.75,5753,7.295848338249864
2024-10-05,19763287.5,5754,7.295859188447691
2024-10-06,19763759.375,5755,7.29586955768723
2024-10-07,19764246.875,5756,7.295880270019069
2024-10-08,19764756.25,5757,7.29589146275019
2024-10-09,19765196.875,5758,7.2959011445732616
2024-10-10,19765646.875,5759,7.295911032169798
2024-10-11,19766115.625,5760,7.2959213315101525
2024-10-12,19766550.0,5761,7.295930875347514
2024-10-13,19767000.0,5762,7.295940762267199
2024-10-14,19767431.25,5763,7.295950237020694
2024-10-15,19767900.0,5764,7.295960535431354
2024-10-16,19768353.125,5765,7.295970490329533
2024-10-17,19768809.375,5766,7.295980513651636
2024-10-18,19769256.25,5767,7.295990330790818
2024-10-19,19769746.875,5768,7.29600110879296
2024-10-20,19770306.25,5769,7.296013396762076
2024-10-21,19770840.625,5770,7.296025135223508
2024-10-22,19771325.0,5771,7.2960357750752385
2024-10-23,19771765.625,5772,7.296045453681694
2024-10-24,19772237.5,5773,7.296055818474961
2024-10-25,19772696.875,5774,7.2960659084665505
2024-10-26,19773175.0,5775,7.296076410045568
2024-10-27,19773615.625,5776,7.2960860877464935
2024-10-28,19774175.0,5777,7.296098373311477
2024-10-29,19774665.625,5778,7.296109148632666
2024-10-30,19775193.75,5779,7.296120747246511
2024-10-31,19775681.25,5780,7.296131453384362
2024-11-01,19776181.25,5781,7.296142433764412
2024-11-02,19776637.5,5782,7.296152453118968
2024-11-03,19777090.625,5783,7.296162403619032
2024-11-04,19777518.75,5784,7.29617180491653
2024-11-05,19777962.5,5785,7.2961815491122906
2024-11-06,19778409.375,5786,7.2961913617082095
2024-11-07,19778900.0,5787,7.29620213472253
2024-11-08,19779362.5,5788,7.296212289930833
2024-11-09,19779803.125,5789,7.296221964604354
2024-11-10,19780246.875,5790,7.296231707674767
2024-11-11,19780700.0,5791,7.296241656359148
2024-11-12,19781131.25,5792,7.296251124550554
2024-11-13,19781603.125,5793,7.296261484436537
2024-11-14,19782025.0,5794,7.296270746377023
2024-11-15,19782428.125,5795,7.296279596491163
2024-11-16,19782900.0,5796,7.2962899556979925
2024-11-17,19783387.5,5797,7.296300657665416
2024-11-18,19783859.375,5798,7.296311016369892
2024-11-19,19784368.75,5799,7.296322198005372
2024-11-20,19784881.25,5800,7.296333447949305
2024-11-21,19785337.5,5801,7.296343462898104
2024-11-22,19785784.375,5802,7.296353271836411
2024-11-23,19786231.25,5803,7.29636308055318
2024-11-24,19786637.5,5804,7.296371997376188
2024-11-25,19787134.375,5805,7.296382903087747
2024-11-26,19787615.625,5806,7.296393465591335
2024-11-27,19788040.625,5807,7.296402793302979
2024-11-28,19788484.375,5808,7.296412532317526
2024-11-29,19788884.375,5809,7.296421310960385
2024-11-30,19789328.125,5810,7.296431049559689
2024-12-01,19789831.25,5811,7.296442090946857
2024-12-02,19790293.75,5812,7.296452240545823
2024-12-03,19790725.0,5813,7.296461704147379
2024-12-04,19791187.5,5814,7.296471853287994
2024-12-05,19791671.875,5815,7.296482482201267
2024-12-06,19792115.625,5816,7.296492219428982
2024-12-07,19792521.875,5817,7.296501133600965
2024-12-08,19792971.875,5818,7.296511007547118
2024-12-09,19793478.125,5819,7.296522115468211
2024-12-10,19794000.0,5820,7.296533565928987
2024-12-11,19794453.125,5821,7.2965435077009735
2024-12-12,19794878.125,5822,7.296552832190627
2024-12-13,19795409.375,5823,7.296564487521168
2024-12-14,19795912.5,5824,7.29657552551641
2024-12-15,19796400.0,5825,7.296586220449166
2024-12-16,19796837.5,5826,7.296595818241508
2024-12-17,19797268.75,5827,7.296605278714951
2024-12-18,19797700.0,5828,7.296614738982315
2024-12-19,19798156.25,5829,7.296624747446642
2024-12-20,19798609.375,5830,7.296634687131564
2024-12-21,19799056.25,5831,7.296644489494584
2024-12-22,19799553.125,5832,7.296655388365737
2024-12-23,19800006.25,5833,7.296665327349414
2024-12-24,19800456.25,5834,7.296675197563272
2024-12-25,19800881.25,5835,7.296684519225946
2024-12-26,19801318.75,5836,7.296694114846181
2024-12-27,19801765.625,5837,7.296703915867979
2024-12-28,19802237.5,5838,7.2967142649586005
2024-12-29,19802718.75,5839,7.296724819406287
2024-12-30,19803212.5,5840,7.296735647728898
2024-12-31,19803659.375,5841,7.29674544781345
2025-01-01,19804090.625,5842,7.296754905028027
2025-01-02,19804562.5,5843,7.29676525290368
2025-01-03,19805053.125,5844,7.296776011691759
2025-01-04,19805487.5,5845,7.296785536765772
2025-01-05,19805975.0,5846,7.296796226528107
2025-01-06,19806421.875,5847,7.296806025245778
2025-01-07,19806834.375,5848,7.296815070019712
2025-01-08,19807228.125,5849,7.296823703491841
2025-01-09,19807687.5,5850,7.296833775659079
2025-01-10,19808128.125,5851,7.296843436497967
2025-01-11,19808587.5,5852,7.296853508207572
2025-01-12,19809056.25,5853,7.296863785221504
2025-01-13,19809528.125,5854,7.29687413050324
2025-01-14,19809968.75,5855,7.2968837904444905
2025-01-15,19810425.0,5856,7.296893792710426
2025-01-16,19810828.125,5857,7.296902630137272
2025-01-17,19811275.0,5858,7.296912426454544
2025-01-18,19811696.875,5859,7.296921674523324
2025-01-19,19812143.75,5860,7.296931470411028
2025-01-20,19812615.625,5861,7.296941814080587
2025-01-21,19813090.625,5862,7.296952226002465
2025-01-22,19813515.625,5863,7.296961541720982
2025-01-23,19813956.25,5864,7.296971199718177
2025-01-24,19814403.125,5865,7.296980994488875
2025-01-25,19814821.875,5866,7.296990172604991
2025-01-26,19815225.0,5867,7.296999008070847
2025-01-27,19815675.0,5868,7.297008870704139
2025-01-28,19816143.75,5869,7.297019144042321
2025-01-29,19816640.625,5870,7.297030033515473
2025-01-30,19817109.375,5871,7.297040306353063
2025-01-31,19817537.5,5872,7.297049688665748
2025-02-01,19817971.875,5873,7.297059207739355
2025-02-02,19818540.625,5874,7.297071671246915
2025-02-03,19819078.125,5875,7.2970834496176336
2025-02-04,19819509.375,5876,7.297092899474813
2025-02-05,19819928.125,5877,7.297102075226326
2025-02-06,19820359.375,5878,7.297111524678241
2025-02-07,19820884.375,5879,7.297123028081336
2025-02-08,19821400.0,5880,7.2971343257699415
2025-02-09,19821871.875,5881,7.2971446646092435
2025-02-10,19822321.875,5882,7.297154523935333
2025-02-11,19822737.5,5883,7.29716362991963
2025-02-12,19823153.125,5884,7.297172735713001
2025-02-13,19823575.0,5885,7.297181978240354
2025-02-14,19824062.5,5886,7.297192658249217
2025-02-15,19824562.5,5887,7.29720361183164
2025-02-16,19825050.0,5888,7.297214291308517
2025-02-17,19825493.75,5889,7.29722401214249
2025-02-18,19825940.625,5890,7.297233801213158
2025-02-19,19826346.875,5891,7.297242700176845
2025-02-20,19826743.75,5892,7.297251393603753
2025-02-21,19827150.0,5893,7.297260292206972
2025-02-22,19827562.5,5894,7.297269327525223
2025-02-23,19827990.625,5895,7.29727870489159
2025-02-24,19828393.75,5896,7.297287534489436
2025-02-25,19828818.75,5897,7.29729684301836
2025-02-26,19829281.25,5898,7.297306972661378
2025-02-27,19829768.75,5899,7.297317649596905
2025-02-28,19830256.25,5900,7.297328326269949
2025-03-01,19830725.0,5901,7.297338592054203
2025-03-02,19831150.0,5902,7.2973478994888525
2025-03-03,19831565.625,5903,7.29735700141953
2025-03-04,19832043.75,5904,7.29736747182565
2025-03-05,19832453.125,5905,7.297376436482587
2025-03-06,19832956.25,5906,7.297387453860935
2025-03-07,19833431.25,5907,7.297397855104503
2025-03-08,19833853.125,5908,7.2974070928422226
2025-03-09,19834321.875,5909,7.297417356764796
2025-03-10,19834828.125,5910,7.297428441528723
2025-03-11,19835281.25,5911,7.297438362836742
2025-03-12,19835731.25,5912,7.297448215497642
2025-03-13,19836215.625,5913,7.297458820542579
2025-03-14,19836687.5,5914,7.297469151659917
2025-03-15,19837128.125,5915,7.297478798375419
2025-03-16,19837559.375,5916,7.2974882396341725
2025-03-17,19837996.875,5917,7.297497817513038
2025-03-18,19838437.5,5918,7.29750746359183
2025-03-19,19838912.5,5919,7.2975178619616266
2025-03-20,19839356.25,5920,7.297527576003213
2025-03-21,19839806.25,5921,7.297537426640401
2025-03-22,19840262.5,5922,7.297547413863892
2025-03-23,19840734.375,5923,7.2975577428739875
2025-03-24,19841218.75,5924,7.297568345244744
2025-03-25,19841693.75,5925,7.297578742156962
2025-03-26,19842162.5,5926,7.297589002023701
2025-03-27,19842637.5,5927,7.2975993984414185
2025-03-28,19843096.875,5928,7.297609452634986
2025-03-29,19843571.875,5929,7.29761984856316
2025-03-30,19844012.5,5930,7.297629491931943
2025-03-31,19844453.125,5931,7.297639135086602
2025-04-01,19844918.75,5932,7.297649325137922
2025-04-02,19845378.125,5933,7.297659378175735
2025-04-03,19845903.125,5934,7.297670867076865
2025-04-04,19846384.375,5935,7.297681398302581
2025-04-05,19846937.5,5936,7.297693502058275
2025-04-06,19847390.625,5937,7.297703417312993
2025-04-07,19847871.875,5938,7.297713947749436
2025-04-08,19848346.875,5939,7.297724341176589
2025-04-09,19848793.75,5940,7.297734118976378
2025-04-10,19849209.375,5941,7.2977432128163615
2025-04-11,19849662.5,5942,7.297753126936226
2025-04-12,19850125.0,5943,7.297763245942424
2025-04-13,19850606.25,5944,7.297773774928307
2025-04-14,19851112.5,5945,7.297784850599003
2025-04-15,19851596.875,5946,7.297795447426926
2025-04-16,19852031.25,5947,7.297804950168842
2025-04-17,19852515.625,5948,7.297815546506352
2025-04-18,19852959.375,5949,7.297825253891863
2025-04-19,19853393.75,5950,7.297834755981616
2025-04-20,19853806.25,5951,7.297843779356409
2025-04-21,19854171.875,5952,7.2978517771909726
2025-04-22,19854634.375,5953,7.29786189389892
2025-04-23,19855040.625,5954,7.2978707800020315
2025-04-24,19855446.875,5955,7.297879665923327
2025-04-25,19855906.25,5956,7.297889713630692
2025-04-26,19856325.0,5957,7.297898872562769
2025-04-27,19856746.875,5958,7.297908099649765
2025-04-28,19857171.875,5959,7.297917394887336
2025-04-29,19857621.875,5960,7.297927236686747
2025-04-30,19858059.375,5961,7.297936804889021
2025-05-01,19858487.5,5962,7.297946167854319
2025-05-02,19858918.75,5963,7.297955598958362
2025-05-03,19859446.875,5964,7.297967148364772
2025-05-04,19859906.25,5965,7.297977194048396
2025-05-05,19860400.0,5966,7.29798799119075
2025-05-06,19860890.625,5967,7.297998719730877
2025-05-07,19861334.375,5968,7.298008423022995
2025-05-08,19861818.75,5969,7.2980190143972
2025-05-09,19862290.625,5970,7.29802933219724
2025-05-10,19862715.625,5971,7.298038624840451
2025-05-11,19863203.125,5972,7.298049283804
2025-05-12,19863678.125,5973,7.2980596692091675
2025-05-13,19864109.375,5974,7.298069097848773
2025-05-14,19864525.0,5975,7.298078184677298
2025-05-15,19864978.125,5976,7.298088091153424
2025-05-16,19865425.0,5977,7.2980978607671885
2025-05-17,19865881.25,5978,7.298107835111154
2025-05-18,19866328.125,5979,7.298117604280786
2025-05-19,19866784.375,5980,7.298127578171322
2025-05-20,19867253.125,5981,7.298137825080582
2025-05-21,19867715.625,5982,7.298147935127436
2025-05-22,19868146.875,5983,7.298157361850982
2025-05-23,19868643.75,5984,7.2981682228222535
2025-05-24,19869118.75,5985,7.298178605383623
2025-05-25,19869562.5,5986,7.298188304657494
2025-05-26,19870059.375,5987,7.298199164854975
2025-05-27,19870484.375,5988,7.298208453865009
2025-05-28,19870981.25,5989,7.298219313558647
2025-05-29,19871471.875,5990,7.298230036385923
2025-05-30,19871968.75,5991,7.2982408955399025
2025-05-31,19872478.125,5992,7.298252027598297
2025-06-01,19872946.875,5993,7.298262271571705
2025-06-02,19873353.125,5994,7.298271149486544
2025-06-03,19873787.5,5995,7.298280641825496
2025-06-04,19874187.5,5996,7.298289382788665
2025-06-05,19874609.375,5997,7.29829860158264
2025-06-06,19875034.375,5998,7.2983078884661134
2025-06-07,19875459.375,5999,7.298317175151002
2025-06-08,19875931.25,6000,7.29832748586997
2025-06-09,19876396.875,6001,7.298337659783181
2025-06-10,19876871.875,6002,7.298348038294705
2025-06-11,19877346.875,6003,7.298358416558215
2025-06-12,19877815.625,6004,7.298368658022498
2025-06-13,19878250.0,6005,7.2983781482304755
2025-06-14,19878718.75,6006,7.298388389229466
2025-06-15,19879168.75,6007,7.298398220361307
2025-06-16,19879621.875,6008,7.2984081195400305
2025-06-17,19880015.625,6009,7.298416721401768
2025-06-18,19880428.125,6010,7.298425732693238
2025-06-19,19880868.75,6011,7.298435358184412
2025-06-20,19881290.625,6012,7.298444573880313
2025-06-21,19881750.0,6013,7.298454608526783
2025-06-22,19882156.25,6014,7.298463482510751
2025-06-23,19882456.25,6015,7.298470035490216
2025-06-24,19882831.25,6016,7.298478226575504
2025-06-25,19883209.375,6017,7.298486485763414
2025-06-26,19883684.375,6018,7.298496860719035
2025-06-27,19884096.875,6019,7.298505870347843
2025-06-28,19884506.25,6020,7.2985148115371015
2025-06-29,19884996.875,6021,7.298525527071038
2025-06-30,19885506.25,6022,7.298536651836095
2025-07-01,19885931.25,6023,7.29854593363059
2025-07-02,19886384.375,6024,7.298555829442992
2025-07-03,19886843.75,6025,7.298565861519192
2025-07-04,19887318.75,6026,7.298576234578784
2025-07-05,19887818.75,6027,7.298587153321225
2025-07-06,19888331.25,6028,7.298598344747343
2025-07-07,19888800.0,6029,7.298608580555306
2025-07-08,19889243.75,6030,7.298618270231227
2025-07-09,19889734.375,6031,7.298628983212819
2025-07-10,19890275.0,6032,7.298640787657211
2025-07-11,19890762.5,6033,7.298651431852196
2025-07-12,19891240.625,6034,7.298661871097727
2025-07-13,19891687.5,6035,7.298671627812769
2025-07-14,19892103.125,6036,7.298680702043314
2025-07-15,19892621.875,6037,7.298692027508678
2025-07-16,19893075.0,6038,7.298701919992791
2025-07-17,19893490.625,6039,7.298710993590434
2025-07-18,19893921.875,6040,7.298720408100379
2025-07-19,19894375.0,6041,7.298730299938058
2025-07-20,19894818.75,6042,7.2987399868986715
2025-07-21,19895287.5,6043,7.2987502193688805
2025-07-22,19895750.0,6044,7.29876031516987
2025-07-23,19896215.625,6045,7.298770478948662
2025-07-24,19896662.5,6046,7.298780233224088
2025-07-25,19897134.375,6047,7.29879053295544
2025-07-26,19897637.5,6048,7.298801514519145
2025-07-27,19898087.5,6049,7.298811336303613
2025-07-28,19898534.375,6050,7.298821089661434
2025-07-29,19898925.0,6051,7.2988296151444505
2025-07-30,19899334.375,6052,7.298838549671052
2025-07-31,19899781.25,6053,7.298848302417743
2025-08-01,19900237.5,6054,7.298858259541563
2025-08-02,19900712.5,6055,7.298868625619706
2025-08-03,19901175.0,6056,7.298878718668579
2025-08-04,19901700.0,6057,7.29889017535873
2025-08-05,19902190.625,6058,7.29890088163527
2025-08-06,19902590.625,6059,7.298909610124025
2025-08-07,19903087.5,6060,7.298920452299357
2025-08-08,19903546.875,6061,7.298930475956507
2025-08-09,19903925.0,6062,7.29893872654833
2025-08-10,19904365.625,6063,7.298948340676597
2025-08-11,19904762.5,6064,7.298957000028391
2025-08-12,19905225.0,6065,7.298967091023666
2025-08-13,19905681.25,6066,7.298977045424409
2025-08-14,19906162.5,6067,7.298987545024516
2025-08-15,19906612.5,6068,7.29899736260276
2025-08-16,19907075.0,6069,7.299007452660251
2025-08-17,19907525.0,6070,7.299017269788483
2025-08-18,19907990.625,6071,7.2990274275556235
2025-08-19,19908509.375,6072,7.299038743982859
2025-08-20,19908896.875,6073,7.2990471970252635
2025-08-21,19909362.5,6074,7.299057354092465
2025-08-22,19909840.625,6075,7.299067783585416
2025-08-23,19910318.75,6076,7.299078212827912
2025-08-24,19910812.5,6077,7.299088982632472
2025-08-25,19911275.0,6078,7.299099070561583
2025-08-26,19911762.5,6079,7.299109703530499
2025-08-27,19912190.625,6080,7.2991190412436335
2025-08-28,19912709.375,6081,7.29913035528397
2025-08-29,19913146.875,6082,7.299139897016589
2025-08-30,19913646.875,6083,7.299150801597175
2025-08-31,19914103.125,6084,7.299160751788054
2025-09-01,19914556.25,6085,7.299170633601311
2025-09-02,19915121.875,6086,7.299182968514768
2025-09-03,19915540.625,6087,7.299192100213961
2025-09-04,19915987.5,6088,7.299201845024454
2025-09-05,19916421.875,6089,7.299211317043272
2025-09-06,19916887.5,6090,7.299221470272884
2025-09-07,19917381.25,6091,7.299232236525519
2025-09-08,19917815.625,6092,7.299241707881525
2025-09-09,19918346.875,6093,7.299253291273551
2025-09-10,19918875.0,6094,7.299264806221757
2025-09-11,19919384.375,6095,7.299275912065998
2025-09-12,19919803.125,6096,7.2992850418111415
2025-09-13,19920218.75,6097,7.299294103234081
2025-09-14,19920668.75,6098,7.299303913884852
2025-09-15,19921187.5,6099,7.299315223110059
2025-09-16,19921609.375,6100,7.299324420154391
2025-09-17,19922084.375,6101,7.299334775111951
2025-09-18,19922571.875,6102,7.299345402311674
2025-09-19,19923056.25,6103,7.299355961130776
2025-09-20,19923562.5,6104,7.299366996525415
2025-09-21,19924081.25,6105,7.299378304108062
2025-09-22,19924546.875,6106,7.299388453434534
2025-09-23,19925031.25,6107,7.299399011207017
2025-09-24,19925490.625,6108,7.299409023825082
2025-09-25,19925909.375,6109,7.299418150772407
2025-09-26,19926337.5,6110,7.29942748185608
2025-09-27,19926837.5,6111,7.299438379218258
2025-09-28,19927315.625,6112,7.299448799565092
2025-09-29,19927762.5,6113,7.299458538617466
2025-09-30,19928271.875,6114,7.299469639508721
2025-10-01,19928734.375,6115,7.299479718599791
2025-10-02,19929200.0,6116,7.299489865556542
2025-10-03,19929587.5,6117,7.299498309823029
2025-10-04,19929984.375,6118,7.299506958216095
2025-10-05,19930387.5,6119,7.299515742628021
2025-10-06,19930831.25,6120,7.299525412085322
2025-10-07,19931284.375,6121,7.29953528560478
2025-10-08,19931678.125,6122,7.299543865170448
2025-10-09,19932090.625,6123,7.2995528531050775
2025-10-10,19932503.125,6124,7.2995618408537
2025-10-11,19932940.625,6125,7.299571373111113
2025-10-12,19933418.75,6126,7.299581790267453
2025-10-13,19933853.125,6127,7.299591254003331
2025-10-14,19934343.75,6128,7.2996019430109556
2025-10-15,19934818.75,6129,7.299612291353683
2025-10-16,19935303.125,6130,7.299622843686096
2025-10-17,19935803.125,6131,7.299633736147399
2025-10-18,19936356.25,6132,7.29964578561445
2025-10-19,19936809.375,6133,7.299655656397671
2025-10-20,19937243.75,6134,7.299665118524082
2025-10-21,19937675.0,6135,7.299674512373709
2025-10-22,19938146.875,6136,7.299684790918403
2025-10-23,19938653.125,6137,7.2996958179607665
2025-10-24,19939115.625,6138,7.299705891804123
2025-10-25,19939690.625,6139,7.299718415715975
2025-10-26,19940184.375,6140,7.299729169656424
2025-10-27,19940615.625,6141,7.2997385621207345
2025-10-28,19941090.625,6142,7.299748907208661
2025-10-29,19941543.75,6143,7.2997587756484075
2025-10-30,19941934.375,6144,7.299767282744076
2025-10-31,19942453.125,6145,7.29977857990954
2025-11-01,19942909.375,6146,7.299788515727842
2025-11-02,19943346.875,6147,7.299798043011358
2025-11-03,19943831.25,6148,7.299808590831463
2025-11-04,19944262.5,6149,7.299817981578312
2025-11-05,19944671.875,6150,7.299826895795064
2025-11-06,19945121.875,6151,7.299836694417644
2025-11-07,19945543.75,6152,7.299845880425533
2025-11-08,19945925.0,6153,7.299854181687754
2025-11-09,19946346.875,6154,7.299863367325771
2025-11-10,19946790.625,6155,7.299873029046479
2025-11-11,19947200.0,6156,7.299881942133426
2025-11-12,19947693.75,6157,7.299892692025469
2025-11-13,19948131.25,6158,7.299902217023929
2025-11-14,19948618.75,6159,7.2999128303475675
2025-11-15,19949093.75,6160,7.299923171285229
2025-11-16,19949506.25,6161,7.299932151373443
2025-11-17,19950003.125,6162,7.299942968051346
2025-11-18,19950400.0,6163,7.2999516075942585
2025-11-19,19950790.625,6164,7.29996011091355
2025-11-20,19951193.75,6165,7.299968886164494
2025-11-21,19951640.625,6166,7.299978613561039
2025-11-22,19952121.875,6167,7.2999890889752015
2025-11-23,19952578.125,6168,7.299999019978686
2025-11-24,19952996.875,6169,7.300008134535452
2025-11-25,19953453.125,6170,7.300018065103436
2025-11-26,19953850.0,6171,7.300026703152566
2025-11-27,19954312.5,6172,7.300036769323761
2025-11-28,19954784.375,6173,7.300047039298513
2025-11-29,19955209.375,6174,7.300056288869233
2025-11-30,19955740.625,6175,7.300067850555614
2025-12-01,19956168.75,6176,7.300077167690674
2025-12-02,19956600.0,6177,7.300086552631944
2025-12-03,19957056.25,6178,7.300096481407005
2025-12-04,19957421.875,6179,7.300104437864281
2025-12-05,19957818.75,6180,7.300113074195658
2025-12-06,19958190.625,6181,7.300121166350309
2025-12-07,19958687.5,6182,7.300131978321628
2025-12-08,19959256.25,6183,7.300144353958416
2025-12-09,19959640.625,6184,7.300152717513251
2025-12-10,19960106.25,6185,7.30016284875826
2025-12-11,19960609.375,6186,7.300173795676812
2025-12-12,19961100.0,6187,7.300184470356505
2025-12-13,19961509.375,6188,7.300193377054054
2025-12-14,19962003.125,6189,7.30020411924015
2025-12-15,19962353.125,6190,7.300211733793418
2025-12-16,19962790.625,6191,7.300221251797262
2025-12-17,19963262.5,6192,7.300231517410445
2025-12-18,19963634.375,6193,7.30023960735848
2025-12-19,19964096.875,6194,7.3002496685962015
2025-12-20,19964596.875,6195,7.300260545347759
2025-12-21,19965025.0,6196,7.300269858349803
2025-12-22,19965493.75,6197,7.300280054838343
2025-12-23,19965887.5,6198,7.300288619703714
2025-12-24,19966365.625,6199,7.3002990196703035
2025-12-25,19966896.875,6200,7.300310574896653
2025-12-26,19967281.25,6201,7.300318935251082
2025-12-27,19967740.625,6202,7.300328926683076
2025-12-28,19968200.0,6203,7.300338917885212
2025-12-29,19968681.25,6204,7.3003493846123515
2025-12-30,19969131.25,6205,7.300359171453675
2025-12-31,19969578.125,6206,7.300368890112573
2026-01-01,19970031.25,6207,7.300378744474705
2026-01-02,19970456.25,6208,7.300387986983567
2026-01-03,19970893.75,6209,7.300397501125469
2026-01-04,19971378.125,6210,7.300408034396603
2026-01-05,19971818.75,6211,7.300417616053609
2026-01-06,19972190.625,6212,7.300425702535812
2026-01-07,19972637.5,6213,7.300435419706005
2026-01-08,19973062.5,6214,7.3004446610088145
2026-01-09,19973506.25,6215,7.300454309806315
2026-01-10,19973921.875,6216,7.300463346865897
2026-01-11,19974425.0,6217,7.300474286212744
2026-01-12,19974881.25,6218,7.300484206127555
2026-01-13,19975259.375,6219,7.300492427255111
2026-01-14,19975700.0,6220,7.300502007050394
2026-01-15,19976112.5,6221,7.3005109751778745
2026-01-16,19976509.375,6222,7.300519603428759
2026-01-17,19976878.125,6223,7.300527620075168
2026-01-18,19977346.875,6224,7.300537810513771
2026-01-19,19977812.5,6225,7.300547932779396
2026-01-20,19978278.125,6226,7.300558054809104
2026-01-21,19978706.25,6227,7.300567361433614
2026-01-22,19979175.0,6228,7.3005775509397655
2026-01-23,19979684.375,6229,7.300588623265412
2026-01-24,19980025.0,6230,7.300596027301137
2026-01-25,19980343.75,6231,7.300602955734004
2026-01-26,19980696.875,6232,7.300610631221756
2026-01-27,19981081.25,6233,7.300618985802023
2026-01-28,19981481.25,6234,7.300627679828727
2026-01-29,19981856.25,6235,7.300635830320698
2026-01-30,19982246.875,6236,7.30064432025385
2026-01-31,19982646.875,6237,7.3006530137734105
2026-02-01,19983053.125,6238,7.300661842951094
2026-02-02,19983437.5,6239,7.300670196546262
2026-02-03,19983825.0,6240,7.300678617894196
2026-02-04,19984253.125,6241,7.300687921935511
2026-02-05,19984681.25,6242,7.3006972257775065
2026-02-06,19985056.25,6243,7.300705374964411
2026-02-07,19985543.75,6244,7.300715968678788
2026-02-08,19986034.375,6245,7.300726630040695
2026-02-09,19986603.125,6246,7.3007389887441505
2026-02-10,19987109.375,6247,7.300749989052489
2026-02-11,19987546.875,6248,7.30075949526736
2026-02-12,19988031.25,6249,7.300770019762542
2026-02-13,19988596.875,6250,7.300782309334117
2026-02-14,19989050.0,6251,7.300792154320129
2026-02-15,19989640.625,6252,7.300804986415146
2026-02-16,19990212.5,6253,7.300817410780793
2026-02-17,19990756.25,6254,7.300829223782425
2026-02-18,19991243.75,6255,7.300839814476234
2026-02-19,19991734.375,6256,7.300850472798359
2026-02-20,19992178.125,6257,7.3008601125841786
2026-02-21,19992621.875,6258,7.300869752156033
2026-02-22,19993040.625,6259,7.300878848457204
2026-02-23,19993550.0,6260,7.30088991310404
2026-02-24,19994050.0,6261,7.300900773832915
2026-02-25,19994534.375,6262,7.3009112949050134
2026-02-26,19995031.25,6263,7.300922087223826
2026-02-27,19995478.125,6264,7.300931793294074
2026-02-28,19995865.625,6265,7.300940209570996
2026-03-01,19996328.125,6266,7.300950254591239
2026-03-02,19996803.125,6267,7.300960570856681
2026-03-03,19997196.875,6268,7.300969122312012
2026-03-04,19997631.25,6269,7.30097855586502
2026-03-05,19998068.75,6270,7.300988057078192
2026-03-06,19998531.25,6271,7.300998100991819
2026-03-07,19998996.875,6272,7.301008212535089
2026-03-08,19999453.125,6273,7.301018120261882
2026-03-09,19999837.5,6274,7.301026467006981
2026-03-10,20000296.875,6275,7.301036442174852
2026-03-11,20000671.875,6276,7.301044584999179
2026-03-12,20001156.25,6277,7.301055102587976
2026-03-13,20001506.25,6278,7.3010627022355585
2026-03-14,20001909.375,6279,7.301071455236285
2026-03-15,20002315.625,6280,7.301080275911265
2026-03-16,20002693.75,6281,7.301088485763159
2026-03-17,20003087.5,6282,7.301097034700183
2026-03-18,20003484.375,6283,7.301105651315625
2026-03-19,20003915.625,6284,7.301115014058284
2026-03-20,20004356.25,6285,7.301124580130355
2026-03-21,20004778.125,6286,7.301133738938083
2026-03-22,20005256.25,6287,7.301144118686684
2026-03-23,20005750.0,6288,7.301154837382391
2026-03-24,20006200.0,6289,7.301164606089833
2026-03-25,20006559.375,6290,7.3011724073303315
2026-03-26,20007103.125,6291,7.301184210679977
2026-03-27,20007606.25,6292,7.301195131884436
2026-03-28,20008096.875,6293,7.301205781490143
2026-03-29,20008628.125,6294,7.301217312615868
2026-03-30,20009046.875,6295,7.30122640164037
2026-03-31,20009440.625,6296,7.301234947863025
2026-04-01,20009887.5,6297,7.301244646943729
2026-04-02,20010390.625,6298,7.301255566628522
2026-04-03,20010878.125,6299,7.301266146930774
2026-04-04,20011243.75,6300,7.301274081988313
2026-04-05,20011681.25,6301,7.3012835767384265
2026-04-06,20012153.125,6302,7.301293817271941
2026-04-07,20012553.125,6303,7.301302497799997
2026-04-08,20012965.625,6304,7.301311449412838
2026-04-09,20013490.625,6305,7.301322842107789
2026-04-10,20013862.5,6306,7.3013309117525615
2026-04-11,20014275.0,6307,7.301339862779763
2026-04-12,20014703.125,6308,7.30134915266593
2026-04-13,20015171.875,6309,7.301359323846249
2026-04-14,20015625.0,6310,7.301369155760799
2026-04-15,20016093.75,6311,7.301379326472663
2026-04-16,20016568.75,6312,7.301389632551051
2026-04-17,20017040.625,6313,7.301399870584136
2026-04-18,20017487.5,6314,7.301409565982369
2026-04-19,20017918.75,6315,7.301418922175443
2026-04-20,20018400.0,6316,7.301429362906556
2026-04-21,20018793.75,6317,7.30143790513623
2026-04-22,20019265.625,6318,7.3014481420314175
2026-04-23,20019603.125,6319,7.301455463636259
2026-04-24,20020068.75,6320,7.301465564536625
2026-04-25,20020509.375,6321,7.3014751228904275
2026-04-26,20020928.125,6322,7.301484206521069
2026-04-27,20021371.875,6323,7.301493832250678
2026-04-28,20021868.75,6324,7.301504610103186
2026-04-29,20022240.625,6325,7.301512676371258
2026-04-30,20022693.75,6326,7.3015225048147405
2026-05-01,20023131.25,6327,7.301531994135329
2026-05-02,20023662.5,6328,7.301543516603019
2026-05-03,20024012.5,6329,7.301551107708803
2026-05-04,20024550.0,6330,7.301562765220058
2026-05-05,20024934.375,6331,7.301571101504236
2026-05-06,20025418.75,6332,7.3015816063499255
2026-05-07,20025878.125,6333,7.301591568775275
2026-05-08,20026343.75,6334,7.301601666510615
2026-05-09,20026778.125,6335,7.301611086333928
2026-05-10,20027334.375,6336,7.30162314883091
2026-05-11,20027734.375,6337,7.301631822778961
2026-05-12,20028259.375,6338,7.301643207072879
2026-05-13,20028718.75,6339,7.301653168085266
2026-05-14,20029109.375,6340,7.30166163815416
2026-05-15,20029637.5,6341,7.301673089424665
2026-05-16,20030040.625,6342,7.3016818301320905
2026-05-17,20030493.75,6343,7.3016916547482715
2026-05-18,20031009.375,6344,7.301702834213582
2026-05-19,20031440.625,6345,7.301712184090853
2026-05-20,20031884.375,6346,7.301721804768934
2026-05-21,20032353.125,6347,7.301731967225584
2026-05-22,20032715.625,6348,7.301739826029006
2026-05-23,20033221.875,6349,7.301750801016499
2026-05-24,20033712.5,6350,7.301761437005177
2026-05-25,20034175.0,6351,7.301771463048995
2026-05-26,20034662.5,6352,7.301782030790569
2026-05-27,20035128.125,6353,7.30179212409852
2026-05-28,20035550.0,6354,7.301801268839419
2026-05-29,20036062.5,6355,7.301812377747103
2026-05-30,20036518.75,6356,7.301822267145349
2026-05-31,20036896.875,6357,7.301830462982835
2026-06-01,20037390.625,6358,7.301841164752664
2026-06-02,20037765.625,6359,7.3018492925029195
2026-06-03,20038084.375,6360,7.301856200971042
2026-06-04,20038465.625,6361,7.30186446389643
2026-06-05,20038940.625,6362,7.30187475846877
2026-06-06,20039318.75,6363,7.301882953315729
2026-06-07,20039709.375,6364,7.301891418904338
2026-06-08,20040084.375,6365,7.301899545714159
2026-06-09,20040425.0,6366,7.301906927434612
2026-06-10,20040862.5,6367,7.301916408359387
2026-06-11,20041225.0,6368,7.301924263825981
2026-06-12,20041646.875,6369,7.301933405784927
2026-06-13,20042134.375,6370,7.301943969586711
2026-06-14,20042537.5,6371,7.301952704844097
2026-06-15,20042940.625,6372,7.301961439925788
2026-06-16,20043471.875,6373,7.3019729510054345
2026-06-17,20043959.375,6374,7.301983513845374
2026-06-18,20044406.25,6375,7.301993196222971
2026-06-19,20044928.125,6376,7.302004503341749
2026-06-20,20045371.875,6377,7.302014117546499
2026-06-21,20045793.75,6378,7.302023257614227
2026-06-22,20046275.0,6379,7.3020336838269895
2026-06-23,20046800.0,6380,7.302045057591811
2026-06-24,20047309.375,6381,7.302056092567032
2026-06-25,20047800.0,6382,7.302066721081757
2026-06-26,20048312.5,6383,7.302077823201544
2026-06-27,20048846.875,6384,7.302089398890066
2026-06-28,20049290.625,6385,7.302099011215644
2026-06-29,20049684.375,6386,7.302107540284143
2026-06-30,20050159.375,6387,7.302117829096249
2026-07-01,20050609.375,6388,7.302127576167089
2026-07-02,20051043.75,6389,7.302136984590477
2026-07-03,20051468.75,6390,7.302146189757101
2026-07-04,20051912.5,6391,7.302155800825812
2026-07-05,20052343.75,6392,7.3021651409564035
2026-07-06,20052743.75,6393,7.302173804086375
2026-07-07,20053115.625,6394,7.302181857935014
2026-07-08,20053578.125,6395,7.302191874277878
2026-07-09,20054021.875,6396,7.302201484335641
2026-07-10,20054387.5,6397,7.302209402322039
2026-07-11,20054846.875,6398,7.302219350356737
2026-07-12,20055250.0,6399,7.302228080077016
2026-07-13,20055731.25,6400,7.302238501373773
2026-07-14,20056162.5,6401,7.3022478397259585
2026-07-15,20056603.125,6402,7.302257380878412
2026-07-16,20057059.375,6403,7.302267260148717
2026-07-17,20057387.5,6404,7.302274364964463
2026-07-18,20057850.0,6405,7.302284379174045
2026-07-19,20058415.625,6406,7.302296625967834
2026-07-20,20058918.75,6407,7.302307519234529
2026-07-21,20059343.75,6408,7.302316720787304
2026-07-22,20059721.875,6409,7.302324907299049
2026-07-23,20060106.25,6410,7.3023332289668765
2026-07-24,20060578.125,6411,7.302343444780084
2026-07-25,20061015.625,6412,7.3023529161803
2026-07-26,20061453.125,6413,7.30236238737396
2026-07-27,20061871.875,6414,7.302371452465864
2026-07-28,20062328.125,6415,7.302381329141654
2026-07-29,20062762.5,6416,7.3023907320694805
2026-07-30,20063203.125,6417,7.302400270083239
2026-07-31,20063671.875,6418,7.302410416676434
2026-08-01,20064137.5,6419,7.302420495390986
2026-08-02,20064618.75,6420,7.302430912071638
2026-08-03,20065131.25,6421,7.302442004885423
2026-08-04,20065578.125,6422,7.302451677046699
2026-08-05,20066018.75,6423,7.302461213722087
2026-08-06,20066418.75,6424,7.302469870948191
2026-08-07,20066887.5,6425,7.302480015915423
2026-08-08,20067318.75,6426,7.3024893490759775
2026-08-09,20067790.625,6427,7.302499561217509
2026-08-10,20068256.25,6428,7.302509637863511
2026-08-11,20068643.75,6429,7.30251802361885
2026-08-12,20069087.5,6430,7.302527626462377
2026-08-13,20069518.75,6431,7.302536958599829
2026-08-14,20069943.75,6432,7.302546155292725
2026-08-15,20070453.125,6433,7.302557177543074
2026-08-16,20070940.625,6434,7.302567726183276
2026-08-17,20071396.875,6435,7.302577598396491
2026-08-18,20071915.625,6436,7.302588822695059
2026-08-19,20072300.0,6437,7.302597139307497
2026-08-20,20072740.625,6438,7.302606672789248
2026-08-21,20073140.625,6439,7.3026153271162855
2026-08-22,20073603.125,6440,7.302625333466944
2026-08-23,20074040.625,6441,7.302634798721594
2026-08-24,20074484.375,6442,7.302644398983439
2026-08-25,20074868.75,6443,7.3026527145316855
2026-08-26,20075343.75,6444,7.3026629904363975
2026-08-27,20075768.75,6445,7.302672184460838
2026-08-28,20076221.875,6446,7.302681986698986
2026-08-29,20076687.5,6447,7.302692059113229
2026-08-30,20077162.5,6448,7.302702334087058
2026-08-31,20077662.5,6449,7.3027131495863635
2026-09-01,20078109.375,6450,7.302722815710935
2026-09-02,20078540.625,6451,7.30273214365514
2026-09-03,20079053.125,6452,7.302743228777589
2026-09-04,20079478.125,6453,7.302752421103556
2026-09-05,20079987.5,6454,7.302763438120257
2026-09-06,20080443.75,6455,7.302773305885677
2026-09-07,20080918.75,6456,7.30278357893749
2026-09-08,20081328.125,6457,7.302792432491131
2026-09-09,20081778.125,6458,7.3028021644334595
2026-09-10,20082240.625,6459,7.302812166480273
2026-09-11,20082693.75,6460,7.302821965559504
2026-09-12,20083225.0,6461,7.302833453853595
2026-09-13,20083740.625,6462,7.30284460396607
2026-09-14,20084187.5,6463,7.302854267165327
2026-09-15,20084706.25,6464,7.302865484315787
2026-09-16,20085106.25,6465,7.30287413348699
2026-09-17,20085590.625,6466,7.302884606862165
2026-09-18,20086078.125,6467,7.3028951475524835
2026-09-19,20086456.25,6468,7.302903323168163
2026-09-20,20086925.0,6469,7.302913458015272
2026-09-21,20087371.875,6470,7.302923119682641
2026-09-22,20087828.125,6471,7.302932983820586
2026-09-23,20088240.625,6472,7.302941901889445
2026-09-24,20088653.125,6473,7.3029508197751785
2026-09-25,20089112.5,6474,7.302960750841504
2026-09-26,20089528.125,6475,7.302969735896312
2026-09-27,20090021.875,6476,7.302980409629614
2026-09-28,20090528.125,6477,7.302991353311643
