Date,Close,AbsDays,LogClose
2020-01-01,0.0008551582271844,4015,-3.0679535217216287
2020-01-02,0.0006745885277492,4016,-3.17096104882359
2020-01-03,0.0006282809005039,4017,-3.2018461424674305
2020-01-04,0.0005993510409077,4018,-3.2223187360850787
2020-01-05,0.0005955596054223,4019,-3.2250747664891835
2020-01-06,0.0006451232463642,4020,-3.1903573084611843
2020-01-07,0.0007648569488642,4021,-3.1164197833147105
2020-01-08,0.0007338670187685,4022,-3.1343826297941577
2020-01-09,0.0007337988158056,4023,-3.1344229934378944
2020-01-10,0.0007555673760734,4024,-3.121726802334582
2020-01-11,0.0006231875562701,4025,-3.205381227185894
2020-01-12,0.0006250778614939,4026,-3.2040658823182366
2020-01-13,0.0006196840832589,4027,-3.207829658669696
2020-01-14,0.0006221540296985,4028,-3.206102081600527
2020-01-15,0.0005769797155704,4029,-3.2388394547310804
2020-01-16,0.0005698987788115,4030,-3.244202273638479
2020-01-17,0.0006772549876234,4031,-3.169247787934699
2020-01-18,0.000681209669348,4032,-3.166719196125316
2020-01-19,0.0006800998086548,4033,-3.167427347341947
2020-01-20,0.0007038518514465,4034,-3.1525187426618997
2020-01-21,0.0006934264748778,4035,-3.1589995810905585
2020-01-22,0.0006889594015451,4036,-3.161806369100178
2020-01-23,0.0006902083008928,4037,-3.161019821905895
2020-01-24,0.0007108703353088,4038,-3.148209608546355
2020-01-25,0.0007052225984613,4039,-3.151673779427457
2020-01-26,0.000733147709921,4040,-3.1348085176631213
2020-01-27,0.0007054173213062,4041,-3.151553880569604
2020-01-28,0.000678904023034,4042,-3.1681916177855713
2020-01-29,0.0006592842175209,4043,-3.180927320624551
2020-01-30,0.0006458549454383,4044,-3.1898650105953728
2020-01-31,0.0005364021146066,4045,-3.2705095187395385
2020-02-01,0.0005964502210633,4046,-3.224425796117028
2020-02-02,0.0005980865470868,4047,-3.223235966174499
2020-02-03,0.0005966803018537,4048,-3.2242582992389197
2020-02-04,0.0005167369348345,4049,-3.2867304952541097
2020-02-05,0.0005219061875674,4050,-3.282407554245404
2020-02-06,0.0006275026970311,4051,-3.2023844032282383
2020-02-07,0.0006218123459341,4052,-3.2063406593950536
2020-02-08,0.0006145776972681,4053,-3.2114232041335526
2020-02-09,0.0006063793775919,4054,-3.2172555770829594
2020-02-10,0.0005872073764817,4055,-3.231208497463214
2020-02-11,0.0007155271410781,4056,-3.145373888113966
2020-02-12,0.0006633038983686,4057,-3.1782874502592775
2020-02-13,0.0006512347326259,4058,-3.1862624450575256
2020-02-14,0.0006615711505849,4059,-3.1794234415071365
2020-02-15,0.0006472131062703,4060,-3.18895269670596
2020-02-16,0.0006749709116617,4061,-3.170714942986771
2020-02-17,0.0006783961727279,4062,-3.1685166108808196
2020-02-18,0.000677623194155,4063,-3.1690117370912567
2020-02-19,0.0006339551076166,4064,-3.197941494806994
2020-02-20,0.0006576616370042,4065,-3.181997490850633
2020-02-21,0.000662410836522,4066,-3.178872571447784
2020-02-22,0.0006597139124886,4067,-3.1806443571301988
2020-02-23,0.0006574407030365,4068,-3.1821434116676213
2020-02-24,0.0006431742436688,4069,-3.1916713555165344
2020-02-25,0.0006617934942538,4070,-3.1792775064774
2020-02-26,0.0006739154539785,4071,-3.1713945844345584
2020-02-27,0.0006372341588224,4072,-3.195700951969316
2020-02-28,0.0006050088573495,4073,-3.218238267215489
2020-02-29,0.0005729927546957,4074,-3.241850869508254
2020-03-01,0.0005822034581322,4075,-3.234925219296947
2020-03-02,0.0005883764657703,4076,-3.230344706764498
2020-03-03,0.0005670710325042,4077,-3.2463625370640026
2020-03-04,0.0005778563583775,4078,-3.2381801036500883
2020-03-05,0.0005744001788007,4079,-3.2407854335774653
2020-03-06,0.0005540514791446,4080,-3.256449881355022
2020-03-07,0.0005511340155174,4081,-3.258742783865442
2020-03-08,0.0005635719534202,4082,-3.2490506280146283
2020-03-09,0.0006159449741064,4083,-3.210458084117008
2020-03-10,0.0006399389823081,4084,-3.1938614336882596
2020-03-11,0.0006332272208261,4085,-3.1984404241942723
2020-03-12,0.0002099227786264,4086,-3.677940433761385
2020-03-13,0.0001413742183176,4087,-3.8496297833486905
2020-03-14,0.0006169921904589,4088,-3.2097203329878816
2020-03-15,0.0007616677575895,4089,-3.118234428281281
2020-03-16,0.0005676738810343,4090,-3.245901087426187
2020-03-17,0.000628955959061,4091,-3.201379763785893
2020-03-18,0.0010666749426251,4092,-2.971967906847438
2020-03-19,0.0010869113614493,4093,-2.963805871555873
2020-03-20,0.0008808037063096,4094,-3.055120866576691
2020-03-21,0.0008358554721808,4095,-3.077868809954029
2020-03-22,0.0008259181520478,4096,-3.0830629888481673
2020-03-23,0.0008701060584315,4097,-3.06042780739945
2020-03-24,0.0005390789910327,4098,-3.2683475931506876
2020-03-25,0.0005306355029256,4099,-3.275203696289485
2020-03-26,0.0007618922559227,4100,-3.118106440690186
2020-03-27,0.0007602474898357,4101,-3.119045005123049
2020-03-28,0.0005783521186613,4102,-3.2378076691400626
2020-03-29,0.0004205802877883,4103,-3.3761510861560047
2020-03-30,0.0005892791878376,4104,-3.229678897046502
2020-03-31,0.0006153856171303,4105,-3.210852658354886
2020-04-01,0.0007818291310525,4106,-3.1068881517348097
2020-04-02,0.0007770748882078,4107,-3.109537125384137
2020-04-03,0.0007400856212425,4108,-3.1307180334013096
2020-04-04,0.0007437610299333,4109,-3.128566580653435
2020-04-05,0.0007424226292264,4110,-3.1293487991835653
2020-04-06,0.000753817325769,4111,-3.1227338849290756
2020-04-07,0.0007103361774456,4112,-3.1485360661319812
2020-04-08,0.0007023736839067,4113,-3.1534317686682645
2020-04-09,0.0006705311887048,4114,-3.1735810168170313
2020-04-10,0.0008809289197117,4115,-3.055059132475934
2020-04-11,0.0007514856927841,4116,-3.1240792833459463
2020-04-12,0.0007506711856735,4117,-3.1245502540991614
2020-04-13,0.0007340164513635,4118,-3.1342942062197094
2020-04-14,0.0007503776810144,4119,-3.1247200919483147
2020-04-15,0.0007782152115991,4120,-3.1089002843919475
2020-04-16,0.0007858546227109,4121,-3.10465778779518
2020-04-17,0.000721403789214,4122,-3.1418215808554417
2020-04-18,0.0007402602987491,4123,-3.1306155418463573
2020-04-19,0.0007269338743427,4124,-3.1385050930119394
2020-04-20,0.0007250339597018,4125,-3.139641651131452
2020-04-21,0.000759902089277,4126,-3.119242361437603
2020-04-22,0.0007516863221567,4127,-3.123963352196198
2020-04-23,0.0006869532099417,4128,-3.163072842789267
2020-04-24,0.0006744218272354,4129,-3.171068382489933
2020-04-25,0.000680193922033,4130,-3.167367253084411
2020-04-26,0.0006934221181704,4131,-3.159002309714253
2020-04-27,0.0006570617798926,4132,-3.1823937942072416
2020-04-28,0.0006275310572627,4133,-3.2023647755615405
2020-04-29,0.0006467606298586,4134,-3.189256424689455
2020-04-30,0.00057220324487,4135,-3.2424496837115493
2020-05-01,0.0005816823025995,4136,-3.2353141491984725
2020-05-02,0.0005918379793229,4137,-3.22779716881185
2020-05-03,0.000582390547683,4138,-3.234785682325531
2020-05-04,0.0005839603728019,4139,-3.2336166228488
2020-05-05,0.0006661036371225,4140,-3.1764581949605857
2020-05-06,0.000630410027159,4141,-3.2003768876739627
2020-05-07,0.0005772708344119,4142,-3.238620383907765
2020-05-08,0.0007161125106185,4143,-3.1450187390020363
2020-05-09,0.0005848396407628,4144,-3.232963198325998
2020-05-10,0.0004689359467371,4145,-3.3288864747228595
2020-05-11,0.0005371782438733,4146,-3.2698815849033296
2020-05-12,0.0006110505888645,4147,-3.2139228330386014
2020-05-13,0.0005354368897275,4148,-3.2712917107485913
2020-05-14,0.0005465660043942,4149,-3.2623573842846296
2020-05-15,0.0004806659261464,4150,-3.318156663415481
2020-05-16,0.0005126761552123,4151,-3.290156881312301
2020-05-17,0.0006136585605881,4152,-3.212073202959407
2020-05-18,0.0005617106259781,4153,-3.25048736042147
2020-05-19,0.000585169391831,4154,-3.232718398381548
2020-05-20,0.0006461250445394,4155,-3.189683424886932
2020-05-21,0.0006058137217817,4156,-3.217660894049364
2020-05-22,0.0005611984971562,4157,-3.250883500647243
2020-05-23,0.0005721841195293,4158,-3.24246419982768
2020-05-24,0.000579170937981,4159,-3.23719323857738
2020-05-25,0.0005801928705748,4160,-3.2364276121225157
2020-05-26,0.00062543640158,4161,-3.203816845598254
2020-05-27,0.000630395196543,4162,-3.200387104723446
2020-05-28,0.0006364548725771,4163,-3.1962323842892357
2020-05-29,0.0006668402369298,4164,-3.175978202861186
2020-05-30,0.0007288906682417,4165,-3.1373376098716705
2020-05-31,0.0007194226492794,4166,-3.1430158935925174
2020-06-01,0.0007361309780743,4167,-3.1330449057791947
2020-06-02,0.0006680571874674,4168,-3.175186359173405
2020-06-03,0.0007450503455317,4169,-3.1278143795364293
2020-06-04,0.0007675549154618,4170,-3.114890542718717
2020-06-05,0.0007899001153737,4171,-3.102427822740715
2020-06-06,0.0008364682518956,4172,-3.0775505380108585
2020-06-07,0.0009042010840866,4173,-3.04373497660656
2020-06-08,0.0009242658077224,4174,-3.034203112950784
2020-06-09,0.0009089119212377,4175,-3.041478200357539
2020-06-10,0.0010341153826322,4176,-2.9854310016242516
2020-06-11,0.001237472483826,4177,-2.907464449166406
2020-06-12,0.001399442199467,4178,-2.8540450342974295
2020-06-13,0.0013323854698974,4179,-2.8753701120794606
2020-06-14,0.0013162541335946,4180,-2.8806602519359847
2020-06-15,0.0013120253111657,4181,-2.8820577866115773
2020-06-16,0.0011978687474068,4182,-2.9215907657528444
2020-06-17,0.0012701536161044,4183,-2.896143751018863
2020-06-18,0.0011979749159973,4184,-2.9215522754007894
2020-06-19,0.0012512445822339,4185,-2.9026577899609705
2020-06-20,0.0012629635931988,4186,-2.898609168447625
2020-06-21,0.0012968992395408,4187,-2.887093764402655
2020-06-22,0.0012993717544158,4188,-2.886266578108321
2020-06-23,0.0012240537876561,4189,-2.9121994979020345
2020-06-24,0.0011852631626638,4190,-2.926185213026047
2020-06-25,0.0014337670015353,4191,-2.8435214192185296
2020-06-26,0.0012850395689816,4192,-2.8910834993164816
2020-06-27,0.0011535443797383,4193,-2.9379656924262076
2020-06-28,0.0012325216667706,4194,-2.9092054374249883
2020-06-29,0.0013162159258289,4195,-2.880672858667609
2020-06-30,0.0014562375514527,4196,-2.8367677741507524
2020-07-01,0.0014887776240198,4197,-2.8271701671729192
2020-07-02,0.0018329817416181,4198,-2.736841861035596
2020-07-03,0.0022247143110455,4199,-2.652725751470731
2020-07-04,0.0021892774847008,4200,-2.659699189351714
2020-07-05,0.0021929599764601,4201,-2.6589692945245487
2020-07-06,0.0024670186761963,4202,-2.607827562736325
2020-07-07,0.0013137466692197,4203,-2.881488372041761
2020-07-08,0.0026113061641,4204,-2.583142206084332
2020-07-09,0.0024388286933815,4205,-2.6128187040454125
2020-07-10,0.0023364730718458,4206,-2.631439219910866
2020-07-11,0.0020999277256789,4207,-2.6777956523512936
2020-07-12,0.0022243024861793,4208,-2.6528061527259155
2020-07-13,0.0021396104907412,4209,-2.669665281379074
2020-07-14,0.0011819468970045,4210,-2.927402035177225
2020-07-15,0.0010755392486313,4211,-2.9683737366916754
2020-07-16,0.0011062827877259,4212,-2.9561338445947456
2020-07-17,0.0010149141102605,4213,-2.993570709492839
2020-07-18,0.0010206966059674,4214,-2.9911033293478684
2020-07-19,0.0010079891157639,4215,-2.996544157363901
2020-07-20,0.0010217325968074,4216,-2.990662750900298
2020-07-21,0.0010247925295655,4217,-2.989364049130149
2020-07-22,0.0010186199418987,4218,-2.991987825733179
2020-07-23,0.000989424709181,4219,-3.004617248078392
2020-07-24,0.0009566016987795,4220,-3.0192688522222113
2020-07-25,0.0009279991069375,4221,-3.032452441725414
2020-07-26,0.0009105001862139,4222,-3.040719961047865
2020-07-27,0.0009165957046902,4223,-3.0378221822578286
2020-07-28,0.0007937231708808,4224,-3.10033094130355
2020-07-29,0.0007852156316282,4225,-3.105011063297281
2020-07-30,0.0007621100852087,4226,-3.1179822911990684
2020-07-31,0.0008022363029505,4227,-3.0956976891327637
2020-08-01,0.0008194618851907,4228,-3.0864712415276427
2020-08-02,0.0007827141167176,4229,-3.106396833348498
2020-08-03,0.0007352480174199,4230,-3.1335661378848
2020-08-04,0.0008160325021838,4231,-3.0882925431603674
2020-08-05,0.0008407532835764,4232,-3.075331427865411
2020-08-06,0.0009542273295046,4233,-3.020348149207511
2020-08-07,0.0008493816331968,4234,-3.070897134312492
2020-08-08,0.0008556748511967,4235,-3.067691232001556
2020-08-09,0.0010251247453025,4236,-2.989223282998366
2020-08-10,0.0017801576816373,4237,-2.7495415273360497
2020-08-11,0.0007995113475803,4238,-3.097175367869498
2020-08-12,0.0008006643510234,4239,-3.096549507696704
2020-08-13,0.0008355306552598,4240,-3.078037611400802
2020-08-14,0.0008551613148161,4241,-3.067951953662073
2020-08-15,0.00087921164572,4242,-3.05590656803853
2020-08-16,0.000923028273016,4243,-3.034784996019828
2020-08-17,0.0008203785273972,4244,-3.0859857153867196
2020-08-18,0.000812154942521,4245,-3.0903611083663782
2020-08-19,0.0008565460268709,4246,-3.0672492950697596
2020-08-20,0.0008502251026326,4247,-3.0704660767696343
2020-08-21,0.0009236179491791,4248,-3.0345076357876413
2020-08-22,0.0009263464811344,4249,-3.0332265438793904
2020-08-23,0.0009884686350648,4250,-3.0050371066582033
2020-08-24,0.0019903294806807,4251,-2.7010750241947425
2020-08-25,0.0011955027947138,4252,-2.922449404301526
2020-08-26,0.001916734785851,4253,-2.717437975285586
2020-08-27,0.002018531991855,4254,-2.6949643630354294
2020-08-28,0.0022119742018801,4255,-2.65521994248779
2020-08-29,0.0021598600025033,4256,-2.6655743979744013
2020-08-30,0.0020833614793577,4257,-2.6812353700569305
2020-08-31,0.0020339703180831,4258,-2.691655389066545
2020-09-01,0.0020807692534338,4259,-2.6817760781337374
2020-09-02,0.0019934456722486,4260,-2.700395595749844
2020-09-03,0.0019233962205525,4261,-2.7159312416718393
2020-09-04,0.0020470608085799,4262,-2.688869256292796
2020-09-05,0.0019651838824849,4263,-2.7065968064019437
2020-09-06,0.0014687058823304,4264,-2.8330651657276618
2020-09-07,0.0020249608006976,4265,-2.693583379464361
2020-09-08,0.0014583246492754,4266,-2.836145783498233
2020-09-09,0.001559264532118,4267,-2.807080199696729
2020-09-10,0.0019866657883184,4268,-2.701875186990427
2020-09-11,0.0018586181502877,4269,-2.730809826073739
2020-09-12,0.0016453865273593,4270,-2.7837320630754263
2020-09-13,0.001608797636249,4271,-2.793498580504763
2020-09-14,0.0017938404905783,4272,-2.746216177312836
2020-09-15,0.0015439644734206,4273,-2.811362696989203
2020-09-16,0.0015356195438535,4274,-2.813716369246907
2020-09-17,0.0013286948618086,4275,-2.876574744451048
2020-09-18,0.0013659914072437,4276,-2.8645520325712956
2020-09-19,0.0013234032467445,4277,-2.878307804223537
2020-09-20,0.0012327042098217,4278,-2.9091411208520483
2020-09-21,0.0012715483518548,4279,-2.895667120706912
2020-09-22,0.0013936649480542,4280,-2.855841622723686
2020-09-23,0.0013559753923765,4281,-2.867748191775785
2020-09-24,0.0013957070101701,4282,-2.855205740180687
2020-09-25,0.0011730582466659,4283,-2.9306804230271877
2020-09-26,0.0011566706577632,4284,-2.9367902813914237
2020-09-27,0.0012847395832152,4285,-2.891184894927465
2020-09-28,0.0016675431498912,4286,-2.77792291932014
2020-09-29,0.0021135838246356,4287,-2.674980523394556
2020-09-30,0.0021747846111979,4288,-2.662583748732421
2020-10-01,0.0021225928547046,4289,-2.6731333020716255
2020-10-02,0.0020938021565962,4290,-2.679064357212003
2020-10-03,0.0016636179314175,4291,-2.778946407209643
2020-10-04,0.0012231136828602,4292,-2.912533175388573
2020-10-05,0.0014004825562258,4293,-2.8537222961813926
2020-10-06,0.0010393807625713,4294,-2.983225325599023
2020-10-07,0.0010057012026894,4295,-2.997531030510958
2020-10-08,0.0011722982775725,4296,-2.9309618731110665
2020-10-09,0.002227096807965,4297,-2.652260904541519
2020-10-10,0.0023117161308997,4298,-2.6360654965286754
2020-10-11,0.0023616185042312,4299,-2.6267902569717023
2020-10-12,0.0023672081079975,4300,-2.625763560329437
2020-10-13,0.0022998039714349,4301,-2.638309180396445
2020-10-14,0.0023445147215577,4302,-2.6299470359167247
2020-10-15,0.0053784165015957,4303,-2.2693455692862483
2020-10-16,0.0038854195826299,4304,-2.410562075297685
2020-10-17,0.0034504135990785,4305,-2.4621288431784945
2020-10-18,0.002840112150258,4306,-2.5466645102076986
2020-10-19,0.0027748228515685,4307,-2.556764737601494
2020-10-20,0.0024438307417541,4308,-2.61192887636226
2020-10-21,0.002263671119601,4309,-2.645186669938555
2020-10-22,0.0018278348312191,4310,-2.7380630510151898
2020-10-23,0.0018522648636726,4311,-2.732296911494866
2020-10-24,0.0018362706031775,4312,-2.7360633183379113
2020-10-25,0.0029476353138058,4313,-2.5305262491029836
2020-10-26,0.0024891506590685,4314,-2.603948816359688
2020-10-27,0.0025572515391335,4315,-2.5922265513304135
2020-10-28,0.0024662418165792,4316,-2.607964342802251
2020-10-29,0.0024687063151212,4317,-2.607530571999451
2020-10-30,0.0021867082352783,4318,-2.660209159468818
2020-10-31,0.0022521476344215,4319,-2.6474031436994454
2020-11-01,0.002164677174156,4320,-2.664606862329771
2020-11-02,0.0020189076218097,4321,-2.6948835524066035
2020-11-03,0.0021072785639631,4322,-2.6762780506303807
2020-11-04,0.0020509019240601,4323,-2.688055107480432
2020-11-05,0.0019959083785745,4324,-2.6998593987163675
2020-11-06,0.0019611621590021,4325,-2.707486495139862
2020-11-07,0.0018911757877671,4326,-2.7232681009228097
2020-11-08,0.0020102838765793,4327,-2.696742610576132
2020-11-09,0.0019657640602607,4328,-2.7064686093298653
2020-11-10,0.0019229535974229,4329,-2.7160311955463836
2020-11-11,0.00189865459391,4330,-2.7215540355804695
2020-11-12,0.0018229517825156,4331,-2.739224818379752
2020-11-13,0.0017885587313363,4332,-2.7474967942477515
2020-11-14,0.0017593393876462,4333,-2.754650374320565
2020-11-15,0.0017286948880602,4334,-2.762281652258108
2020-11-16,0.0016666582770335,4335,-2.778153436531974
2020-11-17,0.0016684571998193,4336,-2.77768492962693
2020-11-18,0.001641516599887,4337,-2.7847547210961503
2020-11-19,0.0016159566776438,4338,-2.7915702864527705
2020-11-20,0.0016162756611775,4339,-2.7914845668791592
2020-11-21,0.001606415287927,4340,-2.7941421714233026
2020-11-22,0.0015598227017621,4341,-2.806924763198298
2020-11-23,0.0015662913038087,4342,-2.805127463305244
2020-11-24,0.0016086240467798,4343,-2.7935454434628193
2020-11-25,0.0016302861302315,4344,-2.787736166224733
2020-11-26,0.001586926092545,4345,-2.7994432990468323
2020-11-27,0.0017413913140124,4346,-2.7591036261139568
2020-11-28,0.0017575227819678,4347,-2.7550990367099684
2020-11-29,0.0016834336169895,4348,-2.7738040045170957
2020-11-30,0.0016804297071417,4349,-2.7745796494777197
2020-12-01,0.0015560540144936,4350,-2.8079753316462246
2020-12-02,0.0016126672127624,4351,-2.7924552436290915
2020-12-03,0.0015871859335224,4352,-2.799372194119235
2020-12-04,0.0014945132223851,4353,-2.825500238280435
2020-12-05,0.0015871898145826,4354,-2.7993711321636408
2020-12-06,0.0015395100441129,4355,-2.8126174733157727
2020-12-07,0.0015941250484753,4356,-2.797477614098793
2020-12-08,0.0015674391509577,4357,-2.804809309773952
2020-12-09,0.0016314769861717,4358,-2.7874190480478074
2020-12-10,0.0016502177839211,4359,-2.782458736929267
2020-12-11,0.0016285867321208,4360,-2.788189107668063
2020-12-12,0.0016534968250037,4361,-2.7815966346690315
2020-12-13,0.0015909112430319,4362,-2.7983540489748515
2020-12-14,0.0015409010137743,4363,-2.8122252591091925
2020-12-15,0.0015131505400837,4364,-2.82011786280603
2020-12-16,0.0014642443297368,4365,-2.83438644909531
2020-12-17,0.0013368898474747,4366,-2.8739043747908664
2020-12-18,0.0012425764118911,4367,-2.9056768949549543
2020-12-19,0.001228226989765,4368,-2.9107213634126903
2020-12-20,0.0011879038414503,4369,-2.9252187132417906
2020-12-21,0.0010663893254154,4370,-2.9720842108713796
2020-12-22,0.0010631104931262,4371,-2.973421595249762
2020-12-23,0.0009541699394044,4372,-3.0203742697687095
2020-12-24,0.0010217678253768,4373,-2.990647777012212
2020-12-25,0.0010256568491206,4374,-2.98899791550158
2020-12-26,0.000961718158943,4375,-3.016952183627066
2020-12-27,0.0008430215029482,4376,-3.074161347685282
2020-12-28,0.0008344294135583,4377,-3.0786103954720394
2020-12-29,0.0007631550832717,4378,-3.117387198656809
2020-12-30,0.000801831881813,4379,-3.095916679664176
2020-12-31,0.0008446639907401,4380,-3.073316020030901
2021-01-01,0.0007646457073249,4381,-3.1165397452318175
2021-01-02,0.0007421522145157,4382,-3.1295070123157664
2021-01-03,0.0006658545922869,4383,-3.1766206006527344
2021-01-04,0.0006490410228727,4384,-3.1877278525922224
2021-01-05,0.0006862517839696,4385,-3.1635165135551127
2021-01-06,0.0006365873987434,4386,-3.1961419624953225
2021-01-07,0.0006092223078187,4387,-3.2152242025368745
2021-01-08,0.0005456581694617,4388,-3.2630793382605954
2021-01-09,0.0005451703012894,4389,-3.263467810829697
2021-01-10,0.000585211865241,4390,-3.2326868770845376
2021-01-11,0.0005567070683922,4391,-3.2543732645125725
2021-01-12,0.0006108752823056,4392,-3.2140474472619047
2021-01-13,0.0006333551612609,4393,-3.1983526860008236
2021-01-14,0.000582975271515,4394,-3.2343498666343673
2021-01-15,0.0005601539299822,4395,-3.251692612715655
2021-01-16,0.0006220139897739,4396,-3.2061998474421465
2021-01-17,0.000675518474061,4397,-3.170362769405723
2021-01-18,0.0006515318587095,4398,-3.186064343230764
2021-01-19,0.0006253678214087,4399,-3.20386446934216
2021-01-20,0.0006107576515841,4400,-3.214131083470462
2021-01-21,0.0006076355947019,4401,-3.216356793515868
2021-01-22,0.0007276307612747,4402,-3.138088949012775
2021-01-23,0.0006796856653481,4403,-3.1676918893036494
2021-01-24,0.0007093835637094,4404,-3.1491188782731157
2021-01-25,0.0006944245239531,4405,-3.158374950231524
2021-01-26,0.0006821484737059,4406,-3.1661210882565616
2021-01-27,0.0006626541206456,4407,-3.1787130970717374
2021-01-28,0.0007181922531616,4408,-3.1437592837369226
2021-01-29,0.0006669017717434,4409,-3.1759381287990673
2021-01-30,0.0006325597673937,4410,-3.198898433910202
2021-01-31,0.0006426480314104,4411,-3.19202681847175
2021-02-01,0.0006830400872762,4412,-3.165553807047656
2021-02-02,0.0006690799804546,4413,-3.174521964453469
2021-02-03,0.000646312782252,4414,-3.1895572548670126
2021-02-04,0.0006123416027898,4415,-3.2130062333810643
2021-02-05,0.0006584129806455,4416,-3.181501615573516
2021-02-06,0.0006409240873701,4417,-3.193193406344867
2021-02-07,0.0005967327362768,4418,-3.224220136457183
2021-02-08,0.0007178573320933,4419,-3.143961859436249
2021-02-09,0.0009759220644875,4420,-3.0105848629833742
2021-02-10,0.0008535645761923,4421,-3.0687636168772063
2021-02-11,0.0008895279718173,4422,-3.050840390677368
2021-02-12,0.0008991409052478,4423,-3.046172244221759
2021-02-13,0.0008698070534016,4424,-3.0605770748944066
2021-02-14,0.0010120158932089,4425,-2.9948126670626745
2021-02-15,0.0008718002463209,4426,-3.059583012611503
2021-02-16,0.0008706314008004,4427,-3.0601656733278904
2021-02-17,0.0008849228751425,4428,-3.053094578296053
2021-02-18,0.0008335042235013,4429,-3.079092195189708
2021-02-19,0.0008359026967105,4430,-3.077844273686733
2021-02-20,0.0007762135245012,4431,-3.1100187945191022
2021-02-21,0.0008167637490392,4432,-3.087903546070019
2021-02-22,0.0006912469507113,4433,-3.1603667714806067
2021-02-23,0.000652985414581,4434,-3.1850965192420775
2021-02-24,0.0007595560389251,4435,-3.1194401790123267
2021-02-25,0.0007165799514227,4436,-3.144735346753581
2021-02-26,0.0007266302327096,4437,-3.138686536523079
2021-02-27,0.0008312184052473,4438,-3.0802848489821035
2021-02-28,0.0007694681540966,4439,-3.113809349563901
2021-03-01,0.0008509117732164,4440,-3.0701154674025832
2021-03-02,0.0007742302701272,4441,-3.1111298530477565
2021-03-03,0.000880987799158,4442,-3.055030106111238
2021-03-04,0.0008033558282778,4443,-3.095092051198522
2021-03-05,0.0008383843768527,4444,-3.0765568232871923
2021-03-06,0.0008227918915941,4445,-3.0847099968184515
2021-03-07,0.0008488281482738,4446,-3.0711802270834982
2021-03-08,0.0008200463915976,4447,-3.0861615780492397
2021-03-09,0.0008143174144898,4448,-3.089206277554006
2021-03-10,0.0007817027882534,4449,-3.106958338956391
2021-03-11,0.0007409271918965,4450,-3.1302244663946657
2021-03-12,0.0007644427195067,4451,-3.1166550511726725
2021-03-13,0.0008655264037795,4452,-3.062719678983425
2021-03-14,0.0008973867353749,4453,-3.0470203542324596
2021-03-15,0.0008849145607641,4454,-3.0530986587709745
2021-03-16,0.0011133148851134,4455,-2.9533819843390554
2021-03-17,0.0015773365251425,4456,-2.80207563994906
2021-03-18,0.0013492174282044,4457,-2.8699180575479533
2021-03-19,0.0014324864922668,4458,-2.8439094645519294
2021-03-20,0.0014090258395165,4459,-2.8510810424786115
2021-03-21,0.0013795021404149,4460,-2.860277621339423
2021-03-22,0.0013274167693889,4461,-2.87699270017364
2021-03-23,0.0015209088065201,4462,-2.8178968254029058
2021-03-24,0.0015715138909145,4463,-2.8036817758167127
2021-03-25,0.0017180123738332,4464,-2.764973712525655
2021-03-26,0.002395835402645,4465,-2.620543021916476
2021-03-27,0.0024348859028883,4466,-2.6135213847191383
2021-03-28,0.0022278195871234,4467,-2.6521199820302757
2021-03-29,0.0023028724132306,4468,-2.637730122723923
2021-03-30,0.0025947600519125,4469,-2.585902796947882
2021-03-31,0.0032520934015243,4470,-2.487836989774125
2021-04-01,0.0031855439539724,4471,-2.496816398167568
2021-04-02,0.0029041472257094,4472,-2.5369813708602047
2021-04-03,0.0030318780542546,4473,-2.5182882705298737
2021-04-04,0.0031840578726305,4474,-2.497019047235976
2021-04-05,0.0030451685978398,4475,-2.516388657354748
2021-04-06,0.0028215492281113,4476,-2.549512368108599
2021-04-07,0.002691238716722,4477,-2.570047777986151
2021-04-08,0.0027377967479,4478,-2.5625987967213737
2021-04-09,0.0029719645532078,4479,-2.52695637473583
2021-04-10,0.0030052305820631,4480,-2.522122200308221
2021-04-11,0.0030113355105611,4481,-2.5212408544946117
2021-04-12,0.0028163127376946,4482,-2.5503191205833025
2021-04-13,0.0027383666629632,4483,-2.562508400964546
2021-04-14,0.0026602288299848,4484,-2.575081004224066
2021-04-15,0.0027118915710417,4485,-2.5667276787576463
2021-04-16,0.00289201714547,4486,-2.5387991366330493
2021-04-17,0.0029125751734723,4487,-2.535722856694536
2021-04-18,0.0025852486259279,4488,-2.587497684029887
2021-04-19,0.002724146675583,4489,-2.564769512514971
2021-04-20,0.0027324580680107,4490,-2.5634464939606083
2021-04-21,0.002620618689637,4491,-2.58159616601781
2021-04-22,0.0026953835658256,4492,-2.5693794239212653
2021-04-23,0.0026708330785484,4493,-2.5733532536224395
2021-04-24,0.0026382920341363,4494,-2.5786771338107606
2021-04-25,0.0026418301125917,4495,-2.5780951138737227
2021-04-26,0.0031751262130803,4496,-2.4982390065751967
2021-04-27,0.0028372603842657,4497,-2.547100805811267
2021-04-28,0.0027378342985271,4498,-2.5625928401366385
2021-04-29,0.0027416348329493,4499,-2.5619903907558954
2021-04-30,0.0030764005146887,4500,-2.511957124658605
2021-05-01,0.0028688029307301,4501,-2.5422992841123104
2021-05-02,0.0028194471004637,4502,-2.5498360493970433
2021-05-03,0.002843849174313,4503,-2.5460934404670765
2021-05-04,0.0024511265025296,4504,-2.6106342742506357
2021-05-05,0.0028379292422896,4505,-2.5469984369498
2021-05-06,0.0026837161240853,4506,-2.571263424517752
2021-05-07,0.0026574720582129,4507,-2.5755312931368333
2021-05-08,0.0025900447835538,4508,-2.586692726620611
2021-05-09,0.0024868932188694,4509,-2.604342861875764
2021-05-10,0.0023329584766538,4510,-2.63209299096217
2021-05-11,0.0025608651189049,4511,-2.591613295275397
2021-05-12,0.002301958908428,4512,-2.637902433096418
2021-05-13,0.002258771264434,4513,-2.6461277458940367
2021-05-14,0.0024230303022724,4514,-2.61564115456764
2021-05-15,0.0022087557769061,4515,-2.6558523016050817
2021-05-16,0.0022474385460676,4516,-2.648312174775426
2021-05-17,0.0021782882797807,4517,-2.6618846452261855
2021-05-18,0.0023219661060308,4518,-2.6341441239907235
2021-05-19,0.0015293066237103,4519,-2.8155054304576383
2021-05-20,0.002250043492733,4520,-2.647809087012465
2021-05-21,0.0019282580427818,4521,-2.714834848515425
2021-05-22,0.0019611737004747,4522,-2.7074839393169765
2021-05-23,0.001735619238244,4523,-2.7605455446358693
2021-05-24,0.0021719492357795,4524,-2.6631503295797265
2021-05-25,0.001877340635453,4525,-2.726456919346898
2021-05-26,0.0019493111955864,4526,-2.710118822894972
2021-05-27,0.0018291145102902,4527,-2.7377591050044674
2021-05-28,0.0017260808498652,4528,-2.762938865730896
2021-05-29,0.0019499679923531,4529,-2.709972517282855
2021-05-30,0.0019785425300623,4530,-2.70365460985442
2021-05-31,0.0020321874041424,4531,-2.6920362447975132
2021-06-01,0.0018743834495054,4532,-2.7271415591422974
2021-06-02,0.0019247798505227,4533,-2.71561893637402
2021-06-03,0.0023787782757403,4534,-2.623646036361245
2021-06-04,0.0022598410184398,4535,-2.645922112729991
2021-06-05,0.0023707921408165,4536,-2.6251065211182194
2021-06-06,0.0024853221421633,4537,-2.604617310956213
2021-06-07,0.0023081486432312,4538,-2.636736226341077
2021-06-08,0.0022392031422792,4539,-2.6499065050949517
2021-06-09,0.0023125419822243,4540,-2.635910374272021
2021-06-10,0.0019810279354276,4541,-2.703109400222908
2021-06-11,0.0019242791600327,4542,-2.7157319235314534
2021-06-12,0.0018657481123858,4543,-2.7291469890916344
2021-06-13,0.0020507548100187,4544,-2.688086261143745
2021-06-14,0.001927004886988,4545,-2.7151171839489883
2021-06-15,0.001809158431776,4546,-2.742523399401517
2021-06-16,0.0017312538849478,4547,-2.761639239030008
2021-06-17,0.0017861644849571,4548,-2.7480785501395317
2021-06-18,0.0017361212278519,4549,-2.7604199526912256
2021-06-19,0.0018279610227296,4550,-2.7380330688833054
2021-06-20,0.0017696730063667,4551,-2.752106973553391
2021-06-21,0.0012911585168886,4552,-2.889020435670147
2021-06-22,0.0015524545623414,4553,-2.8089811020133064
2021-06-23,0.0018108690830805,4554,-2.7421129459039904
2021-06-24,0.0017025396936438,4555,-2.768902753994006
2021-06-25,0.0015061145429464,4556,-2.8221419979374844
2021-06-26,0.0016678214862416,4557,-2.7778504355262625
2021-06-27,0.0017681554826095,4558,-2.7524795479935467
2021-06-28,0.0016470341396806,4559,-2.783297398692255
2021-06-29,0.0018725346170659,4560,-2.7275701448638654
2021-06-30,0.0016775262213652,4561,-2.775330682661075
2021-07-01,0.0016284306542145,4562,-2.7882307308867573
2021-07-02,0.0017045639954263,4563,-2.7683866891615287
2021-07-03,0.0017496422767292,4564,-2.757050735955563
2021-07-04,0.001706441635493,4565,-2.767908561072284
2021-07-05,0.0015777263144407,4566,-2.8019683309344656
2021-07-06,0.0016678938419774,4567,-2.777831594771778
2021-07-07,0.0016559195579507,4568,-2.7809607644029875
2021-07-08,0.001575724164176,4569,-2.8025198049053666
2021-07-09,0.0017001401059034,4570,-2.76951528761378
2021-07-10,0.0015964264057482,4571,-2.7968510973651544
2021-07-11,0.0016429313696368,4572,-2.784380578019929
2021-07-12,0.0015289687951375,4573,-2.81560137805261
2021-07-13,0.001540912386393,4574,-2.812222053810932
2021-07-14,0.0015249726996795,4575,-2.816737931061227
2021-07-15,0.0014243808771692,4576,-2.84637386551984
2021-07-16,0.0014425873206868,4577,-2.840857889267774
2021-07-17,0.0014432072143297,4578,-2.840671308837756
2021-07-18,0.0014825739193773,4579,-2.82898364401606
2021-07-19,0.0014198832077966,4580,-2.847747376951762
2021-07-20,0.0013328900155786,4581,-2.8752056852432615
2021-07-21,0.0015606953481927,4582,-2.8066818640813693
2021-07-22,0.0014234203579834,4583,-2.8466668271162097
2021-07-23,0.0014706537364082,4584,-2.8324895693317824
2021-07-24,0.001497082314195,4585,-2.82475432015268
2021-07-25,0.0014361472318878,4586,-2.842801034523589
2021-07-26,0.0014215609016789,4587,-2.847234529785332
2021-07-27,0.0013361427943202,4588,-2.8741471260884377
2021-07-28,0.001271945850561,4589,-2.8955313771334295
2021-07-29,0.0012365519535885,4590,-2.9077876320865053
2021-07-30,0.0012860922843856,4591,-2.890727867211579
2021-07-31,0.0012687951878942,4592,-2.8966084771536194
2021-08-01,0.0012899588547201,4593,-2.889424141989869
2021-08-02,0.0013540852189669,4594,-2.8683540025914596
2021-08-03,0.001376205571672,4595,-2.8613166882121024
2021-08-04,0.0014730959045065,4596,-2.831768977908136
2021-08-05,0.0014518826101097,4597,-2.8380684964751413
2021-08-06,0.001571543020195,4598,-2.803673725891964
2021-08-07,0.0016297200487833,4599,-2.78788699173748
2021-08-08,0.0014620458445673,4600,-2.8350390092314526
2021-08-09,0.0015295419237641,4601,-2.815438614782653
2021-08-10,0.0014496342843496,4602,-2.838741548331864
2021-08-11,0.0015839168002588,4603,-2.800267634702001
2021-08-12,0.0014930125527276,4604,-2.825936540863433
2021-08-13,0.0016901564123642,4605,-2.7720731025558925
2021-08-14,0.0015207305022541,4606,-2.8179477430502877
2021-08-15,0.0015551749656681,4607,-2.80822074338983
2021-08-16,0.0015583889138164,4608,-2.8073241499710093
2021-08-17,0.0015040579632072,4609,-2.8227354266326623
2021-08-18,0.0015080008438167,4610,-2.8215984154524176
2021-08-19,0.0015707974362659,4611,-2.8038798162228877
2021-08-20,0.0015762203735801,4612,-2.8023830632810776
2021-08-21,0.0015937027167244,4613,-2.797592687034685
2021-08-22,0.00156971159875,4614,-2.804180132671556
2021-08-23,0.00163237428597,4615,-2.7871802550830767
2021-08-24,0.00150404042367,4616,-2.82274049117729
2021-08-25,0.001587227409732,4617,-2.7993608453205625
2021-08-26,0.0014852517775825,4618,-2.828199919177621
2021-08-27,0.001585492248298,4619,-2.7998358769605125
2021-08-28,0.0015067303594694,4620,-2.8219644609382772
2021-08-29,0.0015116410895957,4621,-2.8205513115537895
2021-08-30,0.0014463992032374,4622,-2.8397118261038297
2021-08-31,0.0015941078851697,4623,-2.7974822899986385
2021-09-01,0.0016754223860219,4624,-2.7758756860639338
2021-09-02,0.0015989849260263,4625,-2.79615563042163
2021-09-03,0.0015601642993016,4626,-2.806829664130911
2021-09-04,0.0019080816806777,4627,-2.719403038065697
2021-09-05,0.0022756202266868,4628,-2.64290021469182
2021-09-06,0.0020547914970247,4629,-2.687232240106974
2021-09-07,0.0015996058209403,4630,-2.7959870241448708
2021-09-08,0.001880266734829,4631,-2.7257805373068766
2021-09-09,0.0018916249073046,4632,-2.7231649761993553
2021-09-10,0.0017819444555441,4633,-2.749105837351134
2021-09-11,0.0018280102604337,4634,-2.7380213709450407
2021-09-12,0.0018564461472632,4635,-2.7313176444909475
2021-09-13,0.0017242150919999,4636,-2.76340855786056
2021-09-14,0.0017876704622876,4637,-2.7477125356520804
2021-09-15,0.0018314220173733,4638,-2.737211569025363
2021-09-16,0.0017564631971019,4639,-2.7553609454808257
2021-09-17,0.0017958591861325,4640,-2.745727719496729
2021-09-18,0.0017828678595125,4641,-2.7488808441556487
2021-09-19,0.0017394561516841,4642,-2.7595865144999765
2021-09-20,0.0015769505447159,4643,-2.8021819265149386
2021-09-21,0.00157878353055,4644,-2.8016774126974395
2021-09-22,0.00181213747727,4645,-2.74180885778782
2021-09-23,0.0017174016953792,4646,-2.765128112711613
2021-09-24,0.001412114677006,4647,-2.850130033051493
2021-09-25,0.0014121475511758,4648,-2.8501199227505425
2021-09-26,0.0013045939851675,4649,-2.88452462812426
2021-09-27,0.0013616516206447,4650,-2.865933992705849
2021-09-28,0.0012840609835502,4651,-2.8914143499506464
2021-09-29,0.0013674514549803,4652,-2.864088082331546
2021-09-30,0.0014493168417962,4653,-2.838836661042513
2021-10-01,0.0016347816109284,4654,-2.7865402561557127
2021-10-02,0.0014663884263399,4655,-2.833750975757618
2021-10-03,0.0014370852822508,4656,-2.842517458371016
2021-10-04,0.0014438999837862,4657,-2.8404628884797196
2021-10-05,0.0014526313604434,4658,-2.837844584213924
2021-10-06,0.0013989753035589,4659,-2.854189952143441
2021-10-07,0.0012989308241127,4660,-2.886413977107161
2021-10-08,0.0014710729482401,4661,-2.8323657907445003
2021-10-09,0.0014107997553296,4662,-2.850534624322808
2021-10-10,0.0012691670184437,4663,-2.8964812223374556
2021-10-11,0.0013400905390362,4664,-2.8728658588922564
2021-10-12,0.0012116626560821,4665,-2.9166182770301865
2021-10-13,0.0012107436563796,4666,-2.916947797735906
2021-10-14,0.0012220708291762,4667,-2.912903622384013
2021-10-15,0.0011688862675609,4668,-2.93222774356322
2021-10-16,0.0010869244973465,4669,-2.963800622909687
2021-10-17,0.0010438721824472,4670,-2.981352675525548
2021-10-18,0.0010389488466871,4671,-2.9834058346838286
2021-10-19,0.0010214320639906,4672,-2.990790513236252
2021-10-20,0.0010466177917865,4673,-2.980211886824478
2021-10-21,0.0009653969371425,4674,-3.015294083375414
2021-10-22,0.0010539334203568,4675,-2.9771868237391472
2021-10-23,0.0010688880245438,4676,-2.971067788589027
2021-10-24,0.0010244690200339,4677,-2.989501170139059
2021-10-25,0.001048638601342,4678,-2.9793741595525987
2021-10-26,0.0009985019912425,4679,-3.0006510647093636
2021-10-27,0.0009187126410731,4680,-3.03682030788671
2021-10-28,0.0009907477447651,4681,-3.004036907575311
2021-10-29,0.0009871448966067,4682,-3.005619095376811
2021-10-30,0.0009615954862919,4683,-3.017007583905297
2021-10-31,0.0010504934314874,4684,-2.978606658800804
2021-11-01,0.0010411527710564,4685,-2.9824855406538164
2021-11-02,0.0010571856427846,4686,-2.9758487434799092
2021-11-03,0.0010166737996873,4687,-2.9928183683361835
2021-11-04,0.0010162365141183,4688,-2.993005204628221
2021-11-05,0.0010398248330325,4689,-2.983039814984556
2021-11-06,0.0010062170594342,4690,-2.9973083239061595
2021-11-07,0.0010156178092598,4691,-2.993269692206107
2021-11-08,0.0010224948573216,4692,-2.990338867616405
2021-11-09,0.0009873783575393,4693,-3.005516396363229
2021-11-10,0.000945132704288,4694,-3.024507208746013
2021-11-11,0.0009705553379671,4695,-3.012979697484653
2021-11-12,0.0009653497583728,4696,-3.0153153077850225
2021-11-13,0.0009839639508252,4697,-3.007020812386196
2021-11-14,0.0009714905725738,4698,-3.012561409473909
2021-11-15,0.0009432791491043,4699,-3.0253597654012063
2021-11-16,0.0008830204860591,4700,-3.0540292206814823
2021-11-17,0.0009241371128161,4701,-3.034263588388393
2021-11-18,0.0008604507670886,4702,-3.065273973905166
2021-11-19,0.0009438582409801,4703,-3.025093227929807
2021-11-20,0.0009390949900555,4704,-3.0272904763489317
2021-11-21,0.0008906215022811,4705,-3.0503068239035076
2021-11-22,0.0008777895388371,4706,-3.0566095992171305
2021-11-23,0.0009131903503439,4707,-3.039438686334787
2021-11-24,0.000877649626381,4708,-3.0566788277144785
2021-11-25,0.0009681786910565,4709,-3.0140444801111417
2021-11-26,0.0008914846153381,4710,-3.04988614719577
2021-11-27,0.001057378175624,4711,-2.975769657713636
2021-11-28,0.0010292018654894,4712,-2.987499435276448
2021-11-29,0.0009564913201646,4713,-3.019318966694386
2021-11-30,0.0009295512611936,4714,-3.031726655553512
2021-12-01,0.0009536065575545,4715,-3.020630771131564
2021-12-02,0.0009381998559152,4716,-3.0277046380859645
2021-12-03,0.0008790827037434,4717,-3.0559702647558185
2021-12-04,0.0007648801026693,4718,-3.116406636519585
2021-12-05,0.0007940548190115,4719,-3.1001495142323634
2021-12-06,0.0007841427326563,4720,-3.105604878179012
2021-12-07,0.00077445945064,4721,-3.111001316218882
2021-12-08,0.0008175652049622,4722,-3.087477600103754
2021-12-09,0.0007455648417565,4723,-3.12751457998768
2021-12-10,0.0008387544575189,4724,-3.076365158780362
2021-12-11,0.0008557678361484,4725,-3.0676440404108023
2021-12-12,0.0008070362814497,4726,-3.093106940520527
2021-12-13,0.0007225038127908,4727,-3.1411598567102765
2021-12-14,0.0007840328039821,4728,-3.1056657660267932
2021-12-15,0.0007896862195888,4729,-3.10254544057212
2021-12-16,0.0007597997598263,4730,-3.1193008480623003
2021-12-17,0.0007512389873701,4731,-3.1242218813911102
2021-12-18,0.0007858739666854,4732,-3.10464709767798
2021-12-19,0.0007637742773129,4733,-3.117034972054842
2021-12-20,0.0007462239014401,4734,-3.127130844684976
2021-12-21,0.0007522876195752,4735,-3.1236160853220913
2021-12-22,0.0007279062647745,4736,-3.137924542819068
2021-12-23,0.0007689677828187,4737,-3.114091855305398
2021-12-24,0.0007146653020253,4738,-3.1458973029761355
2021-12-25,0.0007286418815642,4739,-3.137485869589459
2021-12-26,0.0007380516705936,4740,-3.1319132323935586
2021-12-27,0.0007719714029383,4741,-3.112398787457157
2021-12-28,0.0007158242424338,4742,-3.145193597679793
2021-12-29,0.0007194651768817,4743,-3.142990221677473
2021-12-30,0.0007505719129878,4744,-3.124607691271993
2021-12-31,0.0007284344546716,4745,-3.1376095204280428
2022-01-01,0.0007756197364289,4746,-3.110351148390217
2022-01-02,0.0007501138468062,4747,-3.1248728175583333
2022-01-03,0.000740522391771,4748,-3.130461804832731
2022-01-04,0.000777654410315,4749,-3.109213360642347
2022-01-05,0.0007258307784609,4750,-3.13916461972278
2022-01-06,0.0007603267043671,4751,-3.1189997558559828
2022-01-07,0.0007298074985571,4752,-3.136791678700556
2022-01-08,0.0007427586918094,4753,-3.129152257352915
2022-01-09,0.0007254020414895,4754,-3.139421226524566
2022-01-10,0.0006726896014216,4755,-3.172185285681427
2022-01-11,0.0006907528887833,4756,-3.160677290153717
2022-01-12,0.0007199742923569,4757,-3.142683010356035
2022-01-13,0.000648652685306,4758,-3.1879877796710274
2022-01-14,0.0006990306105177,4759,-3.155503806102857
2022-01-15,0.0006918046273565,4760,-3.1600165373943985
2022-01-16,0.0007054917321543,4761,-3.151508071492601
2022-01-17,0.0006732716679486,4762,-3.1718096607621864
2022-01-18,0.0006754474681372,4763,-3.1704084218977
2022-01-19,0.000652509658007,4764,-3.1854130558086697
2022-01-20,0.0006273331476052,4765,-3.2025017642055023
2022-01-21,0.0005378630971265,4766,-3.269328251710129
2022-01-22,0.000519385312691,4767,-3.28451033562201
2022-01-23,0.0005545765411057,4768,-3.256038505266273
2022-01-24,0.0005073592312637,4769,-3.294684433347122
2022-01-25,0.0004945556079002,4770,-3.305784869190256
2022-01-26,0.0005217522365941,4771,-3.2825356805693473
2022-01-27,0.0005213470634318,4772,-3.282873068347147
2022-01-28,0.0005274502468481,4773,-3.277818500084011
2022-01-29,0.0005356524098,4774,-3.271116936937456
2022-01-30,0.0005199588533901,4775,-3.2840310226203133
2022-01-31,0.0005615818607988,4776,-3.2505869284462685
2022-02-01,0.0005433783680022,4777,-3.2648976549211683
2022-02-02,0.0005216602837981,4778,-3.282612226693186
2022-02-03,0.0005489728763524,4779,-3.2604491126381703
2022-02-04,0.0005801002040001,4780,-3.2364969818068214
2022-02-05,0.0005292537589601,4781,-3.2763360487740876
2022-02-06,0.0005321044875472,4782,-3.27400307840138
2022-02-07,0.0005570219243124,4783,-3.254127710714039
2022-02-08,0.0005571365859702,4784,-3.254038321412605
2022-02-09,0.0005471506154845,4785,-3.2618931079078703
2022-02-10,0.0005318475783719,4786,-3.2742128138639295
2022-02-11,0.0004956619264966,4787,-3.304814439471791
2022-02-12,0.000493319021795,4788,-3.3068721383360753
2022-02-13,0.0004900762448618,4789,-3.309736348243219
2022-02-14,0.0004862995724432,4790,-3.313096112265307
2022-02-15,0.0005011755064212,4791,-3.3000101621113385
2022-02-16,0.0005252280119236,4792,-3.27965211978844
2022-02-17,0.0005052048467981,4793,-3.29653249159334
2022-02-18,0.0005111041937185,4794,-3.291490555551569
2022-02-19,0.0005204107144665,4795,-3.2836537705543676
2022-02-20,0.0005162448125664,4796,-3.287144299277556
2022-02-21,0.0005022214093116,4797,-3.2991047775894113
2022-02-22,0.0005012272448007,4798,-3.299965330445146
2022-02-23,0.0004960241610621,4799,-3.304497168750942
2022-02-24,0.0004802699398806,4800,-3.318514595023544
2022-02-25,0.0004829880743193,4801,-3.3160635924808752
2022-02-26,0.0004866366900555,4802,-3.3127951504648494
2022-02-27,0.0005393825479476,4803,-3.2681031095195183
2022-02-28,0.00050077287133,4804,-3.300359206456558
2022-03-01,0.0004716530569855,4805,-3.3263773463675164
2022-03-02,0.0004708119667263,4806,-3.327152507134545
2022-03-03,0.0004748916463822,4807,-3.3234054698410223
2022-03-04,0.0004798454012439,4808,-3.3188986630441097
2022-03-05,0.0004847643644197,4809,-3.31446931315013
2022-03-06,0.0004796982690079,4810,-3.319031848683679
2022-03-07,0.0004694966544073,4811,-3.328367498131859
2022-03-08,0.0004649269351725,4812,-3.332615292582367
2022-03-09,0.0004485156679699,4813,-3.34822238117271
2022-03-10,0.000451093949176,4814,-3.345732998344679
2022-03-11,0.000446449599374,4815,-3.350227562417544
2022-03-12,0.0004559941048788,4816,-3.341040771886341
2022-03-13,0.0004536367871434,4817,-3.34329173408514
2022-03-14,0.0004381502968754,4818,-3.3583768897077686
2022-03-15,0.0004280762594274,4819,-3.3684788569252273
2022-03-16,0.0004236347896803,4820,-3.3730083820258163
2022-03-17,0.0004258708855697,4821,-3.3707220492162393
2022-03-18,0.0004212802127931,4822,-3.375428938871148
2022-03-19,0.0004192081820034,4823,-3.3775702494874507
2022-03-20,0.0004306489777259,4824,-3.365876579374301
2022-03-21,0.0004342957713705,4825,-3.3622143992340834
2022-03-22,0.0004324956392327,4826,-3.3640182670817067
2022-03-23,0.000451356151221,4827,-3.3454806344646024
2022-03-24,0.00044471303045,4828,-3.3519201451864737
2022-03-25,0.0004254913229859,4829,-3.371109292025377
2022-03-26,0.0004357222284838,4830,-3.3607902838521455
2022-03-27,0.000505547867907,4831,-3.2962377168610173
2022-03-28,0.0005334407977503,4832,-3.272913772372612
2022-03-29,0.0005566121018037,4833,-3.254447355512844
2022-03-30,0.0005496926388478,4834,-3.259880078804995
2022-03-31,0.0005325143865979,4835,-3.2736686546766753
2022-04-01,0.0005509743713389,4836,-3.2588686019557267
2022-04-02,0.0005210496513859,4837,-3.2831208903367326
2022-04-03,0.0005480741731965,4838,-3.261160662628565
2022-04-04,0.0005409384935018,4839,-3.2668521128071117
2022-04-05,0.0005465801270937,4840,-3.262346162709973
2022-04-06,0.0005013106950849,4841,-3.2998930299434717
2022-04-07,0.0005162761734915,4842,-3.2871179174860075
2022-04-08,0.0005029835643868,4843,-3.298446205824254
2022-04-09,0.0005079222700522,4844,-3.2942027449411055
2022-04-10,0.0005006198887865,4845,-3.30049190059545
2022-04-11,0.0004622753186569,4846,-3.3350992933610786
2022-04-12,0.0004837119942527,4847,-3.31541314359521
2022-04-13,0.0004717401595597,4848,-3.3262971503966634
2022-04-14,0.0004675036670444,4849,-3.3302149782226067
2022-04-15,0.0004699968319185,4850,-3.327905069479032
2022-04-16,0.0005355665096223,4851,-3.2711865883832933
2022-04-17,0.0004970169775579,4852,-3.303628775987352
2022-04-18,0.000480818515138,4853,-3.318018817071302
2022-04-19,0.0004915336935504,4854,-3.3084467068827355
2022-04-20,0.0004742065142434,4855,-3.3240324843508056
2022-04-21,0.0004658580887459,4856,-3.3317463594060466
2022-04-22,0.0004843946865144,4857,-3.314800629422678
2022-04-23,0.000479654804919,4858,-3.3190712006480156
2022-04-24,0.0004785999084107,4859,-3.320027388833143
2022-04-25,0.0004607211880025,4860,-3.336561814617343
2022-04-26,0.0004530731999198,4861,-3.343831626346855
2022-04-27,0.0004515671190319,4862,-3.34527768885267
2022-04-28,0.0004555759617367,4863,-3.341439199343797
2022-04-29,0.0004483314894627,4864,-3.3484007565175724
2022-04-30,0.0004560534802249,4865,-3.340984225746291
2022-05-01,0.0003933027405928,4866,-3.405273027350171
2022-05-02,0.0003794512053926,4867,-3.42084406322352
2022-05-03,0.0003872801195681,4868,-3.411974796283923
2022-05-04,0.0003952303222429,4869,-3.4031497435439193
2022-05-05,0.0003825002381655,4870,-3.4173682900948337
2022-05-06,0.0003848403225673,4871,-3.4147194300046917
2022-05-07,0.0003740639269406,4872,-3.427054171208362
2022-05-08,0.0003840364658479,4873,-3.4156275356204677
2022-05-09,0.0003676937398304,4874,-3.434513764148603
2022-05-10,0.0003658586951375,4875,-3.4366866188993064
2022-05-11,0.0003362552001555,4876,-3.4733309906136656
2022-05-12,0.0002791954438719,4877,-3.5540916731456456
2022-05-13,0.0002984656320742,4878,-3.525105670095073
2022-05-14,0.0002926787235378,4879,-3.5336088477265872
2022-05-15,0.0002932428296169,4880,-3.5327725984651472
2022-05-16,0.0002765972169422,4881,-3.5581521939761873
2022-05-17,0.0002819969830594,4882,-3.5497555379489216
2022-05-18,0.0002639250817744,4883,-3.578519335211394
2022-05-19,0.0002714887288747,4884,-3.5662481958693184
2022-05-20,0.0002719109151471,4885,-3.565573358455115
2022-05-21,0.000277586881934,4886,-3.556601061409777
2022-05-22,0.0002796490423091,4887,-3.553386663625362
2022-05-23,0.0002800792179606,4888,-3.5527191148817128
2022-05-24,0.0002839262733706,4889,-3.5467944177878024
2022-05-25,0.0002763649327383,4890,-3.558517064352832
2022-05-26,0.0002617262177174,4891,-3.582152770903502
2022-05-27,0.0002515057666053,4892,-3.599452052849985
2022-05-28,0.000261670174031,4893,-3.582245776756127
2022-05-29,0.0002591187643168,4894,-3.5865011360524095
2022-05-30,0.0002584599079335,4895,-3.587606814711719
2022-05-31,0.0002541495053671,4896,-3.594910731196418
2022-06-01,0.0002500077177046,4897,-3.602046584508666
2022-06-02,0.0002546977265874,4898,-3.593974931498649
2022-06-03,0.0002491214209178,4899,-3.603588927676411
2022-06-04,0.0002500593801948,4900,-3.6019568496127974
2022-06-05,0.0002464333857499,4901,-3.60830045614732
2022-06-06,0.0002416269575035,4902,-3.6168546145792497
2022-06-07,0.0002349506522983,4903,-3.6290233448986977
2022-06-08,0.0002376353851852,4904,-3.62408889009454
2022-06-09,0.000239771535211,4905,-3.6202023760101105
2022-06-10,0.0002344947668698,4906,-3.629866844824885
2022-06-11,0.0002147329319064,4907,-3.668101346115781
2022-06-12,0.000213357060428,4908,-3.6708929808609634
2022-06-13,0.0002361323530024,4909,-3.6268445052218543
2022-06-14,0.0002472216500448,4910,-3.6069134992657297
2022-06-15,0.0002591610112165,4911,-3.5864303341561534
2022-06-16,0.0002595471857537,4912,-3.5857836757747745
2022-06-17,0.0002608506746077,4913,-3.583608035774816
2022-06-18,0.0002830704863262,4914,-3.5481054089599593
2022-06-19,0.0002640293381465,4915,-3.5783478129512583
2022-06-20,0.0002655399473811,4916,-3.57587013513933
2022-06-21,0.000287292530077,4917,-3.541675665997242
2022-06-22,0.0002761791118617,4918,-3.5588091713266494
2022-06-23,0.0002750656286635,4919,-3.560563674293463
2022-06-24,0.0002877778317459,4920,-3.5409426639130417
2022-06-25,0.0002827599506072,4921,-3.548582102873632
2022-06-26,0.0002772586783809,4922,-3.5571148512600703
2022-06-27,0.0002787492941404,4923,-3.554786223679333
2022-06-28,0.0002716877486121,4924,-3.565929945056893
2022-06-29,0.0002705926013654,4925,-3.5676840822029003
2022-06-30,0.0002724323726606,4926,-3.5647412872419006
2022-07-01,0.0002755669113673,4927,-3.559772931442571
2022-07-02,0.0002775142394493,4928,-3.5567147280165643
2022-07-03,0.0002751712203792,4929,-3.5603969900734724
2022-07-04,0.0002748222071972,4930,-3.560948176730637
2022-07-05,0.0002719152385398,4931,-3.5655664532130875
2022-07-06,0.0002710693639992,4932,-3.5669195631938435
2022-07-07,0.0002685142183716,4933,-3.5710327125831847
2022-07-08,0.0002641373635023,4934,-3.578170161401233
2022-07-09,0.0002686154310984,4935,-3.570869042119917
2022-07-10,0.0002631774580865,4936,-3.579751312048485
2022-07-11,0.0002598825908209,4937,-3.5852228123174656
2022-07-12,0.0002628867000462,4938,-3.580231385147419
2022-07-13,0.0002622195002142,4939,-3.5813350147033303
2022-07-14,0.0002605746653523,4940,-3.584067811311569
2022-07-15,0.0002510039181867,4941,-3.600319499102198
2022-07-16,0.0002543614685467,4942,-3.5945486762977197
2022-07-17,0.0002733483823328,4943,-3.5632834919059913
2022-07-18,0.0002663916537903,4944,-3.5744793859942097
2022-07-19,0.0002590913531807,4945,-3.5865470807562168
2022-07-20,0.0002401887168223,4946,-3.6194473980026127
2022-07-21,0.0002430429610094,4947,-3.614316952408856
2022-07-22,0.0002416907414696,4948,-3.6167399859417126
2022-07-23,0.0002483810881671,4949,-3.604881474587728
2022-07-24,0.0002494563701817,4950,-3.603005401328064
2022-07-25,0.0002452988157548,4951,-3.610304548460501
2022-07-26,0.0002500028966201,4952,-3.6020549594124542
2022-07-27,0.0002459600963895,4953,-3.6091353454312665
2022-07-28,0.0002491204588414,4954,-3.603590604871848
2022-07-29,0.0002503714317637,4955,-3.601415227119744
2022-07-30,0.0003394457949018,4956,-3.4692295670521736
2022-07-31,0.0004216498970523,4957,-3.375048001371743
2022-08-01,0.0003774523807289,4958,-3.4231378310312057
2022-08-02,0.0003559908731021,4959,-3.448561136330994
2022-08-03,0.0003545399614811,4960,-3.450334806820425
2022-08-04,0.0003583586849151,4961,-3.445682065828147
2022-08-05,0.0003585335247566,4962,-3.4454702292957697
2022-08-06,0.0004115624342078,4963,-3.385564272784183
2022-08-07,0.0003797049331302,4964,-3.4205537604653227
2022-08-08,0.0003658205758835,4965,-3.4367318709171015
2022-08-09,0.0003470855423153,4966,-3.4595634762836873
2022-08-10,0.0003465894387293,4967,-3.4601846752385166
2022-08-11,0.0003489508411473,4968,-3.457235750468304
2022-08-12,0.000358974929499,4969,-3.44493588111644
2022-08-13,0.0003418758855923,4970,-3.4661315313284145
2022-08-14,0.0003388250683765,4971,-3.4700244653577625
2022-08-15,0.0003504996306111,4972,-3.455312435396648
2022-08-16,0.0003529664313997,4973,-3.4522665958899785
2022-08-17,0.0003505313971798,4974,-3.4552730760960575
2022-08-18,0.0003230984603888,4975,-3.4906651114538128
2022-08-19,0.000310381206196,4976,-3.5081045834591618
2022-08-20,0.0002952840461795,4977,-3.5297600167780514
2022-08-21,0.0002976671289261,4978,-3.5262691213968274
2022-08-22,0.0002953421707334,4979,-3.529674537426227
2022-08-23,0.0002963570212228,4980,-3.5281847790974488
2022-08-24,0.0002930588584373,4981,-3.5330451464464288
2022-08-25,0.0002944321178666,4982,-3.531014817121793
2022-08-26,0.0002783807780328,4983,-3.555360755708315
2022-08-27,0.0002913918901703,4984,-3.5355225393995173
2022-08-28,0.0002859791539263,4985,-3.543665623041215
2022-08-29,0.0002965810295432,4986,-3.527856631555058
2022-08-30,0.0002879251962726,4987,-3.5407203284411946
2022-08-31,0.0002862876637302,4988,-3.5431973655282425
2022-09-01,0.0002866775816547,4989,-3.542606267794059
2022-09-02,0.0002914404906767,4990,-3.5354501105760643
2022-09-03,0.0003267432070498,4991,-3.4857934325811706
2022-09-04,0.0003132080814959,4992,-3.504167040663245
2022-09-05,0.0003099073791253,4993,-3.5087680827627863
2022-09-06,0.000297276712235,4994,-3.5268391107881323
2022-09-07,0.0003032608438088,4995,-3.5181836609572112
2022-09-08,0.0003036756552,4996,-3.5175900228201353
2022-09-09,0.0002983936458312,4997,-3.5252104292214788
2022-09-10,0.0002933506395536,4998,-3.532612960611653
2022-09-11,0.000294451957454,4999,-3.5309855542373167
2022-09-12,0.0002923499629343,5000,-3.5340969568887695
2022-09-13,0.0002892094757555,5001,-3.538787481775362
2022-09-14,0.0002944505481638,5002,-3.5309876328392233
2022-09-15,0.000289829900201,5003,-3.537856812714152
2022-09-16,0.0002943469606557,5004,-3.5311404442318777
2022-09-17,0.0002936270095065,5005,-3.532203998006157
2022-09-18,0.0002698317886173,5006,-3.568906887844701
2022-09-19,0.0002809027727152,5007,-3.5514439739739387
2022-09-20,0.0002816187286967,5008,-3.550338466365257
2022-09-21,0.000284676013279,5009,-3.545649124842573
2022-09-22,0.0002848525786128,5010,-3.545379844761708
2022-09-23,0.000295372926029,5011,-3.5296293147622024
2022-09-24,0.0002946610628329,5012,-3.5306772489957825
2022-09-25,0.0003042213749046,5013,-3.51681027523693
2022-09-26,0.0002960046364522,5014,-3.52870148634021
2022-09-27,0.0002993111624389,5015,-3.5238770863832074
2022-09-28,0.0003016463812698,5016,-3.5205018803723176
2022-09-29,0.0002953039904035,5017,-3.52973068443174
2022-09-30,0.0002923045315891,5018,-3.5341644517348643
2022-10-01,0.0002858312264443,5019,-3.5438903272186595
2022-10-02,0.0002819769853743,5020,-3.5497863368325047
2022-10-03,0.0002812942377516,5021,-3.5508391641671193
2022-10-04,0.0002753622965707,5022,-3.560095524907879
2022-10-05,0.000277271887517,5023,-3.5570941611295077
2022-10-06,0.0002751129053479,5024,-3.56048903669166
2022-10-07,0.0002798404914048,5025,-3.5530894452358828
2022-10-08,0.0002781129960844,5026,-3.555778716292666
2022-10-09,0.0002792286902051,5027,-3.554039960842456
2022-10-10,0.0002690491447322,5028,-3.570168384173677
2022-10-11,0.0002692712956246,5029,-3.569809940001895
2022-10-12,0.000268824987667,5030,-3.570530365448724
2022-10-13,0.0002651821378902,5031,-3.5764557324428607
2022-10-14,0.0002642599207415,5032,-3.577968699602581
2022-10-15,0.0002716645280638,5033,-3.565967064827689
2022-10-16,0.0002672812405223,5034,-3.5730315216907127
2022-10-17,0.0002690432795654,5035,-3.5701778517277982
2022-10-18,0.0002653299688883,5036,-3.576213693900893
2022-10-19,0.0002607168857199,5037,-3.583830840187568
2022-10-20,0.0002592666814668,5038,-3.586253291116664
2022-10-21,0.0002587042944065,5039,-3.587196362077506
2022-10-22,0.0002577025810845,5040,-3.5888812316424072
2022-10-23,0.0002616649438141,5041,-3.5822544574436987
2022-10-24,0.0002558725031205,5042,-3.5919763822826507
2022-10-25,0.000257764567653,5043,-3.588776781049016
2022-10-26,0.0002532444976581,5044,-3.596459981950599
2022-10-27,0.0002583083100945,5045,-3.5878616218168045
2022-10-28,0.0002607384478761,5046,-3.583794924070317
2022-10-29,0.0002733149076869,5047,-3.563336679505201
2022-10-30,0.0002611990483254,5048,-3.5830284097391125
2022-10-31,0.0002654205764157,5049,-3.576065412001307
2022-11-01,0.0002621395323939,5050,-3.581467479603127
2022-11-02,0.0002589349432575,5051,-3.586809337591779
2022-11-03,0.0002864920018505,5052,-3.5428874979571647
2022-11-04,0.0002908182236447,5053,-3.536378382612302
2022-11-05,0.0002899069427967,5054,-3.5377413838784975
2022-11-06,0.0002785943090789,5055,-3.5550277592718422
2022-11-07,0.0002790880570253,5056,-3.554258747814401
2022-11-08,0.0002572639100892,5057,-3.589621133915659
2022-11-09,0.0002613221723781,5058,-3.582823740165717
2022-11-10,0.0002638346671088,5059,-3.578668140006939
2022-11-11,0.0002624118305429,5060,-3.581016589175587
2022-11-12,0.0002541789890976,5061,-3.5948603518783497
2022-11-13,0.0002629428217661,5062,-3.5801386807543625
2022-11-14,0.0002599559641252,5063,-3.5851002141720985
2022-11-15,0.0002600000323928,5064,-3.5850265979214284
2022-11-16,0.0002603566851924,5065,-3.584431266442546
2022-11-17,0.0002582768814986,5066,-3.5879144660175446
2022-11-18,0.0002605137145132,5067,-3.584169408715207
2022-11-19,0.0002620942293829,5068,-3.581542540956244
2022-11-20,0.000255956481264,5069,-3.591833868881531
2022-11-21,0.0002635032062873,5070,-3.579214095956391
2022-11-22,0.0002668351758638,5071,-3.57375691959582
2022-11-23,0.0002672974721493,5072,-3.573005148376918
2022-11-24,0.0002643867201529,5073,-3.577760362761054
2022-11-25,0.0002596562812251,5074,-3.58560116712459
2022-11-26,0.0002617788128467,5075,-3.582065506127874
2022-11-27,0.000263915989849,5076,-3.5785342964307474
2022-11-28,0.0002626820833998,5077,-3.58056954786838
2022-11-29,0.0002645183733477,5078,-3.577544156648014
2022-11-30,0.0002580296977184,5079,-3.588330306389406
2022-12-01,0.0002581461492801,5080,-3.588134348861486
2022-12-02,0.0002721102741555,5081,-3.5652550601135937
2022-12-03,0.0002614110611099,5082,-3.58267604002489
2022-12-04,0.0002673596016076,5083,-3.5729042145920373
2022-12-05,0.000266276658989,5084,-3.5746669008405543
2022-12-06,0.0002685859124552,5085,-3.570916770161015
2022-12-07,0.0002575953998985,5086,-3.589061896811073
2022-12-08,0.0002553170558943,5087,-3.5929201721390194
2022-12-09,0.0002585630426353,5088,-3.5874335503239108
2022-12-10,0.0002557108074292,5089,-3.5922509164488976
2022-12-11,0.000250815686537,5090,-3.600645305307672
2022-12-12,0.0002475817553749,5091,-3.606281362204054
2022-12-13,0.0002429516143167,5092,-3.6144802108773737
2022-12-14,0.0002374316910785,5093,-3.624461314269413
2022-12-15,0.0002384124462937,5094,-3.622671076047491
2022-12-16,0.000180207407463,5095,-3.7442273612248886
2022-12-17,0.000190531855299,5096,-3.720032403589341
2022-12-18,0.0001820028801528,5097,-3.7399217393523223
2022-12-19,0.0001709279045169,5098,-3.767187031553861
2022-12-20,0.0001762656035718,5099,-3.753832427555256
2022-12-21,0.0001766013849503,5100,-3.7530058949038887
2022-12-22,0.0001776553343992,5101,-3.750421747558924
2022-12-23,0.0001768177822428,5102,-3.7524740609201617
2022-12-24,0.000173910402342,5103,-3.759674440167184
2022-12-25,0.0001757512411157,5104,-3.755101599407394
2022-12-26,0.0001773070112403,5105,-3.7512740907792392
2022-12-27,0.0001836434813435,5106,-3.736024482874089
2022-12-28,0.0001806365773216,5107,-3.7431943042963782
2022-12-29,0.0001790613386234,5108,-3.7469981731402737
2022-12-30,0.0001788877956175,5109,-3.7474192875865975
2022-12-31,0.0001819006321501,5110,-3.7401657916521542
2023-01-01,0.0001870667681243,5111,-3.728003356818967
2023-01-02,0.0001887530652783,5112,-3.7241059868633593
2023-01-03,0.0001852533820777,5113,-3.732233854580526
2023-01-04,0.0001992499865097,5114,-3.7006016993358153
2023-01-05,0.0001954060416405,5115,-3.7090620127227414
2023-01-06,0.0001970272626888,5116,-3.705473676294485
2023-01-07,0.0001946319548439,5117,-3.7107858553673423
2023-01-08,0.000200688724724,5118,-3.6974770267536856
2023-01-09,0.0002203929838716,5119,-3.656802235202901
2023-01-10,0.0002155185635527,5120,-3.666515316216377
2023-01-11,0.0002079744370605,5121,-3.6819900425650305
2023-01-12,0.0002040320129003,5122,-3.690301685832952
2023-01-13,0.0002014106357017,5123,-3.695917599797179
2023-01-14,0.0002278762349447,5124,-3.6423009647298383
2023-01-15,0.0002246082651642,5125,-3.648574266555572
2023-01-16,0.0002154028858355,5126,-3.666748482588284
2023-01-17,0.000218793361848,5127,-3.6599658585566535
2023-01-18,0.0002059086974975,5128,-3.686325308576568
2023-01-19,0.0002091356426974,5129,-3.6795719446683086
2023-01-20,0.0002094674642887,5130,-3.6788834246175344
2023-01-21,0.00021687950346,5131,-3.66378148973222
2023-01-22,0.0002389921027931,5132,-3.6216164495539673
2023-01-23,0.0002363258913428,5133,-3.6264886954166022
2023-01-24,0.0002199989784183,5134,-3.657579335851805
2023-01-25,0.0002357484709805,5135,-3.627551115332336
2023-01-26,0.0002366193151005,5136,-3.6259498070487854
2023-01-27,0.0002331150954122,5137,-3.632429602747288
2023-01-28,0.0002292553255518,5138,-3.639680566973469
2023-01-29,0.0002309190378594,5139,-3.63654026068833
2023-01-30,0.0002232911136503,5140,-3.651128560266661
2023-01-31,0.0002264547243762,5141,-3.645018614485791
2023-02-01,0.0002394223225182,5142,-3.62083536063573
2023-02-02,0.000233044906309,5143,-3.6325603850550823
2023-02-03,0.0002422244845956,5144,-3.615781959511093
2023-02-04,0.0002370150911977,5145,-3.6252240007609022
2023-02-05,0.0002308798183553,5146,-3.636614027931554
2023-02-06,0.0002249549822297,5147,-3.647904383779049
2023-02-07,0.0002385630405062,5148,-3.62239683873562
2023-02-08,0.0002371465849334,5149,-3.624983125092759
2023-02-09,0.0002190747258024,5150,-3.659407723204536
2023-02-10,0.0002244680979633,5151,-3.6488453734267536
2023-02-11,0.0002331868295164,5152,-3.632295982342992
2023-02-12,0.0002253513046409,5153,-3.647139923296532
2023-02-13,0.0002228529606742,5154,-3.6519815917956087
2023-02-14,0.0002286145831047,5155,-3.640896069829041
2023-02-15,0.0002254416515363,5156,-3.6469658426764497
2023-02-16,0.0002277395721436,5157,-3.6425614995982247
2023-02-17,0.0003126322789329,5158,-3.504966183582523
2023-02-18,0.0003047731615191,5159,-3.516023279843421
2023-02-19,0.0003444641203162,5160,-3.462856007893229
2023-02-20,0.0003463670943638,5161,-3.460463373626361
2023-02-21,0.0003343379360857,5162,-3.4758143428272747
2023-02-22,0.0003327980486872,5163,-3.477819228796152
2023-02-23,0.0003286356641529,5164,-3.483285307899294
2023-02-24,0.0002957135295404,5165,-3.5291288050972844
2023-02-25,0.0002899629455834,5166,-3.537657497124655
2023-02-26,0.0002932786199066,5167,-3.532719596054536
2023-02-27,0.0002920561853417,5168,-3.5345335915768064
2023-02-28,0.0002795135951731,5169,-3.553597063752265
2023-03-01,0.0003061757322263,5170,-3.5140292348587163
2023-03-02,0.0002930719145861,5171,-3.533025798500111
2023-03-03,0.0002803778477122,5172,-3.552256302390027
2023-03-04,0.0002657319866552,5173,-3.5755561656056187
2023-03-05,0.000274564696403,5174,-3.561355305201938
2023-03-06,0.0002724059729462,5175,-3.564783374038339
2023-03-07,0.0002695797538153,5176,-3.569312727628047
2023-03-08,0.0002670585972226,5177,-3.573393436544272
2023-03-09,0.0002696063550447,5178,-3.569269875013735
2023-03-10,0.0002630373894976,5179,-3.5799825142540924
2023-03-11,0.0002403984780497,5180,-3.619068286156404
2023-03-12,0.0002567232014375,5181,-3.5905348800588053
2023-03-13,0.0002632499745556,5182,-3.57963166211903
2023-03-14,0.0002727705388848,5183,-3.564202538306977
2023-03-15,0.0002297345328967,5184,-3.638773718260573
2023-03-16,0.0002323094640426,5185,-3.633933097139963
2023-03-17,0.0002330081820037,5186,-3.632628828601887
2023-03-18,0.0002176825024121,5187,-3.6621764786817903
2023-03-19,0.0002239763407177,5188,-3.6497978550515464
2023-03-20,0.0002056380380298,5189,-3.686896548341726
2023-03-21,0.0002108190908972,5190,-3.676090063782522
2023-03-22,0.0002069033390628,5191,-3.6842325005142182
2023-03-23,0.0002092893951722,5192,-3.679252777083561
2023-03-24,0.0002018674730396,5193,-3.694933653406145
2023-03-25,0.000195674025329,5194,-3.7084668207647495
2023-03-26,0.0002032554443755,5195,-3.691957812619032
2023-03-27,0.0001971268218767,5196,-3.705254279827352
2023-03-28,0.0002042677596349,5197,-3.689800174324805
2023-03-29,0.0002024802675319,5198,-3.693617294027389
2023-03-30,0.0001983336937643,5199,-3.7026034997487
2023-03-31,0.0001994488163487,5200,-3.7001685367155535
2023-04-01,0.0002027381251113,5201,-3.693064574106436
2023-04-02,0.0001968133360965,5202,-3.7059454770586826
2023-04-03,0.0002004302182241,5203,-3.6980368006757702
2023-04-04,0.0001995165462452,5204,-3.700021081706472
2023-04-05,0.0002012209221405,5205,-3.6963268650783383
2023-04-06,0.0001996852060785,5206,-3.6996541091725046
2023-04-07,0.0002073347116108,5207,-3.6833279830048
2023-04-08,0.0002064563596556,5208,-3.68517173463072
2023-04-09,0.0002029432003085,5209,-3.6926254953097857
2023-04-10,0.0002080735191678,5210,-3.681783187501334
2023-04-11,0.0002020832862289,5211,-3.694469604340756
2023-04-12,0.0001977500770379,5212,-3.7038833386411096
2023-04-13,0.0001996771847836,5213,-3.699671555002296
2023-04-14,0.0002043581141191,5214,-3.689608113777033
2023-04-15,0.0002077939479737,5215,-3.682367105478867
2023-04-16,0.0002091349384467,5216,-3.679573407129302
2023-04-17,0.0002078448179044,5217,-3.682260799079725
2023-04-18,0.0002059376310579,5218,-3.686264287342335
2023-04-19,0.000197760932075,5219,-3.7038594996955223
2023-04-20,0.0001968421123979,5220,-3.705881983010777
2023-04-21,0.0001928370907818,5221,-3.714809429081453
2023-04-22,0.0001916060034151,5222,-3.717590887693738
2023-04-23,0.0001910016494168,5223,-3.7189628823358936
2023-04-24,0.000190733339888,5224,-3.71957338632549
2023-04-25,0.0001889951971557,5225,-3.723549232203895
2023-04-26,0.0001847115081789,5226,-3.733506045637609
2023-04-27,0.0001828743615493,5227,-3.737847177072106
2023-04-28,0.0001874557239016,5228,-3.7271012939942936
2023-04-29,0.0001904371927358,5229,-3.720248229152637
2023-04-30,0.0001855217421947,5230,-3.7316051859848822
2023-05-01,0.0001886687112754,5231,-3.7243001170427674
2023-05-02,0.0001840969707064,5232,-3.734953357700816
2023-05-03,0.0001840978828,5233,-3.7349512060291032
2023-05-04,0.0001823368242736,5234,-3.7391256134962014
2023-05-05,0.0001784360853206,5235,-3.748517313239617
2023-05-06,0.0001747125361845,5236,-3.7576759318777064
2023-05-07,0.0001767704725966,5237,-3.752590276988709
2023-05-08,0.0001639328076312,5238,-3.7853341230164106
2023-05-09,0.0001645047524945,5239,-3.783821550891133
2023-05-10,0.0001665353941828,5240,-3.778493450657961
2023-05-11,0.0001614767623948,5241,-3.7918899667681583
2023-05-12,0.0001652677341542,5242,-3.781811927109542
2023-05-13,0.0001635299889568,5243,-3.786402592580531
2023-05-14,0.0001652393043551,5244,-3.7818866420383146
2023-05-15,0.000164014646917,5245,-3.7851173666400255
2023-05-16,0.0001634817899435,5246,-3.7865306158933256
2023-05-17,0.0001660656505385,5247,-3.779720188886718
2023-05-18,0.0001662181448668,5248,-3.779321569087307
2023-05-19,0.0001667898289248,5249,-3.777830436770684
2023-05-20,0.0001662391755741,5250,-3.779266623567601
2023-05-21,0.0001637149008833,5251,-3.785911790490853
2023-05-22,0.0001642379967069,5252,-3.784526360912451
2023-05-23,0.0001660194444963,5253,-3.779841043628964
2023-05-24,0.0001693575379636,5254,-3.7711954685017286
2023-05-25,0.0001669423416588,5255,-3.777433499050959
2023-05-26,0.0001661720738526,5256,-3.7794419600390374
2023-05-27,0.0001667389107907,5257,-3.777963039825252
2023-05-28,0.0001659210516181,5258,-3.780098508360418
2023-05-29,0.0001672320071654,5259,-3.776680597680365
2023-05-30,0.00017435344179,5260,-3.75856947509806
2023-05-31,0.0001723019431406,5261,-3.76370982475462
2023-06-01,0.000174869678659,5262,-3.757285488020692
2023-06-02,0.0001823880663324,5263,-3.739003581004904
2023-06-03,0.0001791311877715,5264,-3.746828794397078
2023-06-04,0.0001718348238923,5265,-3.764888817852316
2023-06-05,0.0001638192547386,5266,-3.785635054130664
2023-06-06,0.0001615343815914,5267,-3.7917350266067698
2023-06-07,0.0001567600510951,5268,-3.804764603637857
2023-06-08,0.0001542917817264,5269,-3.8116572057962728
2023-06-09,0.0001521881770934,5270,-3.817619084901384
2023-06-10,0.0001346163653464,5271,-3.870902139609559
2023-06-11,0.0001322273627564,5272,-3.878678663878523
2023-06-12,0.000136280281826,5273,-3.865566976987164
2023-06-13,0.0001408248092782,5274,-3.8513208282656426
2023-06-14,0.0001420913858199,5275,-3.847432250040486
2023-06-15,0.0001431007015302,5276,-3.8443582371699208
2023-06-16,0.0001401578274092,5277,-3.8533826431358302
2023-06-17,0.0001395664158305,5278,-3.8552190743646504
2023-06-18,0.0001397315557567,5279,-3.854705505528952
2023-06-19,0.000137052474201,5280,-3.863113119758307
2023-06-20,0.0001337923066953,5281,-3.8735688585848185
2023-06-21,0.0001308809120035,5282,-3.883123687414273
2023-06-22,0.0001310498509704,5283,-3.8825634685955106
2023-06-23,0.0001316155173554,5284,-3.8806929047602634
2023-06-24,0.000128319719053,5285,-3.8917065999160783
2023-06-25,0.0001351694430311,5286,-3.869121475723323
2023-06-26,0.0001308177094025,5287,-3.883333459565245
2023-06-27,0.0001309951286674,5288,-3.8827448542082736
2023-06-28,0.0001253064270039,5289,-3.902026653341377
2023-06-29,0.0001257991714129,5290,-3.9003222193994
2023-06-30,0.0001296048609005,5291,-3.88737870971
2023-07-01,0.0001340303866909,5292,-3.8727967294252266
2023-07-02,0.0001338960471208,5293,-3.8732322440405302
2023-07-03,0.0001518145231946,5294,-3.8186866800769614
2023-07-04,0.0001475099634346,5295,-3.8311786446447633
2023-07-05,0.0001504219383742,5296,-3.822688819196159
2023-07-06,0.0001447708409922,5297,-3.8393189027204846
2023-07-07,0.0001450122431323,5298,-3.8385953294865898
2023-07-08,0.0001432695922639,5299,-3.843845975082863
2023-07-09,0.0001435141812954,5300,-3.843105182177101
2023-07-10,0.0001420376518199,5301,-3.847596516109081
2023-07-11,0.0001401001548221,5302,-3.8535613847828425
2023-07-12,0.000139182982476,5303,-3.856413861482329
2023-07-13,0.0001486844815108,5304,-3.827734357274444
2023-07-14,0.0001460404172487,5305,-3.83552693490771
2023-07-15,0.0001462248572053,5306,-3.8349787940711537
2023-07-16,0.0001438057754214,5307,-3.8422236717883216
2023-07-17,0.0001442982838333,5308,-3.840738834021891
2023-07-18,0.0001430171340052,5309,-3.8446119292608634
2023-07-19,0.0001424085995703,5310,-3.8464637843424985
2023-07-20,0.0001486975589621,5311,-3.827696160852397
2023-07-21,0.0001491202699442,5312,-3.8264633188098336
2023-07-22,0.0001491344020941,5313,-3.8264221626081736
2023-07-23,0.0001515728723797,5314,-3.8193785192184455
2023-07-24,0.0001545742530679,5315,-3.810862843417113
2023-07-25,0.0001505437162165,5316,-3.822337367480588
2023-07-26,0.00014750482144,5317,-3.8311937838175183
2023-07-27,0.0001513144702425,5318,-3.820119538295453
2023-07-28,0.0001497309987414,5319,-3.824688278556942
2023-07-29,0.0001505607640647,5320,-3.8222881899564034
2023-07-30,0.0001472230424543,5321,-3.832024211550022
2023-07-31,0.0001457401223073,5322,-3.836420870344488
2023-08-01,0.0001442255894188,5323,-3.8409576774982983
2023-08-02,0.0001461308312878,5324,-3.835258145150291
2023-08-03,0.0001408562705354,5325,-3.8512238146467905
2023-08-04,0.0001406750734831,5326,-3.8517828493153536
2023-08-05,0.0001411742330937,5327,-3.8502445628195137
2023-08-06,0.0001432415364934,5328,-3.843931029135673
2023-08-07,0.0001405044129844,5329,-3.852310035156072
2023-08-08,0.0001390872347701,5330,-3.856712727112923
2023-08-09,0.0001403853262695,5331,-3.852678284323024
2023-08-10,0.0001406747340757,5332,-3.851783897141136
2023-08-11,0.0001398067850446,5333,-3.8544717510798936
2023-08-12,0.0001400599987744,5334,-3.8536858817881714
2023-08-13,0.0001400133877106,5335,-3.853830436244082
2023-08-14,0.0001383956284362,5336,-3.858877627914005
2023-08-15,0.0001319833429961,5337,-3.879480875622237
2023-08-16,0.0001299570999206,5338,-3.886199988789982
2023-08-17,0.0001290102364091,5339,-3.889375828928474
2023-08-18,0.0001343592924914,5340,-3.871732291730344
2023-08-19,0.0001368015000391,5341,-3.8639091405167862
2023-08-20,0.0001359319033923,5342,-3.866678601831198
2023-08-21,0.0001309133972708,5343,-3.883015906825309
2023-08-22,0.0001306102065634,5344,-3.884022883696739
2023-08-23,0.0001305253823985,5345,-3.884305025768268
2023-08-24,0.0001261353468995,5346,-3.899163194058587
2023-08-25,0.0001243873349374,5347,-3.905223837063069
2023-08-26,0.0001253438164978,5348,-3.901897085934822
2023-08-27,0.0001268700231334,5349,-3.896640980944401
2023-08-28,0.0001298544576364,5350,-3.886543137342324
2023-08-29,0.0001262289625738,5351,-3.8988409870657184
2023-08-30,0.0001252872740802,5352,-3.902093039759373
2023-08-31,0.0001237878018955,5353,-3.9073221487768826
2023-09-01,0.0001228647663211,5354,-3.91057264100405
2023-09-02,0.0001233145775808,5355,-3.908985580430044
2023-09-03,0.0001220659579155,5356,-3.91340543638908
2023-09-04,0.0001231965267423,5357,-3.9094015359856473
2023-09-05,0.000125678906485,5358,-3.9007376066885455
2023-09-06,0.0001261977313688,5359,-3.898948452245898
2023-09-07,0.0001242368801418,5360,-3.9057494632211434
2023-09-08,0.0001246832047926,5361,-3.904192043370907
2023-09-09,0.0001251174050465,5362,-3.902682271522459
2023-09-10,0.0001203922547061,5363,-3.919401452003219
2023-09-11,0.0001204165492334,5364,-3.919313822489497
2023-09-12,0.0001196128549948,5365,-3.922222143480521
2023-09-13,0.0001208617055947,5366,-3.917711281300912
2023-09-14,0.0001217045854042,5367,-3.9146930587606064
2023-09-15,0.0001266503377122,5368,-3.8973936478285336
2023-09-16,0.0001249610378917,5369,-3.903225376322175
2023-09-17,0.0001254984724895,5370,-3.9013615601862752
2023-09-18,0.0001244660609224,5371,-3.904949054700543
2023-09-19,0.0001238464402882,5372,-3.907116471802336
2023-09-20,0.0001238389736269,5373,-3.9071426560636704
2023-09-21,0.0001208237114158,5374,-3.917847827912425
2023-09-22,0.000121521913237,5375,-3.915345401573331
2023-09-23,0.0001218989571925,5376,-3.9140000096193024
2023-09-24,0.0001222539228074,5377,-3.912737196610963
2023-09-25,0.0001220602841971,5378,-3.913425623195407
2023-09-26,0.0001224384708541,5379,-3.9120821029865582
2023-09-27,0.0001218090728454,5380,-3.914320362442513
2023-09-28,0.0001224948377423,5381,-3.911882213236253
2023-09-29,0.0001241094925464,5382,-3.906195000105922
2023-09-30,0.00012422168617,5383,-3.905802579989992
2023-10-01,0.0001236431857774,5384,-3.907829813478136
2023-10-02,0.0001213187339581,5385,-3.9160721304900776
2023-10-03,0.0001206708929089,5386,-3.918397473676193
2023-10-04,0.0001190673414238,5387,-3.924207343339869
2023-10-05,0.0001189090476741,5388,-3.92478509907792
2023-10-06,0.000119513653902,5389,-3.922582475673236
2023-10-07,0.0001229940183142,5390,-3.9101160095061567
2023-10-08,0.0001213527509283,5391,-3.915950374260264
2023-10-09,0.0001170982358171,5392,-3.93144964788794
2023-10-10,0.0001164615284359,5393,-3.933817514528907
2023-10-11,0.0001183329772042,5394,-3.926894208693924
2023-10-12,0.0001199695083344,5395,-3.920929120992242
2023-10-13,0.0001194979967333,5396,-3.922639375175631
2023-10-14,0.0001195009682852,5397,-3.922628575726303
2023-10-15,0.000118558218611,5398,-3.926068334779764
2023-10-16,0.0001139572497316,5399,-3.943258040660795
2023-10-17,0.0001129655286459,5400,-3.947054060965781
2023-10-18,0.0001119020669376,5401,-3.951161891565328
2023-10-19,0.0001110731712046,5402,-3.954390828591445
2023-10-20,0.0001081428929557,5403,-3.9660020166921983
2023-10-21,0.0001116369407517,5404,-3.95219207322982
2023-10-22,0.0001140231980804,5405,-3.9430067822301567
2023-10-23,0.00011636259226,5406,-3.9341866123500906
2023-10-24,0.0001129742610454,5407,-3.9470204906689417
2023-10-25,0.0001092664299845,5408,-3.96151324620984
2023-10-26,0.0001094955205218,5409,-3.960603647512845
2023-10-27,0.0001058690973499,5410,-3.975230789741007
2023-10-28,0.0001097109625357,5411,-3.95974997469595
2023-10-29,0.0001097326792764,5412,-3.959664016765251
2023-10-30,0.0001118763943374,5413,-3.951261538944876
2023-10-31,0.0001101887649645,5414,-3.957862684636925
2023-11-01,0.0001111824299493,5415,-3.9539638384639697
2023-11-02,0.0001170637028042,5416,-3.931577742975695
2023-11-03,0.0001128631638724,5417,-3.9474477793974834
2023-11-04,0.000114017950254,5418,-3.943026770746053
2023-11-05,0.0001172632119764,5419,-3.930838214154699
2023-11-06,0.0001235823312309,5420,-3.908043616604989
2023-11-07,0.0001196268010587,5421,-3.9221715105820567
2023-11-08,0.0001245257457167,5422,-3.904740848835006
2023-11-09,0.000122366247083,5423,-3.912338359372468
2023-11-10,0.0001227422371146,5424,-3.9110059654770457
2023-11-11,0.0001273626348321,5425,-3.894957964986067
2023-11-12,0.0001387145229531,5426,-3.857878067346189
2023-11-13,0.0001375253715959,5427,-3.861617172905501
2023-11-14,0.0001347866632606,5428,-3.870353077821837
2023-11-15,0.000137801472948,5429,-3.8607461402674543
2023-11-16,0.0001341455100644,5430,-3.8724238588612168
2023-11-17,0.0001292466840021,5431,-3.8885805905013062
2023-11-18,0.000128738813189,5432,-3.89029049884085
2023-11-19,0.0001305282356328,5433,-3.8842955323628576
2023-11-20,0.0001251435647809,5434,-3.902591478073343
2023-11-21,0.0001178316326975,5435,-3.928738104609826
2023-11-22,0.000119682606502,5436,-3.9219689611145943
2023-11-23,0.0001204088394645,5437,-3.9193416294424304
2023-11-24,0.0001230107476995,5438,-3.9100569417094464
2023-11-25,0.000126465756074,5439,-3.898027055210456
2023-11-26,0.0001227350019351,5440,-3.911031566209154
2023-11-27,0.0001218655588759,5441,-3.9141190154936742
2023-11-28,0.0001197427958431,5442,-3.9217506058438074
2023-11-29,0.0001170146972045,5443,-3.931759586852374
2023-11-30,0.0001161411048954,5444,-3.935014046670792
2023-12-01,0.0001163128816516,5445,-3.934372184494051
2023-12-02,0.0001180454150689,5446,-3.927950876428659
2023-12-03,0.0001143117551395,5447,-3.941909107052168
2023-12-04,0.0001126724391819,5448,-3.948182303785192
2023-12-05,0.0001084376062825,5449,-3.96482007786532
2023-12-06,0.0001125424774083,5450,-3.948683528910766
2023-12-07,0.0001170329148442,5451,-3.931691978212009
2023-12-08,0.0001179624380329,5452,-3.928256260083435
2023-12-09,0.0001170928470378,5453,-3.9314696342776503
2023-12-10,0.00011740601447,5454,-3.93030965450029
2023-12-11,0.0001117742889781,5455,-3.951658084097734
2023-12-12,0.0001119414976008,5456,-3.9510088872147033
2023-12-13,0.0001100470581579,5457,-3.9584215627685224
2023-12-14,0.0001131927086077,5458,-3.946181547647669
2023-12-15,0.0001144771696847,5459,-3.941281116542852
2023-12-16,0.0001347060656739,5460,-3.870612848008316
2023-12-17,0.0001278869324779,5461,-3.893173829584142
2023-12-18,0.0001243444377569,5462,-3.9053736370566368
2023-12-19,0.0001208880116023,5463,-3.9176167657487344
2023-12-20,0.0001218722975333,5464,-3.9140950014830937
2023-12-21,0.0001253728350361,5465,-3.901796553393037
2023-12-22,0.0001256878102224,5466,-3.9007068401328087
2023-12-23,0.0001287164798221,5467,-3.890365845965536
2023-12-24,0.0001311136469,5468,-3.882352102627631
2023-12-25,0.0001316117096302,5469,-3.880705469372819
2023-12-26,0.0001354643813903,5470,-3.8681748819048183
2023-12-27,0.0001365011561965,5471,-3.864863670032208
2023-12-28,0.00014661774399,5472,-3.83381346727569
2023-12-29,0.0001377691766882,5473,-3.8608479369391144
2023-12-30,0.0001442231203418,5474,-3.840965112487447
2023-12-31,0.0001639647286552,5475,-3.785249565353944
2024-01-01,0.0001722992911289,5476,-3.763716509315765
2024-01-02,0.0001594822942262,5477,-3.797287525438699
2024-01-03,0.0001467973813435,5478,-3.833281691546507
2024-01-04,0.0001471256562741,5479,-3.832311586914145
2024-01-05,0.0001390313815694,5480,-3.856887161586239
2024-01-06,0.0001341238446854,5481,-3.8724940059309874
2024-01-07,0.0001276651009884,5482,-3.893927806883404
2024-01-08,0.0001247591469686,5483,-3.9039276033608425
2024-01-09,0.0001187696578262,5484,-3.9252944947226407
2024-01-10,0.0001271774109293,5485,-3.895590020605299
2024-01-11,0.0001393184603178,5486,-3.8559913338056657
2024-01-12,0.0001395462758862,5487,-3.855281749169274
2024-01-13,0.0001409818876406,5488,-3.850836678855184
2024-01-14,0.0001392468769415,5489,-3.8562145364935594
2024-01-15,0.0001394901288828,5490,-3.855456524457784
2024-01-16,0.0001355580445663,5491,-3.867874704515608
2024-01-17,0.0001354618790008,5492,-3.868182904559734
2024-01-18,0.0001359602547996,5493,-3.866588030187861
2024-01-19,0.0001314322313819,5494,-3.881298118833787
2024-01-20,0.0001322434300623,5495,-3.878625894782607
2024-01-21,0.0001294956872231,5496,-3.887744695261443
2024-01-22,0.000127571143276,5497,-3.8942475523647024
2024-01-23,0.000122723865128,5498,-3.911070975287639
2024-01-24,0.0001247596062696,5499,-3.90392600450811
2024-01-25,0.0001244559478543,5500,-3.904984343261152
2024-01-26,0.0001238734478329,5501,-3.907021774297232
2024-01-27,0.0001265430455748,5502,-3.897761717368197
2024-01-28,0.000123466794138,5503,-3.908449828329072
2024-01-29,0.0001231281116917,5504,-3.909642780872321
2024-01-30,0.0001198995840983,5505,-3.9211823233575225
2024-01-31,0.000116479486057,5506,-3.933750554266202
2024-02-01,0.0001153780792155,5507,-3.937876695340068
2024-02-02,0.0001169364248641,5508,-3.9320501881239336
2024-02-03,0.0001179282312509,5509,-3.928382215186182
2024-02-04,0.0001157723179889,5510,-3.936395271194411
2024-02-05,0.0001172094731985,5511,-3.9310372860004392
2024-02-06,0.0001176752608145,5512,-3.929314830453315
2024-02-07,0.0001171075843967,5513,-3.931414977216468
2024-02-08,0.0001152278036749,5514,-3.9384427160022017
2024-02-09,0.0001160196170846,5515,-3.935468572227474
2024-02-10,0.0001122013121274,5516,-3.9500020642352154
2024-02-11,0.0001099517335373,5517,-3.9587979190112295
2024-02-12,0.0001092913180197,5518,-3.96141433654856
2024-02-13,0.000110368527254,5519,-3.957154752590248
2024-02-14,0.000107859472155,5520,-3.967141709402173
2024-02-15,0.0001128256270356,5521,-3.9475922441816302
2024-02-16,0.000111004168947,5522,-3.9546607102520808
2024-02-17,0.0001200085258067,5523,-3.920787899124969
2024-02-18,0.0001202934310757,5524,-3.919758087751168
2024-02-19,0.0001433009383837,5525,-3.843750965683959
2024-02-20,0.000147843903232,5526,-3.830196580148825
2024-02-21,0.0001396627038385,5527,-3.8549195543699857
2024-02-22,0.0001570997816145,5528,-3.803824418675146
2024-02-23,0.0001576915557781,5529,-3.802191562074776
2024-02-24,0.0001570647078403,5530,-3.803921389193238
2024-02-25,0.0001569590512755,5531,-3.804213635008849
2024-02-26,0.0001492964295417,5532,-3.8259505784025105
2024-02-27,0.0001341849908864,5533,-3.8722960589786295
2024-02-28,0.0001231905605223,5534,-3.909422568714852
2024-02-29,0.0001328466476776,5535,-3.876649400331395
2024-03-01,0.0001318051984618,5536,-3.880067460616312
2024-03-02,0.0001500890353887,5537,-3.823651033566829
2024-03-03,0.0001659084400458,5538,-3.7801315201113583
2024-03-04,0.0001466404109707,5539,-3.8337463309012687
2024-03-05,0.0001391823368322,5540,-3.8564158760977274
2024-03-06,0.0001524805206903,5541,-3.816785633674861
2024-03-07,0.0001485233927378,5542,-3.82820513869107
2024-03-08,0.0001674961097692,5543,-3.7759952753457537
2024-03-09,0.0001614624873546,5544,-3.791928361427309
2024-03-10,0.0001548831160617,5545,-3.8099959224659727
2024-03-11,0.0001548723659154,5546,-3.8100260670767225
2024-03-12,0.000152347560358,5547,-3.817164496029424
2024-03-13,0.0001455868971792,5548,-3.836877709767566
2024-03-14,0.0001473459649466,5549,-3.831661752758641
2024-03-15,0.0001407704439691,5550,-3.8514885196863786
2024-03-16,0.0001351907549148,5551,-3.869053006816966
2024-03-17,0.0001342289239204,5552,-3.872153891427984
2024-03-18,0.0001314609158684,5553,-3.881203346380747
2024-03-19,0.0001290525291683,5554,-3.889233479743992
2024-03-20,0.000127073087962,5555,-3.895946416299768
2024-03-21,0.0001378807185772,5556,-3.8604964618949857
2024-03-22,0.0001362522533486,5557,-3.8656563066014873
2024-03-23,0.0001347128194008,5558,-3.870591074431791
2024-03-24,0.0001326706308896,5559,-3.877225205652642
2024-03-25,0.0001337930085648,5560,-3.8735665802978896
2024-03-26,0.0001347376993961,5561,-3.870510872361811
2024-03-27,0.0001314513687076,5562,-3.881234887540892
2024-03-28,0.0001313167878362,5563,-3.881679749168863
2024-03-29,0.0001382116056703,5564,-3.8594554875914793
2024-03-30,0.0001355439543597,5565,-3.8679198484026456
2024-03-31,0.0001396255514486,5566,-3.8550350986345543
2024-04-01,0.0001347160770568,5567,-3.870580572351097
2024-04-02,0.0001307929099332,5568,-3.883415797757344
2024-04-03,0.0001277644163596,5569,-3.893590084600556
2024-04-04,0.0001259691381085,5570,-3.899735842111688
2024-04-05,0.0001238250611697,5571,-3.9071914488034944
2024-04-06,0.0001245353341115,5572,-3.90470740975302
2024-04-07,0.0001273021162458,5573,-3.895164376658599
2024-04-08,0.0001299710082459,5574,-3.886153512023705
2024-04-09,0.0001252548929387,5575,-3.902205299913456
2024-04-10,0.0001204172679681,5576,-3.919311230307749
2024-04-11,0.0001149005135954,5577,-3.939678030048132
2024-04-12,9.836914495807608e-05,5578,-4.007141103558652
2024-04-13,8.96250080412748e-05,5579,-4.0475707923586635
2024-04-14,9.370427938084e-05,5580,-4.028240574864133
2024-04-15,9.475577858300346e-05,5581,-4.023394295553165
2024-04-16,9.512337812908442e-05,5582,-4.02171273495823
2024-04-17,9.530540677051256e-05,5583,-4.020882460704891
2024-04-18,9.44692149372094e-05,5584,-4.024709693724502
2024-04-19,9.726899622866962e-05,5585,-4.012025565820819
2024-04-20,0.0001023164420855,5586,-3.9900545702639216
2024-04-21,9.965092215586192e-05,5587,-4.001518678043782
2024-04-22,9.829784682336264e-05,5588,-4.00745599511775
2024-04-23,9.622439936441469e-05,5589,-4.016714791104086
2024-04-24,9.412401884692196e-05,5590,-4.026299537873194
2024-04-25,9.289456305988098e-05,5591,-4.032009703683323
2024-04-26,9.426664269733946e-05,5592,-4.025641960023526
2024-04-27,9.350489365764722e-05,5593,-4.029165659363876
2024-04-28,9.34827762127937e-05,5594,-4.029268398590534
2024-04-29,9.273020113922123e-05,5595,-4.032778798196552
2024-04-30,9.28478226064721e-05,5596,-4.032228276534671
2024-05-01,9.81906624318266e-05,5597,-4.007929810045493
2024-05-02,0.000100298640311,5598,-3.998704954411309
2024-05-03,9.619996474413444e-05,5599,-4.016825087124668
2024-05-04,9.484833809713274e-05,5600,-4.022970274280515
2024-05-05,9.604702790376668e-05,5601,-4.017516069479689
2024-05-06,9.546887128344184e-05,5602,-4.020138212014238
2024-05-07,9.272506655596166e-05,5603,-4.032802846272455
2024-05-08,9.331904079126424e-05,5604,-4.03002973388602
2024-05-09,9.405239768239107e-05,5605,-4.026630128481931
2024-05-10,9.244519243131226e-05,5606,-4.034115669197525
2024-05-11,9.21147913755605e-05,5607,-4.035670627164664
2024-05-12,9.129611998519864e-05,5608,-4.039547679254579
2024-05-13,8.902815546431742e-05,5609,-4.050472624489376
2024-05-14,8.69172637250314e-05,5610,-4.0608939543237295
2024-05-15,8.737315701601996e-05,5611,-4.058621971832404
2024-05-16,8.814748655440287e-05,5612,-4.054790066701198
2024-05-17,8.784243542779377e-05,5613,-4.056295631930988
2024-05-18,8.739064352850074e-05,5614,-4.058535062576829
2024-05-19,8.373772975211212e-05,5615,-4.077078817620755
2024-05-20,8.635627496216644e-05,5616,-4.063706099527561
2024-05-21,8.882674818623854e-05,5617,-4.05145623646835
2024-05-22,8.853867446680908e-05,5618,-4.052866984232703
2024-05-23,8.523534948425437e-05,5619,-4.069380253800907
2024-05-24,8.493114108715696e-05,5620,-4.070933040939059
2024-05-25,8.676702487552752e-05,5621,-4.06164529366601
2024-05-26,8.537890766991748e-05,5622,-4.068649405821155
2024-05-27,8.819135777318125e-05,5623,-4.054573971050854
2024-05-28,8.697406838500851e-05,5624,-4.060610214462144
2024-05-29,8.55306753899077e-05,5625,-4.067878098566552
2024-05-30,8.498501665915233e-05,5626,-4.07065763611916
2024-05-31,8.504785504482074e-05,5627,-4.070336635066641
2024-06-01,8.566330444350698e-05,5628,-4.0672051768002815
2024-06-02,8.575443038933138e-05,5629,-4.06674343345504
2024-06-03,8.415112866883797e-05,5630,-4.0749400547165475
2024-06-04,8.44578250028729e-05,5631,-4.073360106920265
2024-06-05,8.553402880228793e-05,5632,-4.06786107145977
2024-06-06,8.42317534757809e-05,5633,-4.07452415838564
2024-06-07,8.825745272136176e-05,5634,-4.0542486112761
2024-06-08,8.743860286648691e-05,5635,-4.058296790356419
2024-06-09,8.801402319615134e-05,5636,-4.0554481265826885
2024-06-10,8.329463363713157e-05,5637,-4.079382977667106
2024-06-11,8.005105296745373e-05,5638,-4.096632951128227
2024-06-12,8.279457329197269e-05,5639,-4.08199812778742
2024-06-13,8.059152569467441e-05,5640,-4.093710622432262
2024-06-14,7.72597409052929e-05,5641,-4.11204675261872
2024-06-15,7.901376320043511e-05,5642,-4.102297253502109
2024-06-16,7.863257723102001e-05,5643,-4.104397489832047
2024-06-17,7.414615713429991e-05,5644,-4.129911352776078
2024-06-18,6.677847984305894e-05,5645,-4.175363471524317
2024-06-19,6.834944132942742e-05,5646,-4.165265030891893
2024-06-20,6.802547291731039e-05,5647,-4.1673284302955125
2024-06-21,6.864681609226699e-05,5648,-4.163379600970934
2024-06-22,6.816847086631981e-05,5649,-4.16641644784939
2024-06-23,6.790037815584294e-05,5650,-4.16812780700759
2024-06-24,7.299583216030574e-05,5651,-4.136701936063852
2024-06-25,7.183926571047836e-05,5652,-4.143638115365211
2024-06-26,7.219055727388273e-05,5653,-4.14151960564423
2024-06-27,7.320858022141292e-05,5654,-4.135438015602312
2024-06-28,7.261256751462834e-05,5655,-4.138988206711729
2024-06-29,7.1443377562954e-05,5656,-4.1460380218927595
2024-06-30,7.147610101978622e-05,5657,-4.145839146034545
2024-07-01,6.889202166247813e-05,5658,-4.161831070524731
2024-07-02,7.109575987245888e-05,5659,-4.14815629967677
2024-07-03,6.813582815022392e-05,5660,-4.166624461123338
2024-07-04,6.669275508813344e-05,5661,-4.175921341437863
2024-07-05,6.247531982201593e-05,5662,-4.204291511966919
2024-07-06,6.826343758822948e-05,5663,-4.165811845444893
2024-07-07,6.499656020700867e-05,5664,-4.187109626782444
2024-07-08,6.73660774411135e-05,5665,-4.1715587397970175
2024-07-09,6.740307071244273e-05,5666,-4.171320317662138
2024-07-10,6.875352242371319e-05,5667,-4.162705046879608
2024-07-11,7.114841946606895e-05,5668,-4.147834743152274
2024-07-12,7.115782522516608e-05,5669,-4.1477773335946155
2024-07-13,7.2258295973589e-05,5670,-4.141112284367683
2024-07-14,7.024436636772739e-05,5671,-4.153388500654454
2024-07-15,6.859857483303092e-05,5672,-4.1636849068672985
2024-07-16,6.958830161838004e-05,5673,-4.1574637628262465
2024-07-17,7.096203451926836e-05,5674,-4.148973941544071
2024-07-18,6.846524296584668e-05,5675,-4.164529846303174
2024-07-19,6.98544308985935e-05,5676,-4.155806041177893
2024-07-20,7.012722074423767e-05,5677,-4.154113372556501
2024-07-21,7.013474321111429e-05,5678,-4.154066788781886
2024-07-22,6.673053661856692e-05,5679,-4.175675382723851
2024-07-23,6.749821241128121e-05,5680,-4.170707728653367
2024-07-24,6.531835227427153e-05,5681,-4.184964779342861
2024-07-25,6.385188642724745e-05,5682,-4.194826267502495
2024-07-26,6.847089940759788e-05,5683,-4.164493967368678
2024-07-27,6.768580156853689e-05,5684,-4.169502423591701
2024-07-28,6.519586056599615e-05,5685,-4.185779977740717
2024-07-29,6.644725696315358e-05,5686,-4.177522942642313
2024-07-30,6.540685152819361e-05,5687,-4.1843767558801375
2024-07-31,6.515086448697563e-05,5688,-4.186079817258652
2024-08-01,6.364992541024366e-05,5689,-4.196202100948874
2024-08-02,6.3013853545584e-05,5690,-4.200563960752925
2024-08-03,6.048111947750575e-05,5691,-4.218380178842765
2024-08-04,6.0739567141339624e-05,5692,-4.216528307393017
2024-08-05,6.00094936897092e-05,5693,-4.221780037434754
2024-08-06,6.228326182678836e-05,5694,-4.205628651141162
2024-08-07,6.0878694798847426e-05,5695,-4.215534667139827
2024-08-08,6.206435771549307e-05,5696,-4.207157734627606
2024-08-09,6.176072607889601e-05,5697,-4.209287606937146
2024-08-10,6.202230875172924e-05,5698,-4.207452071386765
2024-08-11,5.9336586361086085e-05,5699,-4.226677442299386
2024-08-12,6.292059219380888e-05,5700,-4.201207198552039
2024-08-13,6.115451818151848e-05,5701,-4.21357145115731
2024-08-14,6.107831294553993e-05,5702,-4.21411296717163
2024-08-15,6.077021912004723e-05,5703,-4.216309197708043
2024-08-16,5.932605600379687e-05,5704,-4.226754522600044
2024-08-17,5.9742569937404554e-05,5705,-4.223716099347767
2024-08-18,6.063918828895e-05,5706,-4.217246620766328
2024-08-19,6.072908453421463e-05,5707,-4.21660326563745
2024-08-20,6.168458054485229e-05,5708,-4.209823384122288
2024-08-21,6.187553059491935e-05,5709,-4.208481063881282
2024-08-22,6.530760709620885e-05,5710,-4.185036228717437
2024-08-23,6.578229489797509e-05,5711,-4.181890979680636
2024-08-24,6.601276661995952e-05,5712,-4.180372065421368
2024-08-25,6.463541585742919e-05,5713,-4.1895294526422
2024-08-26,6.240670753009179e-05,5714,-4.204768729440137
2024-08-27,6.244754070841028e-05,5715,-4.204484660216947
2024-08-28,6.154366387691268e-05,5716,-4.210816652479848
2024-08-29,6.113331765812368e-05,5717,-4.213722034743205
2024-08-30,6.138279932546374e-05,5718,-4.211953309715207
2024-08-31,6.0349928154847434e-05,5719,-4.219323242583565
2024-09-01,5.865562014829255e-05,5720,-4.231690369184371
2024-09-02,5.884534969987186e-05,5721,-4.230287851928159
2024-09-03,5.807905686546463e-05,5722,-4.235980444674527
2024-09-04,5.8331612636795374e-05,5723,-4.234096016891082
2024-09-05,5.9661209559998576e-05,5724,-4.224307946081098
2024-09-06,6.0406775903792514e-05,5725,-4.218914343289869
2024-09-07,6.168406709753448e-05,5726,-4.209826999098072
2024-09-08,6.198196888177985e-05,5727,-4.207734632341468
2024-09-09,6.303624584135878e-05,5728,-4.200409659397485
2024-09-10,6.336784514699262e-05,5729,-4.198131061009242
2024-09-11,6.266209465457521e-05,5730,-4.202995091712233
2024-09-12,6.279273251325339e-05,5731,-4.202090617600888
2024-09-13,6.150548272734768e-05,5732,-4.2110861685806675
2024-09-14,6.0859009960258734e-05,5733,-4.2156751169185975
2024-09-15,5.8182676740420944e-05,5734,-4.23520630256553
2024-09-16,5.844845908607864e-05,5735,-4.233226933933013
2024-09-17,5.725159262017043e-05,5736,-4.242212427651283
2024-09-18,5.821380637441179e-05,5737,-4.234974002959452
2024-09-19,5.854169310826247e-05,5738,-4.2325347213121605
2024-09-20,5.964717981172376e-05,5739,-4.224410085458193
2024-09-21,6.102560867919768e-05,5740,-4.214487880166431
2024-09-22,5.8589761714025416e-05,5741,-4.232178268275028
2024-09-23,5.925365607665153e-05,5742,-4.227284847597548
2024-09-24,5.9955576955934205e-05,5743,-4.222170413423553
2024-09-25,6.227870510875063e-05,5744,-4.205660425808004
2024-09-26,6.278040638828916e-05,5745,-4.202175877364549
2024-09-27,6.370586093920642e-05,5746,-4.195820610734267
2024-09-28,6.256153904415663e-05,5747,-4.203692575962226
2024-09-29,6.204190870107357e-05,5748,-4.207314849710904
2024-09-30,6.003025146530535e-05,5749,-4.22162983739099
2024-10-01,5.8378839310604946e-05,5750,-4.233744543914817
2024-10-02,5.82380521510241e-05,5751,-4.234793159007665
2024-10-03,5.862839125008211e-05,5752,-4.231892022594969
2024-10-04,5.852936920133139e-05,5753,-4.232626156457445
2024-10-05,5.825742701728411e-05,5754,-4.234648700224509
2024-10-06,5.867014341590613e-05,5755,-4.231582850173638
2024-10-07,5.95802084504328e-05,5756,-4.224897981672933
2024-10-08,5.833105686876315e-05,5757,-4.234100154752673
2024-10-09,5.7708161582852435e-05,5758,-4.238762760852316
2024-10-10,5.86704675406467e-05,5759,-4.23158045090905
2024-10-11,5.7205861203879774e-05,5760,-4.2425594719395825
2024-10-12,5.699850003947264e-05,5761,-4.244136572979287
2024-10-13,5.652049661829613e-05,5762,-4.24779403087093
2024-10-14,5.832665951434745e-05,5763,-4.234132895780319
2024-10-15,5.6612487522905705e-05,5764,-4.247087762025194
2024-10-16,5.542663730286592e-05,5765,-4.25628146896499
2024-10-17,5.396350051146725e-05,5766,-4.267899886214644
2024-10-18,5.528902410484437e-05,5767,-4.257361075635896
2024-10-19,5.514921006436512e-05,5768,-4.258460703842906
2024-10-20,5.764356579042653e-05,5769,-4.239249161875968
2024-10-21,5.710048201705599e-05,5770,-4.243360225616428
2024-10-22,5.6375639789333133e-05,5771,-4.248908516415087
2024-10-23,5.532648624334658e-05,5772,-4.257066910728956
2024-10-24,5.484836041532235e-05,5773,-4.260836350281082
2024-10-25,5.154793658405011e-05,5774,-4.287788714436649
2024-10-26,5.172850732696293e-05,5775,-4.28627005337163
2024-10-27,5.247299184243404e-05,5776,-4.280064173011171
2024-10-28,5.1722413522124905e-05,5777,-4.286321217842595
2024-10-29,5.104006163328197e-05,5778,-4.292088809855505
2024-10-30,5.1342212407701336e-05,5779,-4.289525420905046
2024-10-31,5.03563350830026e-05,5780,-4.297945885219202
2024-11-01,4.98634861330651e-05,5781,-4.302217361704141
2024-11-02,4.9500663857299546e-05,5782,-4.305388976669892
2024-11-03,4.8541572805092504e-05,5783,-4.313886156114783
2024-11-04,4.818886498275811e-05,5784,-4.317053302740711
2024-11-05,4.881209503239741e-05,5785,-4.311472551870552
2024-11-06,4.908706006880127e-05,5786,-4.30903297796595
2024-11-07,4.969418960244648e-05,5787,-4.303694387345393
2024-11-08,5.111378372725371e-05,5788,-4.291461968955847
2024-11-09,5.293143684080153e-05,5789,-4.276286316785949
2024-11-10,5.313126034317568e-05,5790,-4.274649881933395
2024-11-11,4.9793374432626515e-05,5791,-4.30282844115152
2024-11-12,4.8177985842035294e-05,5792,-4.317151360335484
2024-11-13,4.4885188993178774e-05,5793,-4.347896941840192
2024-11-14,4.421281713533016e-05,5794,-4.354451812003204
2024-11-15,4.603636763170906e-05,5795,-4.336898950457931
2024-11-16,5.235370783538404e-05,5796,-4.28105255495127
2024-11-17,4.830649021070089e-05,5797,-4.315994515763295
2024-11-18,5.003589771911416e-05,5798,-4.300718303914342
2024-11-19,4.806231827453022e-05,5799,-4.318195284935491
2024-11-20,4.499007883874665e-05,5800,-4.346883245794143
2024-11-21,4.6060926505877095e-05,5801,-4.336667330541501
2024-11-22,5.016061530354773e-05,5802,-4.2996371447990205
2024-11-23,5.5055465562139886e-05,5803,-4.2591995605132515
2024-11-24,5.8469967698409454e-05,5804,-4.233067146087573
2024-11-25,5.86258361697787e-05,5805,-4.231910949968441
2024-11-26,5.896917964423014e-05,5806,-4.229374913912243
2024-11-27,6.0654695528018926e-05,5807,-4.217135572984166
2024-11-28,6.067188103716544e-05,5808,-4.217012540223294
2024-11-29,6.303554589807716e-05,5809,-4.200414481753075
2024-11-30,7.346693469836072e-05,5810,-4.133908080087011
2024-12-01,7.066194217634674e-05,5811,-4.150814429951294
2024-12-02,7.578837633567892e-05,5812,-4.120397397011316
2024-12-03,7.640659969812106e-05,5813,-4.1168691271744855
2024-12-04,8.175546302768745e-05,5814,-4.087483217462683
2024-12-05,7.972488717689217e-05,5815,-4.098406086678767
2024-12-06,8.107349728418817e-05,5816,-4.091121092327924
2024-12-07,7.835014409221903e-05,5817,-4.105960200492161
2024-12-08,7.783484788621098e-05,5818,-4.108825918996661
2024-12-09,6.441025641025642e-05,5819,-4.1910449719613405
2024-12-10,6.414899120538024e-05,5820,-4.192810168866318
2024-12-11,6.607319485657764e-05,5821,-4.179974693115455
2024-12-12,6.729327067293271e-05,5822,-4.172028363052886
2024-12-13,6.648909933905495e-05,5823,-4.177249549959239
2024-12-14,6.356099486774576e-05,5824,-4.196809313758698
2024-12-15,6.450067088364961e-05,5825,-4.190435768162379
2024-12-16,6.177387361858884e-05,5826,-4.209195164755364
2024-12-17,5.915652420039626e-05,5827,-4.227997351323792
2024-12-18,5.627057767135588e-05,5828,-4.2497186263744515
2024-12-19,5.2402194534174235e-05,5829,-4.280650524960449
2024-12-20,5.3240953636428666e-05,5830,-4.273754174171638
2024-12-21,5.057097924739693e-05,5831,-4.296098636685365
2024-12-22,5.0734761189483304e-05,5832,-4.294694379525829
2024-12-23,5.46787753639984e-05,5833,-4.2621812208528205
2024-12-24,5.539240506329114e-05,5834,-4.256549777965067
2024-12-25,5.32086099376383e-05,5835,-4.274018086767795
2024-12-26,5.193829980288477e-05,5836,-4.284512271077734
2024-12-27,5.2425888857115624e-05,5837,-4.280454197534663
2024-12-28,5.453612887693258e-05,5838,-4.263315692706342
2024-12-29,5.279741122370774e-05,5839,-4.27738737138326
2024-12-30,5.30210148200727e-05,5840,-4.27555196414461
2024-12-31,5.27831094049904e-05,5841,-4.277505029469262
2025-01-01,5.4032947433962664e-05,5842,-4.267341341559594
2025-01-02,5.472308675309685e-05,5843,-4.261829413443863
2025-01-03,5.7649802911009485e-05,5844,-4.239202173101413
2025-01-04,5.736429377841516e-05,5845,-4.2413583487196025
2025-01-05,6.016260162601626e-05,5846,-4.220673391708422
2025-01-06,5.846123765764005e-05,5847,-4.233131994620152
2025-01-07,5.515122775910768e-05,5848,-4.258444814990419
2025-01-08,5.378264249248934e-05,5849,-4.26935786347915
2025-01-09,5.448150865231088e-05,5850,-4.263750874841563
2025-01-10,5.4937523066378445e-05,5851,-4.2601309252367825
2025-01-11,5.4900967101651257e-05,5852,-4.260420005218191
2025-01-12,5.382028887432064e-05,5853,-4.269053975539437
2025-01-13,5.196341437654464e-05,5854,-4.28430232033622
2025-01-14,5.398082749919856e-05,5855,-4.267760462210381
2025-01-15,5.632401233953627e-05,5856,-4.24930641503689
2025-01-16,5.647740903638545e-05,5857,-4.248125235239026
2025-01-17,5.613225682429834e-05,5858,-4.250787496411435
2025-01-18,5.2253804191788685e-05,5859,-4.2818820864731615
2025-01-19,4.913180741910024e-05,5860,-4.308637259115668
2025-01-20,4.9818929235587745e-05,5861,-4.302605611044255
2025-01-21,4.945831370701837e-05,5862,-4.305760695096061
2025-01-22,4.812885802469136e-05,5863,-4.317594442903128
2025-01-23,4.868661599153276e-05,5864,-4.312590410446461
2025-01-24,4.780534351145038e-05,5865,-4.320523556780462
2025-01-25,4.756446991404012e-05,5866,-4.322717338919125
2025-01-26,4.7433524885555665e-05,5867,-4.3239146008074405
2025-01-27,4.545454545454546e-05,5868,-4.342422680822207
2025-01-28,4.326828306721861e-05,5869,-4.363830337739264
2025-01-29,4.345731354788977e-05,5870,-4.3619371244809475
2025-01-30,4.5923238495321745e-05,5871,-4.337967493191635
2025-01-31,4.6940567971113495e-05,5872,-4.328451659832694
2025-02-01,4.349553128103277e-05,5873,-4.361555360049518
2025-02-02,3.6885245901639346e-05,5874,-4.4331473168994044
2025-02-03,3.456107435568283e-05,5875,-4.461412765629126
2025-02-04,3.425427922861408e-05,5876,-4.465285166382196
2025-02-05,3.353551245161157e-05,5877,-4.474495052877624
2025-02-06,3.22720784459753e-05,5878,-4.491173063460363
2025-02-07,3.2926412574162086e-05,5879,-4.4824555843235245
2025-02-08,3.427139632643764e-05,5880,-4.465068200661673
2025-02-09,3.425969052424572e-05,5881,-4.465216564435874
2025-02-10,3.505894413121476e-05,5882,-4.455201167674402
2025-02-11,3.4809796769150594e-05,5883,-4.458298512259926
2025-02-12,3.540563429142817e-05,5884,-4.450927620828201
2025-02-13,3.5123241255345964e-05,5885,-4.454405413199929
2025-02-14,3.620921334714685e-05,5886,-4.441180910220392
2025-02-15,3.505032078217558e-05,5887,-4.455308002995718
2025-02-16,3.5319537937338986e-05,5888,-4.451984986650998
2025-02-17,3.5745922567870356e-05,5889,-4.446773489730473
2025-02-18,3.3601870017113995e-05,5890,-4.473636552505554
2025-02-19,3.429716635158728e-05,5891,-4.464741760094427
2025-02-20,3.5557181026688206e-05,5892,-4.449072677203581
2025-02-21,3.4459494524884526e-05,5893,-4.462691097365746
2025-02-22,3.5462826066728015e-05,5894,-4.450226658010904
2025-02-23,3.5458786936236394e-05,5895,-4.450276125923768
2025-02-24,3.2861448732875594e-05,5896,-4.483313294132106
2025-02-25,3.531144923135747e-05,5897,-4.452084458017028
2025-02-26,3.717296081449035e-05,5898,-4.42977284610943
2025-02-27,3.834346808435563e-05,5899,-4.416308608678054
2025-02-28,3.838340891912321e-05,5900,-4.415856457192514
2025-03-01,3.750781412794332e-05,5901,-4.425878244829115
2025-03-02,3.767714077068803e-05,5902,-4.423922062212179
2025-03-03,3.550159005492917e-05,5903,-4.4497521952092125
2025-03-04,3.452533382110847e-05,5904,-4.461862113590331
2025-03-05,3.456322648820007e-05,5905,-4.461385722772548
2025-03-06,3.428761651131824e-05,5906,-4.464862703626959
2025-03-07,3.574137495115728e-05,5907,-4.4468287444376875
2025-03-08,3.584105072086759e-05,5908,-4.4456192669902155
2025-03-09,3.4366385224926756e-05,5909,-4.46386614605385
2025-03-10,3.36576320268245e-05,5910,-4.472916441950773
2025-03-11,3.2955666209617284e-05,5911,-4.482069904529465
2025-03-12,3.327132226674299e-05,5912,-4.4779299390849205
2025-03-13,3.382991548672022e-05,5913,-4.470699087157243
2025-03-14,3.4201432184972746e-05,5914,-4.465955707481654
2025-03-15,3.489637550865904e-05,5915,-4.457219678437169
2025-03-16,3.431650938266533e-05,5916,-4.464496894277426
2025-03-17,3.596866096866097e-05,5917,-4.444075729675125
2025-03-18,3.5205324202454724e-05,5918,-4.453391651951072
2025-03-19,3.5505406243895714e-05,5919,-4.449705513898974
2025-03-20,3.618202524437696e-05,5920,-4.4415071276961875
2025-03-21,3.458357102110668e-05,5921,-4.461130164483475
2025-03-22,3.562959520489997e-05,5922,-4.4481891117291665
2025-03-23,3.50140867931966e-05,5923,-4.455757196057312
2025-03-24,3.572488415093478e-05,5924,-4.4470291708698495
2025-03-25,3.571387820768818e-05,5925,-4.447162986750756
2025-03-26,3.4791994396536874e-05,5926,-4.458520675288493
2025-03-27,3.458662116197304e-05,5927,-4.461091863032912
2025-03-28,3.346221607368782e-05,5928,-4.475445300770383
2025-03-29,3.31881102086627e-05,5929,-4.479017476404777
2025-03-30,3.331193294005063e-05,5930,-4.477400166442951
2025-03-31,3.362645603764227e-05,5931,-4.4733189014751025
2025-04-01,3.3334507083582755e-05,5932,-4.4771059623912075
2025-04-02,3.285127222915884e-05,5933,-4.483447806883363
2025-04-03,3.281604981308074e-05,5934,-4.483913697738457
2025-04-04,3.303872806860605e-05,5935,-4.480976680583455
2025-04-05,3.2297423383334535e-05,5936,-4.490832123335606
2025-04-06,3.021379125712319e-05,5937,-4.5197947755959635
2025-04-07,2.993142294237254e-05,5938,-4.523872636272708
2025-04-08,2.9607504061206308e-05,5939,-4.528598202476756
2025-04-09,2.992415982166655e-05,5940,-4.523978034403136
2025-04-10,2.9540055057634533e-05,5941,-4.529588699572323
2025-04-11,2.9506309072590317e-05,5942,-4.530085112752124
2025-04-12,3.0026155596476614e-05,5943,-4.522500269203476
2025-04-13,2.9755147401503295e-05,5944,-4.526437893979225
2025-04-14,2.992524602573807e-05,5945,-4.523962270422596
2025-04-15,2.8804666116868066e-05,5946,-4.540537154439961
2025-04-16,2.844526963497221e-05,5947,-4.545989945164779
2025-04-17,2.817499145319297e-05,5948,-4.550136207023886
2025-04-18,2.9041167336391548e-05,5949,-4.536985930755545
2025-04-19,3.10829585325076e-05,5950,-4.507477650965322
2025-04-20,3.116950328750044e-05,5951,-4.506270118519326
2025-04-21,2.9837778514513048e-05,5952,-4.525233514135114
2025-04-22,2.904515396075153e-05,5953,-4.536926317100384
2025-04-23,2.9795277608688687e-05,5954,-4.525852563809929
2025-04-24,3.033851394507132e-05,5955,-4.51800569583872
2025-04-25,3.019999577622437e-05,5956,-4.519993117783332
2025-04-26,3.0308470531084665e-05,5957,-4.518435979061932
2025-04-27,2.8896186982854217e-05,5958,-4.539159461103608
2025-04-28,2.903857079729815e-05,5959,-4.537024762287412
2025-04-29,2.900975108786567e-05,5960,-4.537455997554805
2025-04-30,2.937153399993638e-05,5961,-4.532073370797249
2025-05-01,2.9440119419075952e-05,5962,-4.531060432685743
2025-05-02,2.8899645979336753e-05,5963,-4.53910747731827
2025-05-03,2.7585488991828448e-05,5964,-4.559319313153748
2025-05-04,2.777073830038858e-05,5965,-4.556412574138021
2025-05-05,2.7476576481734916e-05,5966,-4.561037380335713
2025-05-06,2.6719486655731277e-05,5967,-4.5731718899361935
2025-05-07,2.666831413008783e-05,5968,-4.574004437896247
2025-05-08,2.837772397094431e-05,5969,-4.547022439974329
2025-05-09,2.9337478142607343e-05,5970,-4.532577220957
2025-05-10,3.095147115017195e-05,5971,-4.509318703761231
2025-05-11,3.0166202324911137e-05,5972,-4.520479360462996
2025-05-12,3.052692980750535e-05,5973,-4.515316871911856
2025-05-13,3.091397849462366e-05,5974,-4.5098450995282855
2025-05-14,2.9454369869628197e-05,5975,-4.5308502638826855
2025-05-15,2.8254580520732885e-05,5976,-4.548911136034931
2025-05-16,2.7839536007733203e-05,5977,-4.555338007242523
2025-05-17,2.6953655225906532e-05,5978,-4.56938233115262
2025-05-18,2.732137827434044e-05,5979,-4.563497395699062
2025-05-19,2.710900473933649e-05,5980,-4.566886426504668
2025-05-20,2.680161184518789e-05,5981,-4.5718390867764
2025-05-21,2.690869287603758e-05,5982,-4.570107398130397
2025-05-22,2.7588677893228233e-05,5983,-4.559269111316149
2025-05-23,2.658334110624009e-05,5984,-4.575390436003735
2025-05-24,2.622280081830017e-05,5985,-4.581320923821739
2025-05-25,2.5897694921480392e-05,5986,-4.5867388894875445
2025-05-26,2.550507358990767e-05,5987,-4.593373419059095
2025-05-27,2.64584290307763e-05,5988,-4.577435945617882
2025-05-28,2.6540460282108387e-05,5989,-4.576091549585886
2025-05-29,2.6141314642924795e-05,5990,-4.582672575599722
2025-05-30,2.4127655483995e-05,5991,-4.617484877006777
2025-05-31,2.4842346646283205e-05,5992,-4.604807382432829
2025-06-01,2.442719181973111e-05,5993,-4.6121264571892455
2025-06-02,2.502833396297695e-05,5994,-4.601568058692503
2025-06-03,2.4952561669829225e-05,5995,-4.6028848623867695
2025-06-04,2.4670109007458407e-05,5996,-4.607828931530406
2025-06-05,2.340906855512934e-05,5997,-4.630615866500529
2025-06-06,2.3073240785064624e-05,5998,-4.636891401741459
2025-06-07,2.375094625283876e-05,5999,-4.624319083125433
2025-06-08,2.3528300103940283e-05,6000,-4.628409449030822
2025-06-09,2.357207615593835e-05,6001,-4.627602164469373
2025-06-10,2.477763659466328e-05,6002,-4.6059401209965465
2025-06-11,2.476751680324095e-05,6003,-4.606117533693145
2025-06-12,2.3728493098884475e-05,6004,-4.624729841201928
2025-06-13,2.3187859364690357e-05,6005,-4.634739342306966
2025-06-14,2.2916666666666667e-05,6006,-4.639848552217362
2025-06-15,2.2886324947985624e-05,6007,-4.640423940088661
2025-06-16,2.312734082397004e-05,6008,-4.635874299432872
2025-06-17,2.290732079793834e-05,6009,-4.6400257021992015
2025-06-18,2.2753236862147755e-05,6010,-4.642956812133285
2025-06-19,2.242794426417255e-05,6011,-4.6492105318401915
2025-06-20,2.1861094989359643e-05,6012,-4.660328088684271
2025-06-21,2.13307240704501e-05,6013,-4.670994402194089
2025-06-22,2.0355731225296443e-05,6014,-4.691313292134627
2025-06-23,2.1417740712661104e-05,6015,-4.669226343390908
2025-06-24,2.1689928328932476e-05,6016,-4.663741883043463
2025-06-25,2.096143096702068e-05,6017,-4.678579072839654
2025-06-26,2.0570359981299673e-05,6018,-4.686758108085341
2025-06-27,2.0634920634920633e-05,6019,-4.685397197146745
2025-06-28,2.1147754797838644e-05,6020,-4.674735733757894
2025-06-29,2.205407400572114e-05,6021,-4.65651117241961
2025-06-30,2.144522144522144e-05,6022,-4.668669464839169
2025-07-01,2.0770392749244716e-05,6023,-4.6825552912734185
2025-07-02,2.174710956138741e-05,6024,-4.662598457557986
2025-07-03,2.186588921282799e-05,6025,-4.660232856651071
2025-07-04,2.088724584103512e-05,6026,-4.680118821623149
2025-07-05,2.076986984214899e-05,6027,-4.682566225035127
2025-07-06,2.09361857743646e-05,6028,-4.679102436698732
2025-07-07,2.102933038184837e-05,6029,-4.677174555944122
2025-07-08,2.118100128369705e-05,6030,-4.6740535134586585
2025-07-09,2.1906985096067517e-05,6031,-4.659417387215011
2025-07-10,2.233721431651574e-05,6032,-4.650970988892754
2025-07-11,2.1803934928881696e-05,6033,-4.661465122740001
2025-07-12,2.1572305593451568e-05,6034,-4.666103436121235
2025-07-13,2.1523457205313604e-05,6035,-4.667087968851409
2025-07-14,2.1445260347129504e-05,6036,-4.668668677024097
2025-07-15,2.2405159976236952e-05,6037,-4.649651950811465
2025-07-16,2.232330890405189e-05,6038,-4.6512414310488825
2025-07-17,2.2725366876310273e-05,6039,-4.643489096837746
2025-07-18,2.3305084745762712e-05,6040,-4.632549313475863
2025-07-19,2.374893977947413e-05,6041,-4.62435577375287
2025-07-20,2.4735585124530875e-05,6042,-4.606677811867442
2025-07-21,2.4859526647369317e-05,6043,-4.60450714505852
2025-07-22,2.4422772359756607e-05,6044,-4.6122050384990745
2025-07-23,2.2203532380151388e-05,6045,-4.65357792774886
2025-07-24,2.1794221996958947e-05,6046,-4.661658629672605
2025-07-25,2.2514868309260832e-05,6047,-4.647530588906627
2025-07-26,2.25366432262984e-05,6048,-4.647110770493109
2025-07-27,2.3078852746885188e-05,6049,-4.636785783821368
2025-07-28,2.191572178033508e-05,6050,-4.659244221562396
2025-07-29,2.1759376852087035e-05,6051,-4.662353546178598
2025-07-30,2.1092757306226176e-05,6052,-4.67586664431901
2025-07-31,2.0695007329481763e-05,6053,-4.684134415450565
2025-08-01,2.026431718061674e-05,6054,-4.693268025511548
2025-08-02,2.012232958071093e-05,6055,-4.696321742031541
2025-08-03,2.045812204930932e-05,6056,-4.689134234800511
2025-08-04,2.109375e-05,6057,-4.675846205488881
2025-08-05,2.0402802101576184e-05,6058,-4.6903101828838105
2025-08-06,2.0666898228551575e-05,6059,-4.684724699149532
2025-08-07,2.1177070930430343e-05,6060,-4.674134108757326
2025-08-08,2.174843736621286e-05,6061,-4.662571941817887
2025-08-09,2.256542256542257e-05,6062,-4.646556529366838
2025-08-10,2.20323364329396e-05,6063,-4.656939445376293
2025-08-11,2.086663862010938e-05,6064,-4.680547505237983
2025-08-12,2.1896594788110896e-05,6065,-4.659623418480373
2025-08-13,2.2298177083333337e-05,6066,-4.651730639867049
2025-08-14,2.119753399206148e-05,6067,-4.67371465963414
2025-08-15,2.0932607215793057e-05,6068,-4.679176675678821
2025-08-16,2.151543498596819e-05,6069,-4.667249869191185
2025-08-17,2.177981963586864e-05,6070,-4.66194572106653
2025-08-18,2.122175444625827e-05,6071,-4.673218714928926
2025-08-19,2.0879412545341944e-05,6072,-4.680281724630763
2025-08-20,2.122270742358079e-05,6073,-4.673199213077594
2025-08-21,2.119921944296612e-05,6074,-4.673680129536032
2025-08-22,2.2051282051282052e-05,6075,-4.656566155782931
2025-08-23,2.180496668685645e-05,6076,-4.6614445724955065
2025-08-24,2.1284080914687773e-05,6077,-4.671945098707304
2025-08-25,1.984234846425659e-05,6078,-4.702406927710671
2025-08-26,2.071428571428571e-05,6079,-4.683730037779282
2025-08-27,2.072306450165964e-05,6080,-4.683546021236165
2025-08-28,2.111051978002483e-05,6081,-4.675501073427657
2025-08-29,2.091587579471114e-05,6082,-4.679523945816935
2025-08-30,2.100917431192661e-05,6083,-4.677591015600735
2025-08-31,2.094482376822292e-05,6084,-4.678923289483249
2025-09-01,2.0839045791061144e-05,6085,-4.68112217103299
2025-09-02,2.03861697350696e-05,6086,-4.690664364176934
2025-09-03,2.082402359460184e-05,6087,-4.68143535282239
2025-09-04,2.0382395382395385e-05,6088,-4.69074477812033
2025-09-05,2.1247739602169983e-05,6089,-4.672687264696943
2025-09-06,2.1046901932323323e-05,6090,-4.676811822522725
2025-09-07,2.1578852724330155e-05,6091,-4.6659716490292755
2025-09-08,2.177599286033021e-05,6092,-4.662022034532351
2025-09-09,2.196521427290658e-05,6093,-4.65826455579101
2025-09-10,2.1861281826163304e-05,6094,-4.660324376983364
2025-09-11,2.20103986135182e-05,6095,-4.6573720921997745
2025-09-12,2.206325950185297e-05,6096,-4.656330326932176
2025-09-13,2.260374428435855e-05,6097,-4.645819614509876
2025-09-14,2.1714681200795915e-05,6098,-4.663246542251625
2025-09-15,2.0851358366499396e-05,6099,-4.680865647555496
2025-09-16,2.19103046901746e-05,6100,-4.659351582989663
2025-09-17,2.206008583690987e-05,6101,-4.6563928020307435
2025-09-18,2.194892817490819e-05,6102,-4.6585866826696165
2025-09-19,2.115168781835449e-05,6103,-4.674654971979179
2025-09-20,2.114986187845304e-05,6104,-4.6746924644885395
2025-09-21,2.0786419539234368e-05,6105,-4.682220311451006
2025-09-22,2.0033684957007355e-05,6106,-4.698239160077263
2025-09-23,1.9955456570155904e-05,6107,-4.6999383313411975
2025-09-24,1.955602536997886e-05,6108,-4.708719407998779
2025-09-25,1.941747572815534e-05,6109,-4.711807229041191
2025-09-26,2.001273537705813e-05,6110,-4.698693547147279
2025-09-27,1.991995633982172e-05,6111,-4.700711617789594
2025-09-28,1.966717095310136e-05,6112,-4.706258107178804
2025-09-29,1.9287833827893176e-05,6113,-4.714716544228483
2025-09-30,1.9207156639186103e-05,6114,-4.716536921827995
2025-10-01,1.9297210752506953e-05,6115,-4.714505460025189
2025-10-02,1.9739570374056564e-05,6116,-4.704662303855185
2025-10-03,1.9564505566470203e-05,6117,-4.708531123100227
2025-10-04,1.8880261544748674e-05,6118,-4.723991993795663
2025-10-05,1.886945254292193e-05,6119,-4.724240699784039
2025-10-06,1.9323284156510585e-05,6120,-4.713919059605917
2025-10-07,1.8768521567336186e-05,6121,-4.726569936245774
2025-10-08,1.9204278421521757e-05,6122,-4.716602006303475
2025-10-09,1.8889618922470432e-05,6123,-4.723776803408905
2025-10-10,1.4933286206591852e-05,6124,-4.825844611273934
2025-10-11,1.4056586772391422e-05,6125,-4.852120122123686
2025-10-12,1.440597066736093e-05,6126,-4.841457473844783
2025-10-13,1.4992633677095068e-05,6127,-4.8241220702229874
2025-10-14,1.4743533150878432e-05,6128,-4.831398429363002
2025-10-15,1.44248106743599e-05,6129,-4.840889878249899
2025-10-16,1.374538745387454e-05,6130,-4.861843013790094
2025-10-17,1.3683223992502344e-05,6131,-4.8638115636400325
2025-10-18,1.3872078949818453e-05,6132,-4.857858448171431
2025-10-19,1.4057331863285558e-05,6133,-4.852097102290121
2025-10-20,1.4265077645359336e-05,6134,-4.845725860119114
2025-10-21,1.4363318294816317e-05,6135,-4.8427452153410915
2025-10-22,1.4110657259561826e-05,6136,-4.8504527567947004
2025-10-23,1.41625056740808e-05,6137,-4.8488599031323245
2025-10-24,1.4130141301413014e-05,6138,-4.849853495184908
2025-10-25,1.3972234661889835e-05,6139,-4.8547341290529955
2025-10-26,1.4415516337585184e-05,6140,-4.8411697973584635
2025-10-27,1.43670608848007e-05,6141,-4.842632067778556
2025-10-28,1.3805309734513276e-05,6142,-4.859953845128958
2025-10-29,1.4331065759637187e-05,6143,-4.8437215111854535
2025-10-30,1.3456221198156684e-05,6144,-4.871076882400112
2025-10-31,1.3840830449826987e-05,6145,-4.858837851428586
2025-11-01,1.514189863088222e-05,6146,-4.819819665574561
2025-11-02,1.5083092485549133e-05,6147,-4.821509605965099
2025-11-03,1.348693453217196e-05,6148,-4.870086750628259
2025-11-04,1.3480271573354326e-05,6149,-4.870301358422274
2025-11-05,1.3469309216855875e-05,6150,-4.870654676808603
2025-11-06,1.883629191321499e-05,6151,-4.72500458774959
2025-11-07,3.240158622690783e-05,6152,-4.489433728289361
2025-11-08,2.888368462138954e-05,6153,-4.539347405677692
2025-11-09,2.643634281351403e-05,6154,-4.577798625047479
2025-11-10,2.396000377322894e-05,6155,-4.620513117889889
2025-11-11,2.1610621184223276e-05,6156,-4.665332749405371
2025-11-12,2.152334152334152e-05,6157,-4.667090303057139
2025-11-13,2.083020379550348e-05,6158,-4.68130648104459
2025-11-14,2.100263852242744e-05,6159,-4.677726142230403
2025-11-15,2.12183292917468e-05,6160,-4.673288814965317
2025-11-16,2.0718597054999415e-05,6161,-4.683639655871812
2025-11-17,2.1933378712737563e-05,6162,-4.65889446256447
2025-11-18,2.1351931330472103e-05,6163,-4.670562835944275
2025-11-19,2.0295041899441342e-05,6164,-4.692610047737808
2025-11-20,2.0974266188791444e-05,6165,-4.6783132245747545
2025-11-21,1.944818698377365e-05,6166,-4.711120878638665
2025-11-22,1.9083519849216635e-05,6167,-4.71934151903928
2025-11-23,1.849979317001425e-05,6168,-4.732833127036101
2025-11-24,1.85371477659346e-05,6169,-4.731957088142351
2025-11-25,1.908157085889921e-05,6170,-4.71938587558214
2025-11-26,1.843572335375614e-05,6171,-4.734339817516415
2025-11-27,1.772719811785304e-05,6172,-4.751359901630589
2025-11-28,1.7796330879929694e-05,6173,-4.74966952818856
2025-11-29,1.7595178920975654e-05,6174,-4.754606312574323
2025-11-30,1.714355236525721e-05,6175,-4.765899181667391
2025-12-01,1.711516889664982e-05,6176,-4.766618810781371
2025-12-02,1.6743086637265953e-05,6177,-4.776164475496809
2025-12-03,1.712017291374643e-05,6178,-4.766491853262447
2025-12-04,1.682313995767081e-05,6179,-4.774092942008911
2025-12-05,1.666853115561025e-05,6180,-4.778102668865398
2025-12-06,1.646579147811282e-05,6181,-4.783417388771357
2025-12-07,1.6022099447513812e-05,6182,-4.795280576970228
2025-12-08,1.65438743547889e-05,6183,-4.781362776895452
2025-12-09,1.6709788702026735e-05,6184,-4.777029041795658
2025-12-10,1.5974267302739533e-05,6185,-4.796579052648414
2025-12-11,1.4916661262079252e-05,6186,-4.826328372420776
2025-12-12,1.494983499811743e-05,6187,-4.825363600637381
2025-12-13,1.4945697299810688e-05,6188,-4.825483817901684
2025-12-14,1.4969211054535558e-05,6189,-4.824801088347046
2025-12-15,1.4676142601259609e-05,6190,-4.833388077057867
2025-12-16,1.4553723706651508e-05,6191,-4.837025874145612
2025-12-17,1.4118899651656657e-05,6192,-4.850199148456642
2025-12-18,1.3890510096883387e-05,6193,-4.857281805508316
2025-12-19,1.473238063938532e-05,6194,-4.831727068839045
2025-12-20,1.5486700654510926e-05,6195,-4.81004109613123
2025-12-21,1.4428225215577974e-05,6196,-4.840787087235337
2025-12-22,1.4671527080253254e-05,6197,-4.833524680429954
2025-12-23,1.4969033526064402e-05,6198,-4.824806238925277
2025-12-24,1.448250695616476e-05,6199,-4.839156254230718
2025-12-25,1.3978161986273904e-05,6200,-4.85454993100075
2025-12-26,1.406276796432859e-05,6201,-4.851929189037327
2025-12-27,1.48956734322588e-05,6202,-4.826939857584715
2025-12-28,1.5117759388924254e-05,6203,-4.820512571079088
2025-12-29,1.5130500567393771e-05,6204,-4.820146703830029
2025-12-30,1.4905822304530468e-05,6205,-4.82664406039155
2025-12-31,1.48214021046391e-05,6206,-4.829110710155295
2026-01-01,1.6764930914982674e-05,6207,-4.775598231874507
2026-01-02,1.6667963063793852e-05,6208,-4.778117470610265
2026-01-03,1.644519005783409e-05,6209,-4.783961102990593
2026-01-04,1.6289850002186556e-05,6210,-4.788082914679986
2026-01-05,1.6747738521932073e-05,6211,-4.776043828254208
2026-01-06,1.6985001922830406e-05,6212,-4.7699343996285375
2026-01-07,1.6639481548785427e-05,6213,-4.778860209536242
2026-01-08,1.6467953362756077e-05,6214,-4.783360371594783
2026-01-09,1.6440472249806906e-05,6215,-4.784085711580669
2026-01-10,1.6350158530253318e-05,6216,-4.78647803208746
2026-01-11,1.605683680314978e-05,6217,-4.794340006644112
2026-01-12,1.6001928999660234e-05,6218,-4.795827660880872
2026-01-13,1.6477576851628342e-05,6219,-4.78310665412807
2026-01-14,1.6424941118135615e-05,6220,-4.784496178670137
2026-01-15,1.5705326199625165e-05,6221,-4.80395303887541
2026-01-16,1.5914563920008377e-05,6222,-4.798205257120184
2026-01-17,1.629623399289274e-05,6223,-4.787912748054742
2026-01-18,1.5478719429529127e-05,6224,-4.810264971798718
2026-01-19,1.490168129838997e-05,6225,-4.826764729076313
2026-01-20,1.481380963689204e-05,6226,-4.82933324049842
2026-01-21,1.508548441166611e-05,6227,-4.821440739586719
2026-01-22,1.4735761012748666e-05,6228,-4.831627430556981
2026-01-23,1.4615805152350245e-05,6229,-4.835177255325958
2026-01-24,1.4798206278026906e-05,6230,-4.829790923170274
2026-01-25,1.4429514706561387e-05,6231,-4.840748274852909
2026-01-26,1.4351093282106334e-05,6232,-4.843115012637316
2026-01-27,1.4229213583857124e-05,6233,-4.846819101716778
2026-01-28,1.3776110208881671e-05,6234,-4.860873391520668
2026-01-29,1.4046435864445992e-05,6235,-4.852433859443383
2026-01-30,1.4009260358542086e-05,6236,-4.853584793385412
2026-01-31,1.332216808769793e-05,6237,-4.875425091089071
2026-02-01,1.3504213574331607e-05,6238,-4.869530702129838
2026-02-02,1.369724025974026e-05,6239,-4.8633669263253445
2026-02-03,1.3967216570916566e-05,6240,-4.85489013277867
2026-02-04,1.4328602620087338e-05,6241,-4.8437961615898555
2026-02-05,1.4014934858595487e-05,6242,-4.853408916499362
2026-02-06,1.382903417617578e-05,6243,-4.85920815008623
2026-02-07,1.4062747697761891e-05,6244,-4.851929814921538
2026-02-08,1.3272047853824186e-05,6245,-4.8770620610844855
2026-02-09,1.3349770544138189e-05,6246,-4.874526198888996
2026-02-10,1.3073337882769737e-05,6247,-4.883613514256221
2026-02-11,1.310254424119645e-05,6248,-4.8826443652124665
2026-02-12,1.3768367116268557e-05,6249,-4.86111756260757
2026-02-13,1.3902913184772517e-05,6250,-4.856894189133622
2026-02-14,1.4607948442534909e-05,6251,-4.835410772611125
2026-02-15,1.398103921369358e-05,6252,-4.854460546186997
2026-02-16,1.4163936327524718e-05,6253,-4.848816034234374
2026-02-17,1.4212777292705666e-05,6254,-4.847321049092798
2026-02-18,1.394430090728835e-05,6255,-4.855603254056062
2026-02-19,1.3634127066962889e-05,6256,-4.86537266279292
2026-02-20,1.4063532625457108e-05,6257,-4.85190557497492
2026-02-21,1.4249606912462712e-05,6258,-4.846197115873225
2026-02-22,1.3706056129985228e-05,6259,-4.863087493962303
2026-02-23,1.3738724823921907e-05,6260,-4.862053574964552
2026-02-24,1.3721880752550623e-05,6261,-4.862586359148529
2026-02-25,1.5572891415810893e-05,6262,-4.8076307445706625
2026-02-26,1.5250222090612973e-05,6263,-4.816723831594221
2026-02-27,1.501592598210223e-05,6264,-4.823447881146152
2026-02-28,1.4914910435962832e-05,6265,-4.826379350232452
2026-03-01,1.4653757295719843e-05,6266,-4.834051005782034
2026-03-02,1.4335532242596844e-05,6267,-4.843586178146044
2026-03-03,1.4644933585226191e-05,6268,-4.834312593503392
2026-03-04,1.4016765150474096e-05,6269,-4.853352203159534
2026-03-05,1.424802855248494e-05,6270,-4.846245223234999
2026-03-06,1.4348636784073056e-05,6271,-4.843189357834349
2026-03-07,1.4165241317766043e-05,6272,-4.848776022479127
2026-03-08,1.4158621421318258e-05,6273,-4.848979030421714
2026-03-09,1.3692327914822766e-05,6274,-4.863522708577927
2026-03-10,1.2376881620516632e-05,6275,-4.9073887628761925
2026-03-11,1.2498575985418093e-05,6276,-4.903139465144307
2026-03-12,1.246720090773704e-05,6277,-4.904231041852529
2026-03-13,1.2254653130287648e-05,6278,-4.9116989770054555
2026-03-14,1.2370395346876843e-05,6279,-4.907616420482166
2026-03-15,1.2265666845206213e-05,6280,-4.911308835609191
2026-03-16,1.3226452905811624e-05,6281,-4.878556610081521
2026-03-17,1.311650695685128e-05,6282,-4.882181806068834
2026-03-18,1.2960415496911848e-05,6283,-4.887381075230584
2026-03-19,1.2780987244752043e-05,6284,-4.8934355985728875
2026-03-20,1.2763484300800909e-05,6285,-4.894030751473278
2026-03-21,1.2799744527666494e-05,6286,-4.89279869842494
2026-03-22,1.2471281296023565e-05,6287,-4.904088924933127
2026-03-23,1.300908167870036e-05,6288,-4.8857533595452
2026-03-24,1.3075952775769945e-05,6289,-4.883526656557526
2026-03-25,1.3009030738164684e-05,6290,-4.8857550601446285
2026-03-26,1.261369910784342e-05,6291,-4.899157533051105
2026-03-27,1.2645530536938022e-05,6292,-4.898062945328576
2026-03-28,1.2075511495465092e-05,6293,-4.918094464307031
2026-03-29,1.211042256935501e-05,6294,-4.916840702741565
2026-03-30,1.2204075516931376e-05,6295,-4.913495113674246
2026-03-31,1.2177505603820854e-05,6296,-4.914441661903356
2026-04-01,1.228662925639745e-05,6297,-4.910567246172328
2026-04-02,1.221929850790898e-05,6298,-4.912953725590104
2026-04-03,1.2473481339827292e-05,6299,-4.904012318320322
2026-04-04,1.2444834093644593e-05,6300,-4.90501088874562
2026-04-05,1.2231905915108978e-05,6301,-4.9125058680720395
2026-04-06,1.2464770316994507e-05,6302,-4.904315719645639
2026-04-07,1.2751202156933595e-05,6303,-4.894448868915432
2026-04-08,1.2430538947427656e-05,6304,-4.905510041364814
2026-04-09,1.259594622832068e-05,6305,-4.899769202020367
2026-04-10,1.2526731370291166e-05,6306,-4.90216223571238
2026-04-11,1.232250201974558e-05,6307,-4.909301101989283
2026-04-12,1.2318440889869462e-05,6308,-4.9094442561143445
2026-04-13,1.224920093470495e-05,6309,-4.911892241174319
2026-04-14,1.1976419484951909e-05,6310,-4.921673000840579
2026-04-15,1.2170925086572272e-05,6311,-4.914676410699699
2026-04-16,1.3308136594714008e-05,6312,-4.875882750181776
2026-04-17,1.278104820933067e-05,6313,-4.893433527017972
2026-04-18,1.245755658021641e-05,6314,-4.904567131656807
2026-04-19,1.22830549120026e-05,6315,-4.910693606612895
2026-04-20,1.2147622689275072e-05,6316,-4.9155087059298195
2026-04-21,1.2126890117665556e-05,6317,-4.916250557575343
2026-04-22,1.1873209169054442e-05,6318,-4.925431881210332
2026-04-23,1.1878823484335687e-05,6319,-4.925226571102578
2026-04-24,1.2150558460843178e-05,6320,-4.915403760675647
2026-04-25,1.2077873552111116e-05,6321,-4.918009521499341
2026-04-26,1.19894748884567e-05,6322,-4.921199837588363
2026-04-27,1.1914635249131238e-05,6323,-4.923919248467697
2026-04-28,1.20312561353909e-05,6324,-4.919689027341007
2026-04-29,1.2076361857424392e-05,6325,-4.918063882206727
2026-04-30,1.2094990116160075e-05,6326,-4.917394482200728
2026-05-01,1.1743562849358524e-05,6327,-4.930200123610303
2026-05-02,1.1839976607369316e-05,6328,-4.926649155662124
2026-05-03,1.1763698270736594e-05,6329,-4.929456123321262
2026-05-04,1.1701421769407863e-05,6330,-4.9317613665363575
2026-05-05,1.203399774246712e-05,6331,-4.919590074316373
2026-05-06,1.3631753081056354e-05,6332,-4.865448289105097
2026-05-07,1.3890098700061564e-05,6333,-4.857294668248
