Date,Close,AbsDays,LogClose
2017-11-29,0.00010997,3252,-3.9587257749457696
2017-11-30,0.00010997,3253,-3.9587257749457696
2017-12-01,0.00010997,3254,-3.9587257749457696
2017-12-02,0.00010997,3255,-3.9587257749457696
2017-12-03,0.00010997,3256,-3.9587257749457696
2017-12-04,0.00010997,3257,-3.9587257749457696
2017-12-05,0.00010997,3258,-3.9587257749457696
2017-12-06,0.00010997,3259,-3.9587257749457696
2017-12-07,0.00010997,3260,-3.9587257749457696
2017-12-08,0.00010997,3261,-3.9587257749457696
2017-12-09,0.00010997,3262,-3.9587257749457696
2017-12-10,0.00010997,3263,-3.9587257749457696
2017-12-11,0.00010997,3264,-3.9587257749457696
2017-12-12,0.00010997,3265,-3.9587257749457696
2017-12-13,0.00010997,3266,-3.9587257749457696
2017-12-14,0.00010997,3267,-3.9587257749457696
2017-12-15,0.00010997,3268,-3.9587257749457696
2017-12-16,0.00010997,3269,-3.9587257749457696
2017-12-17,0.00010997,3270,-3.9587257749457696
2017-12-18,0.00010997,3271,-3.9587257749457696
2017-12-19,0.00010997,3272,-3.9587257749457696
2017-12-20,0.00010997,3273,-3.9587257749457696
2017-12-21,0.00010997,3274,-3.9587257749457696
2017-12-22,0.00010997,3275,-3.9587257749457696
2017-12-23,0.00010997,3276,-3.9587257749457696
2017-12-24,0.00010997,3277,-3.9587257749457696
2017-12-25,0.00010997,3278,-3.9587257749457696
2017-12-26,0.00010997,3279,-3.9587257749457696
2017-12-27,0.00010997,3280,-3.9587257749457696
2017-12-28,0.00010997,3281,-3.9587257749457696
2017-12-29,0.00010997,3282,-3.9587257749457696
2017-12-30,0.00010997,3283,-3.9587257749457696
2017-12-31,0.00010997,3284,-3.9587257749457696
2018-01-01,0.00010997,3285,-3.9587257749457696
2018-01-02,0.00010997,3286,-3.9587257749457696
2018-01-03,0.00010997,3287,-3.9587257749457696
2018-01-04,0.00010997,3288,-3.9587257749457696
2018-01-05,0.00010997,3289,-3.9587257749457696
2018-01-06,0.00010997,3290,-3.9587257749457696
2018-01-07,0.00010997,3291,-3.9587257749457696
2018-01-08,0.00010997,3292,-3.9587257749457696
2018-01-09,0.00010997,3293,-3.9587257749457696
2018-01-10,0.00010997,3294,-3.9587257749457696
2018-01-11,0.03010997,3295,-1.5212896771953426
2018-01-12,0.03010997,3296,-1.5212896771953426
2018-01-13,0.03010997,3297,-1.5212896771953426
2018-01-14,0.03010997,3298,-1.5212896771953426
2018-01-15,0.03010997,3299,-1.5212896771953426
2018-01-16,0.03010997,3300,-1.5212896771953426
2018-01-17,0.03010997,3301,-1.5212896771953426
2018-01-18,0.03010997,3302,-1.5212896771953426
2018-01-19,0.03010997,3303,-1.5212896771953426
2018-01-20,0.03010997,3304,-1.5212896771953426
2018-01-21,0.03010997,3305,-1.5212896771953426
2018-01-22,0.03010997,3306,-1.5212896771953426
2018-01-23,0.03010997,3307,-1.5212896771953426
2018-01-24,0.03010997,3308,-1.5212896771953426
2018-01-25,0.03010997,3309,-1.5212896771953426
2018-01-26,0.03010997,3310,-1.5212896771953426
2018-01-27,0.03010997,3311,-1.5212896771953426
2018-01-28,0.03010997,3312,-1.5212896771953426
2018-01-29,0.06010997,3313,-1.2210534887813036
2018-01-30,0.06010997,3314,-1.2210534887813036
2018-01-31,0.06010997,3315,-1.2210534887813036
2018-02-01,0.06010997,3316,-1.2210534887813036
2018-02-02,0.06010997,3317,-1.2210534887813036
2018-02-03,0.06010997,3318,-1.2210534887813036
2018-02-04,0.06010997,3319,-1.2210534887813036
2018-02-05,0.06010997,3320,-1.2210534887813036
2018-02-06,0.06010997,3321,-1.2210534887813036
2018-02-07,0.06010997,3322,-1.2210534887813036
2018-02-08,0.06010997,3323,-1.2210534887813036
2018-02-09,0.06010997,3324,-1.2210534887813036
2018-02-10,0.06010997,3325,-1.2210534887813036
2018-02-11,0.06010997,3326,-1.2210534887813036
2018-02-12,0.06010997,3327,-1.2210534887813036
2018-02-13,0.06010997,3328,-1.2210534887813036
2018-02-14,0.06010997,3329,-1.2210534887813036
2018-02-15,0.06010997,3330,-1.2210534887813036
2018-02-16,0.06010997,3331,-1.2210534887813036
2018-02-17,0.06010997,3332,-1.2210534887813036
2018-02-18,0.06010997,3333,-1.2210534887813036
2018-02-19,0.06010997,3334,-1.2210534887813036
2018-02-20,0.06010997,3335,-1.2210534887813036
2018-02-21,0.06010997,3336,-1.2210534887813036
2018-02-22,0.06010997,3337,-1.2210534887813036
2018-02-23,0.06010997,3338,-1.2210534887813036
2018-02-24,0.06010997,3339,-1.2210534887813036
2018-02-25,0.06010997,3340,-1.2210534887813036
2018-02-26,0.06010997,3341,-1.2210534887813036
2018-02-27,0.06010997,3342,-1.2210534887813036
2018-02-28,0.06010997,3343,-1.2210534887813036
2018-03-01,0.06010997,3344,-1.2210534887813036
2018-03-02,0.06010997,3345,-1.2210534887813036
2018-03-03,0.06010997,3346,-1.2210534887813036
2018-03-04,0.06010997,3347,-1.2210534887813036
2018-03-05,0.06010997,3348,-1.2210534887813036
2018-03-06,0.06010997,3349,-1.2210534887813036
2018-03-07,0.06010997,3350,-1.2210534887813036
2018-03-08,0.06010997,3351,-1.2210534887813036
2018-03-09,0.06010997,3352,-1.2210534887813036
2018-03-10,0.06010997,3353,-1.2210534887813036
2018-03-11,0.06010997,3354,-1.2210534887813036
2018-03-12,0.06010997,3355,-1.2210534887813036
2018-03-13,0.06010997,3356,-1.2210534887813036
2018-03-14,0.06010997,3357,-1.2210534887813036
2018-03-15,0.06010997,3358,-1.2210534887813036
2018-03-16,0.06010997,3359,-1.2210534887813036
2018-03-17,0.06010997,3360,-1.2210534887813036
2018-03-18,0.06010997,3361,-1.2210534887813036
2018-03-19,0.06010997,3362,-1.2210534887813036
2018-03-20,0.06010997,3363,-1.2210534887813036
2018-03-21,0.06010997,3364,-1.2210534887813036
2018-03-22,0.06010997,3365,-1.2210534887813036
2018-03-23,0.06010997,3366,-1.2210534887813036
2018-03-24,0.06010997,3367,-1.2210534887813036
2018-03-25,0.06010997,3368,-1.2210534887813036
2018-03-26,0.06010997,3369,-1.2210534887813036
2018-03-27,0.06010997,3370,-1.2210534887813036
2018-03-28,0.06010997,3371,-1.2210534887813036
2018-03-29,0.06010997,3372,-1.2210534887813036
2018-03-30,0.06010997,3373,-1.2210534887813036
2018-03-31,0.06010997,3374,-1.2210534887813036
2018-04-01,0.06010997,3375,-1.2210534887813036
2018-04-02,0.06010997,3376,-1.2210534887813036
2018-04-03,0.06010997,3377,-1.2210534887813036
2018-04-04,0.06010997,3378,-1.2210534887813036
2018-04-05,0.06010997,3379,-1.2210534887813036
2018-04-06,0.06010997,3380,-1.2210534887813036
2018-04-07,0.06010997,3381,-1.2210534887813036
2018-04-08,0.06010997,3382,-1.2210534887813036
2018-04-09,0.06010997,3383,-1.2210534887813036
2018-04-10,0.06010997,3384,-1.2210534887813036
2018-04-11,0.06010997,3385,-1.2210534887813036
2018-04-12,0.06010997,3386,-1.2210534887813036
2018-04-13,0.06010997,3387,-1.2210534887813036
2018-04-14,0.06010997,3388,-1.2210534887813036
2018-04-15,0.06010997,3389,-1.2210534887813036
2018-04-16,0.06010997,3390,-1.2210534887813036
2018-04-17,0.06010997,3391,-1.2210534887813036
2018-04-18,0.06010997,3392,-1.2210534887813036
2018-04-19,0.06010997,3393,-1.2210534887813036
2018-04-20,0.06010997,3394,-1.2210534887813036
2018-04-21,0.06010997,3395,-1.2210534887813036
2018-04-22,0.06010997,3396,-1.2210534887813036
2018-04-23,0.06010997,3397,-1.2210534887813036
2018-04-24,0.06010997,3398,-1.2210534887813036
2018-04-25,0.06010997,3399,-1.2210534887813036
2018-04-26,0.06010997,3400,-1.2210534887813036
2018-04-27,0.06010997,3401,-1.2210534887813036
2018-04-28,0.06010997,3402,-1.2210534887813036
2018-04-29,0.06010997,3403,-1.2210534887813036
2018-04-30,0.06010997,3404,-1.2210534887813036
2018-05-01,0.06010997,3405,-1.2210534887813036
2018-05-02,0.06010997,3406,-1.2210534887813036
2018-05-03,0.06010997,3407,-1.2210534887813036
2018-05-04,0.06010997,3408,-1.2210534887813036
2018-05-05,0.06010997,3409,-1.2210534887813036
2018-05-06,0.06010997,3410,-1.2210534887813036
2018-05-07,0.06010997,3411,-1.2210534887813036
2018-05-08,0.06010997,3412,-1.2210534887813036
2018-05-09,0.06010997,3413,-1.2210534887813036
2018-05-10,0.06010997,3414,-1.2210534887813036
2018-05-11,0.06010997,3415,-1.2210534887813036
2018-05-12,0.06010997,3416,-1.2210534887813036
2018-05-13,0.06010997,3417,-1.2210534887813036
2018-05-14,0.06010997,3418,-1.2210534887813036
2018-05-15,0.06010997,3419,-1.2210534887813036
2018-05-16,0.06010997,3420,-1.2210534887813036
2018-05-17,0.06010997,3421,-1.2210534887813036
2018-05-18,0.06010997,3422,-1.2210534887813036
2018-05-19,0.06010997,3423,-1.2210534887813036
2018-05-20,0.06010997,3424,-1.2210534887813036
2018-05-21,0.06010997,3425,-1.2210534887813036
2018-05-22,0.06010997,3426,-1.2210534887813036
2018-05-23,0.06010997,3427,-1.2210534887813036
2018-05-24,0.06010997,3428,-1.2210534887813036
2018-05-25,0.06010997,3429,-1.2210534887813036
2018-05-26,0.06010997,3430,-1.2210534887813036
2018-05-27,0.06010997,3431,-1.2210534887813036
2018-05-28,0.06010997,3432,-1.2210534887813036
2018-05-29,0.06010997,3433,-1.2210534887813036
2018-05-30,0.06010997,3434,-1.2210534887813036
2018-05-31,0.06010997,3435,-1.2210534887813036
2018-06-01,0.06010997,3436,-1.2210534887813036
2018-06-02,0.06010997,3437,-1.2210534887813036
2018-06-03,0.06010997,3438,-1.2210534887813036
2018-06-04,0.06010997,3439,-1.2210534887813036
2018-06-05,0.06010997,3440,-1.2210534887813036
2018-06-06,0.06010997,3441,-1.2210534887813036
2018-06-07,0.06010997,3442,-1.2210534887813036
2018-06-08,0.06010997,3443,-1.2210534887813036
2018-06-09,0.06010997,3444,-1.2210534887813036
2018-06-10,0.060109502,3445,-1.2210568700940667
2018-06-11,0.060109502,3446,-1.2210568700940667
2018-06-12,0.060109502,3447,-1.2210568700940667
2018-06-13,0.060109502,3448,-1.2210568700940667
2018-06-14,0.060109502,3449,-1.2210568700940667
2018-06-15,0.060109502,3450,-1.2210568700940667
2018-06-16,0.060109502,3451,-1.2210568700940667
2018-06-17,0.060109502,3452,-1.2210568700940667
2018-06-18,0.060109502,3453,-1.2210568700940667
2018-06-19,0.060109502,3454,-1.2210568700940667
2018-06-20,0.060109502,3455,-1.2210568700940667
2018-06-21,0.060109502,3456,-1.2210568700940667
2018-06-22,0.060109502,3457,-1.2210568700940667
2018-06-23,0.060109502,3458,-1.2210568700940667
2018-06-24,0.060109502,3459,-1.2210568700940667
2018-06-25,0.060109502,3460,-1.2210568700940667
2018-06-26,0.060109502,3461,-1.2210568700940667
2018-06-27,0.060109502,3462,-1.2210568700940667
2018-06-28,0.060109502,3463,-1.2210568700940667
2018-06-29,0.060109502,3464,-1.2210568700940667
2018-06-30,0.060109502,3465,-1.2210568700940667
2018-07-01,0.060109502,3466,-1.2210568700940667
2018-07-02,0.060109502,3467,-1.2210568700940667
2018-07-03,0.060109502,3468,-1.2210568700940667
2018-07-04,0.060109502,3469,-1.2210568700940667
2018-07-05,0.060109502,3470,-1.2210568700940667
2018-07-06,0.060109502,3471,-1.2210568700940667
2018-07-07,0.060109502,3472,-1.2210568700940667
2018-07-08,0.060109502,3473,-1.2210568700940667
2018-07-09,0.060109502,3474,-1.2210568700940667
2018-07-10,0.060109502,3475,-1.2210568700940667
2018-07-11,0.060109502,3476,-1.2210568700940667
2018-07-12,0.060109502,3477,-1.2210568700940667
2018-07-13,0.060109502,3478,-1.2210568700940667
2018-07-14,0.060109502,3479,-1.2210568700940667
2018-07-15,0.060109502,3480,-1.2210568700940667
2018-07-16,0.060109502,3481,-1.2210568700940667
2018-07-17,0.060109502,3482,-1.2210568700940667
2018-07-18,0.060109502,3483,-1.2210568700940667
2018-07-19,0.060109502,3484,-1.2210568700940667
2018-07-20,0.060109502,3485,-1.2210568700940667
2018-07-21,0.060109502,3486,-1.2210568700940667
2018-07-22,0.060109502,3487,-1.2210568700940667
2018-07-23,0.060109502,3488,-1.2210568700940667
2018-07-24,0.060109502,3489,-1.2210568700940667
2018-07-25,0.060109502,3490,-1.2210568700940667
2018-07-26,0.060109502,3491,-1.2210568700940667
2018-07-27,0.060109502,3492,-1.2210568700940667
2018-07-28,0.060109502,3493,-1.2210568700940667
2018-07-29,0.030109502,3494,-1.521296427497555
2018-07-30,0.030109502,3495,-1.521296427497555
2018-07-31,0.015109502,3496,-1.8207498495071794
2018-08-01,0.015109502,3497,-1.8207498495071794
2018-08-02,0.015109502,3498,-1.8207498495071794
2018-08-03,0.015109502,3499,-1.8207498495071794
2018-08-04,0.015109502,3500,-1.8207498495071794
2018-08-05,0.015109502,3501,-1.8207498495071794
2018-08-06,0.015109502,3502,-1.8207498495071794
2018-08-07,0.015109502,3503,-1.8207498495071794
2018-08-08,0.015109502,3504,-1.8207498495071794
2018-08-09,0.015109502,3505,-1.8207498495071794
2018-08-10,0.015109502,3506,-1.8207498495071794
2018-08-11,0.015109502,3507,-1.8207498495071794
2018-08-12,0.015109502,3508,-1.8207498495071794
2018-08-13,0.015109502,3509,-1.8207498495071794
2018-08-14,0.015109502,3510,-1.8207498495071794
2018-08-15,0.015109502,3511,-1.8207498495071794
2018-08-16,0.015109502,3512,-1.8207498495071794
2018-08-17,0.015109502,3513,-1.8207498495071794
2018-08-18,0.015109502,3514,-1.8207498495071794
2018-08-19,0.015109502,3515,-1.8207498495071794
2018-08-20,0.015109502,3516,-1.8207498495071794
2018-08-21,0.015109502,3517,-1.8207498495071794
2018-08-22,0.015109502,3518,-1.8207498495071794
2018-08-23,0.015109502,3519,-1.8207498495071794
2018-08-24,0.015109502,3520,-1.8207498495071794
2018-08-25,0.015109502,3521,-1.8207498495071794
2018-08-26,0.015109502,3522,-1.8207498495071794
2018-08-27,0.015109502,3523,-1.8207498495071794
2018-08-28,0.015109502,3524,-1.8207498495071794
2018-08-29,0.015109502,3525,-1.8207498495071794
2018-08-30,0.015109502,3526,-1.8207498495071794
2018-08-31,0.015109502,3527,-1.8207498495071794
2018-09-01,0.015109502,3528,-1.8207498495071794
2018-09-02,0.015109502,3529,-1.8207498495071794
2018-09-03,0.015109502,3530,-1.8207498495071794
2018-09-04,0.015109502,3531,-1.8207498495071794
2018-09-05,0.015109502,3532,-1.8207498495071794
2018-09-06,0.025109502,3533,-1.60016190062028
2018-09-07,0.025109502,3534,-1.60016190062028
2018-09-08,0.025109502,3535,-1.60016190062028
2018-09-09,0.025109502,3536,-1.60016190062028
2018-09-10,0.025109502,3537,-1.60016190062028
2018-09-11,0.025109502,3538,-1.60016190062028
2018-09-12,0.025109502,3539,-1.60016190062028
2018-09-13,0.025109502,3540,-1.60016190062028
2018-09-14,0.025109502,3541,-1.60016190062028
2018-09-15,0.025109502,3542,-1.60016190062028
2018-09-16,0.025109502,3543,-1.60016190062028
2018-09-17,0.025109502,3544,-1.60016190062028
2018-09-18,0.025109502,3545,-1.60016190062028
2018-09-19,0.025109502,3546,-1.60016190062028
2018-09-20,0.025109502,3547,-1.60016190062028
2018-09-21,0.025109502,3548,-1.60016190062028
2018-09-22,0.025109502,3549,-1.60016190062028
2018-09-23,0.025109502,3550,-1.60016190062028
2018-09-24,0.025109502,3551,-1.60016190062028
2018-09-25,0.025109502,3552,-1.60016190062028
2018-09-26,0.025109502,3553,-1.60016190062028
2018-09-27,0.025109502,3554,-1.60016190062028
2018-09-28,0.025109502,3555,-1.60016190062028
2018-09-29,0.025109502,3556,-1.60016190062028
2018-09-30,0.025109502,3557,-1.60016190062028
2018-10-01,0.025109502,3558,-1.60016190062028
2018-10-02,0.025109502,3559,-1.60016190062028
2018-10-03,0.025109502,3560,-1.60016190062028
2018-10-04,0.035109502,3561,-1.4545753306082987
2018-10-05,0.035109502,3562,-1.4545753306082987
2018-10-06,0.035109502,3563,-1.4545753306082987
2018-10-07,0.035109502,3564,-1.4545753306082987
2018-10-08,0.035109502,3565,-1.4545753306082987
2018-10-09,0.035109502,3566,-1.4545753306082987
2018-10-10,0.035109502,3567,-1.4545753306082987
2018-10-11,0.035109502,3568,-1.4545753306082987
2018-10-12,0.035109502,3569,-1.4545753306082987
2018-10-13,0.035109502,3570,-1.4545753306082987
2018-10-14,0.035109502,3571,-1.4545753306082987
2018-10-15,0.035109502,3572,-1.4545753306082987
2018-10-16,0.035109502,3573,-1.4545753306082987
2018-10-17,0.035109502,3574,-1.4545753306082987
2018-10-18,0.035109502,3575,-1.4545753306082987
2018-10-19,0.035109502,3576,-1.4545753306082987
2018-10-20,0.035109502,3577,-1.4545753306082987
2018-10-21,0.035109502,3578,-1.4545753306082987
2018-10-22,0.035109502,3579,-1.4545753306082987
2018-10-23,0.035109502,3580,-1.4545753306082987
2018-10-24,0.035109502,3581,-1.4545753306082987
2018-10-25,0.035109502,3582,-1.4545753306082987
2018-10-26,0.035109502,3583,-1.4545753306082987
2018-10-27,0.035109502,3584,-1.4545753306082987
2018-10-28,0.035109502,3585,-1.4545753306082987
2018-10-29,0.035109502,3586,-1.4545753306082987
2018-10-30,0.035109502,3587,-1.4545753306082987
2018-10-31,0.035109502,3588,-1.4545753306082987
2018-11-01,0.035109502,3589,-1.4545753306082987
2018-11-02,0.025109502,3590,-1.60016190062028
2018-11-03,0.025109502,3591,-1.60016190062028
2018-11-04,0.025109502,3592,-1.60016190062028
2018-11-05,0.025109502,3593,-1.60016190062028
2018-11-06,0.025109502,3594,-1.60016190062028
2018-11-07,0.025109502,3595,-1.60016190062028
2018-11-08,0.025109502,3596,-1.60016190062028
2018-11-09,0.025109502,3597,-1.60016190062028
2018-11-10,0.025109502,3598,-1.60016190062028
2018-11-11,0.025109502,3599,-1.60016190062028
2018-11-12,0.025109502,3600,-1.60016190062028
2018-11-13,0.025109502,3601,-1.60016190062028
2018-11-14,0.025109502,3602,-1.60016190062028
2018-11-15,0.025109502,3603,-1.60016190062028
2018-11-16,0.025109502,3604,-1.60016190062028
2018-11-17,0.025109502,3605,-1.60016190062028
2018-11-18,0.025109502,3606,-1.60016190062028
2018-11-19,0.025109502,3607,-1.60016190062028
2018-11-20,0.025109502,3608,-1.60016190062028
2018-11-21,0.025109502,3609,-1.60016190062028
2018-11-22,0.025109502,3610,-1.60016190062028
2018-11-23,0.025109502,3611,-1.60016190062028
2018-11-24,0.025109502,3612,-1.60016190062028
2018-11-25,0.025109502,3613,-1.60016190062028
2018-11-26,0.025109502,3614,-1.60016190062028
2018-11-27,0.025109502,3615,-1.60016190062028
2018-11-28,0.025109502,3616,-1.60016190062028
2018-11-29,0.025109502,3617,-1.60016190062028
2018-11-30,0.025109502,3618,-1.60016190062028
2018-12-01,0.025109502,3619,-1.60016190062028
2018-12-02,0.025109502,3620,-1.60016190062028
2018-12-03,0.025109502,3621,-1.60016190062028
2018-12-04,0.025109502,3622,-1.60016190062028
2018-12-05,0.025109502,3623,-1.60016190062028
2018-12-06,0.025109502,3624,-1.60016190062028
2018-12-07,0.025109502,3625,-1.60016190062028
2018-12-08,0.025109502,3626,-1.60016190062028
2018-12-09,0.025109502,3627,-1.60016190062028
2018-12-10,0.025109502,3628,-1.60016190062028
2018-12-11,0.025109502,3629,-1.60016190062028
2018-12-12,0.025109502,3630,-1.60016190062028
2018-12-13,0.025109502,3631,-1.60016190062028
2018-12-14,0.025109502,3632,-1.60016190062028
2018-12-15,0.025109502,3633,-1.60016190062028
2018-12-16,0.025109502,3634,-1.60016190062028
2018-12-17,0.025109502,3635,-1.60016190062028
2018-12-18,0.025109502,3636,-1.60016190062028
2018-12-19,0.025109502,3637,-1.60016190062028
2018-12-20,0.025109502,3638,-1.60016190062028
2018-12-21,0.025109502,3639,-1.60016190062028
2018-12-22,0.025109502,3640,-1.60016190062028
2018-12-23,0.025109502,3641,-1.60016190062028
2018-12-24,0.025109502,3642,-1.60016190062028
2018-12-25,0.025109502,3643,-1.60016190062028
2018-12-26,0.025109502,3644,-1.60016190062028
2018-12-27,0.025109502,3645,-1.60016190062028
2018-12-28,0.025109502,3646,-1.60016190062028
2018-12-29,0.025104324,3647,-1.6002514686542022
2018-12-30,0.025104324,3648,-1.6002514686542022
2018-12-31,0.025104324,3649,-1.6002514686542022
2019-01-01,0.025104324,3650,-1.6002514686542022
2019-01-02,0.025104324,3651,-1.6002514686542022
2019-01-03,0.025104324,3652,-1.6002514686542022
2019-01-04,0.025104324,3653,-1.6002514686542022
2019-01-05,0.025104324,3654,-1.6002514686542022
2019-01-06,0.025104324,3655,-1.6002514686542022
2019-01-07,0.025104324,3656,-1.6002514686542022
2019-01-08,0.025104324,3657,-1.6002514686542022
2019-01-09,0.025104324,3658,-1.6002514686542022
2019-01-10,0.025104324,3659,-1.6002514686542022
2019-01-11,0.025104324,3660,-1.6002514686542022
2019-01-12,0.025104324,3661,-1.6002514686542022
2019-01-13,0.025104324,3662,-1.6002514686542022
2019-01-14,0.025104324,3663,-1.6002514686542022
2019-01-15,0.025104324,3664,-1.6002514686542022
2019-01-16,0.025104324,3665,-1.6002514686542022
2019-01-17,0.025104324,3666,-1.6002514686542022
2019-01-18,0.025104324,3667,-1.6002514686542022
2019-01-19,0.025104324,3668,-1.6002514686542022
2019-01-20,0.025104324,3669,-1.6002514686542022
2019-01-21,0.025104324,3670,-1.6002514686542022
2019-01-22,0.025099574,3671,-1.6003336494759064
2019-01-23,0.025099574,3672,-1.6003336494759064
2019-01-24,0.025099574,3673,-1.6003336494759064
2019-01-25,0.025099574,3674,-1.6003336494759064
2019-01-26,0.025099574,3675,-1.6003336494759064
2019-01-27,0.025099574,3676,-1.6003336494759064
2019-01-28,0.025099574,3677,-1.6003336494759064
2019-01-29,0.025099574,3678,-1.6003336494759064
2019-01-30,0.025099574,3679,-1.6003336494759064
2019-01-31,0.025104324,3680,-1.6002514686542022
2019-02-01,0.025104324,3681,-1.6002514686542022
2019-02-02,0.025104324,3682,-1.6002514686542022
2019-02-03,0.025104324,3683,-1.6002514686542022
2019-02-04,0.025104324,3684,-1.6002514686542022
2019-02-05,0.025104324,3685,-1.6002514686542022
2019-02-06,0.025104324,3686,-1.6002514686542022
2019-02-07,0.025104324,3687,-1.6002514686542022
2019-02-08,0.025104324,3688,-1.6002514686542022
2019-02-09,0.025104324,3689,-1.6002514686542022
2019-02-10,0.025104324,3690,-1.6002514686542022
2019-02-11,0.025104324,3691,-1.6002514686542022
2019-02-12,0.025104324,3692,-1.6002514686542022
2019-02-13,0.025104324,3693,-1.6002514686542022
2019-02-14,0.025104324,3694,-1.6002514686542022
2019-02-15,0.025104324,3695,-1.6002514686542022
2019-02-16,0.025104324,3696,-1.6002514686542022
2019-02-17,0.025104324,3697,-1.6002514686542022
2019-02-18,0.025104324,3698,-1.6002514686542022
2019-02-19,0.025104324,3699,-1.6002514686542022
2019-02-20,0.025104324,3700,-1.6002514686542022
2019-02-21,0.025104324,3701,-1.6002514686542022
2019-02-22,0.025104324,3702,-1.6002514686542022
2019-02-23,0.055104324,3703,-1.2588143210092049
2019-02-24,0.055104324,3704,-1.2588143210092049
2019-02-25,0.055104324,3705,-1.2588143210092049
2019-02-26,0.055104324,3706,-1.2588143210092049
2019-02-27,0.055104324,3707,-1.2588143210092049
2019-02-28,0.055104324,3708,-1.2588143210092049
2019-03-01,0.055104324,3709,-1.2588143210092049
2019-03-02,0.055104324,3710,-1.2588143210092049
2019-03-03,0.057103124,3711,-1.2433401317042638
2019-03-04,0.056303124,3712,-1.2494675074875299
2019-03-05,0.056303124,3713,-1.2494675074875299
2019-03-06,0.056303124,3714,-1.2494675074875299
2019-03-07,0.056303124,3715,-1.2494675074875299
2019-03-08,0.056303124,3716,-1.2494675074875299
2019-03-09,0.056303124,3717,-1.2494675074875299
2019-03-10,0.056303124,3718,-1.2494675074875299
2019-03-11,0.056303124,3719,-1.2494675074875299
2019-03-12,0.058401024,3720,-1.2335795379278296
2019-03-13,0.058401024,3721,-1.2335795379278296
2019-03-14,0.058401024,3722,-1.2335795379278296
2019-03-15,0.058401024,3723,-1.2335795379278296
2019-03-16,0.058401024,3724,-1.2335795379278296
2019-03-17,0.058401024,3725,-1.2335795379278296
2019-03-18,0.058401024,3726,-1.2335795379278296
2019-03-19,0.058401024,3727,-1.2335795379278296
2019-03-20,0.058401024,3728,-1.2335795379278296
2019-03-21,0.058401024,3729,-1.2335795379278296
2019-03-22,0.058401024,3730,-1.2335795379278296
2019-03-23,0.058401024,3731,-1.2335795379278296
2019-03-24,0.058401024,3732,-1.2335795379278296
2019-03-25,0.058401024,3733,-1.2335795379278296
2019-03-26,0.058401024,3734,-1.2335795379278296
2019-03-27,0.058401024,3735,-1.2335795379278296
2019-03-28,0.058401024,3736,-1.2335795379278296
2019-03-29,0.058401024,3737,-1.2335795379278296
2019-03-30,0.058401024,3738,-1.2335795379278296
2019-03-31,0.058401024,3739,-1.2335795379278296
2019-04-01,0.060001024,3740,-1.2218413377204465
2019-04-02,0.060001024,3741,-1.2218413377204465
2019-04-03,0.060001024,3742,-1.2218413377204465
2019-04-04,0.060001024,3743,-1.2218413377204465
2019-04-05,0.060001024,3744,-1.2218413377204465
2019-04-06,0.060001024,3745,-1.2218413377204465
2019-04-07,0.060001024,3746,-1.2218413377204465
2019-04-08,0.060001024,3747,-1.2218413377204465
2019-04-09,0.080001024,3748,-1.0969044540742652
2019-04-10,0.087501024,3749,-1.0579868645211468
2019-04-11,0.129491024,3750,-0.8877603347670862
2019-04-12,0.139481024,3751,-0.8554848729112243
2019-04-13,0.159970524,3752,-0.7959600326156369
2019-04-14,0.154970524,3753,-0.8097508984845256
2019-04-15,0.154970524,3754,-0.8097508984845256
2019-04-16,0.175661832,3755,-0.7553225922468638
2019-04-17,0.183264222,3756,-0.7369223124769895
2019-04-18,0.238598883,3757,-0.6223315938093139
2019-04-19,0.244592883,3758,-0.611556183926043
2019-04-20,0.252449298,3759,-0.597825832633974
2019-04-21,0.246449298,3760,-0.6082724145762504
2019-04-22,0.261435298,3761,-0.5826357760068328
2019-04-23,0.261435298,3762,-0.5826357760068328
2019-04-24,0.326320298,3763,-0.4863559110873319
2019-04-25,0.371875442,3764,-0.4296025007376692
2019-04-26,0.42524139,3765,-0.3713644709272549
2019-04-27,0.405833283,3766,-0.3916523386962109
2019-04-28,0.411334283,3767,-0.38580509234533206
2019-04-29,0.411334283,3768,-0.38580509234533206
2019-04-30,0.411334283,3769,-0.38580509234533206
2019-05-01,0.411334283,3770,-0.38580509234533206
2019-05-02,0.411334283,3771,-0.38580509234533206
2019-05-03,0.411334283,3772,-0.38580509234533206
2019-05-04,0.411334283,3773,-0.38580509234533206
2019-05-05,0.411334283,3774,-0.38580509234533206
2019-05-06,0.411334283,3775,-0.38580509234533206
2019-05-07,0.411334283,3776,-0.38580509234533206
2019-05-08,0.411334283,3777,-0.38580509234533206
2019-05-09,0.411334283,3778,-0.38580509234533206
2019-05-10,0.337334283,3779,-0.4719395195842247
2019-05-11,0.337334283,3780,-0.4719395195842247
2019-05-12,0.337334283,3781,-0.4719395195842247
2019-05-13,0.337334283,3782,-0.4719395195842247
2019-05-14,0.349022583,3783,-0.4571464717371457
2019-05-15,0.33024845,3784,-0.4811592120420548
2019-05-16,0.338908136,3785,-0.4699180051446462
2019-05-17,0.347219683,3786,-0.4593956637490182
2019-05-18,0.347950127,3787,-0.4584830006536935
2019-05-19,0.347950127,3788,-0.4584830006536935
2019-05-20,0.347950127,3789,-0.4584830006536935
2019-05-21,0.373035306,3790,-0.4282500623592795
2019-05-22,0.402752547,3791,-0.39496170442942025
2019-05-23,0.420044813,3792,-0.3767043738868262
2019-05-24,0.436808682,3793,-0.35970873818972027
2019-05-25,0.477584689,3794,-0.32094960480456663
2019-05-26,0.495566689,3795,-0.30489789371988435
2019-05-27,0.504557689,3796,-0.2970891711871763
2019-05-28,0.525811414,3797,-0.27916999072221244
2019-05-29,0.53689609,3798,-0.27010975881867216
2019-05-30,0.558438226,3799,-0.25302486120749923
2019-05-31,0.561632728,3800,-0.2505475925170301
2019-06-01,0.571990895,3801,-0.24261088428867092
2019-06-02,0.573436398,3802,-0.24151474433535777
2019-06-03,0.573436398,3803,-0.24151474433535777
2019-06-04,0.584510088,3804,-0.23320798899328526
2019-06-05,0.593794344,3805,-0.22636394345484162
2019-06-06,0.616674017,3806,-0.20994434979202875
2019-06-07,0.636096765,3807,-0.19647681311112913
2019-06-08,0.642041115,3808,-0.19243715971015007
2019-06-09,0.642041115,3809,-0.19243715971015007
2019-06-10,0.644039115,3810,-0.1910877554464101
2019-06-11,0.686777623,3811,-0.16318386372361682
2019-06-12,0.72478615,3812,-0.13979011422203302
2019-06-13,0.761382912,3813,-0.11839687444493081
2019-06-14,0.788340289,3814,-0.10328627777142443
2019-06-15,0.80627878,3815,-0.09351477000366915
2019-06-16,0.81427078,3816,-0.08923114952798995
2019-06-17,0.83824678,3817,-0.07662810617342526
2019-06-18,0.883264598,3818,-0.053909176108280984
2019-06-19,0.889859498,3819,-0.050678559714950666
2019-06-20,0.893742612,3820,-0.04878753521144348
2019-06-21,0.910779962,3821,-0.04058653283133269
2019-06-22,0.930137992,3822,-0.03145261626489609
2019-06-23,0.933134992,3823,-0.030055524485107427
2019-06-24,0.946134992,3824,-0.02404689520689435
2019-06-25,0.950584992,3825,-0.022009046703407278
2019-06-26,0.971344952,3826,-0.012626512475146729
2019-06-27,0.973855234,3827,-0.011505597277140569
2019-06-28,0.976971719,3828,-0.010118007888199667
2019-06-29,0.991686771,3829,-0.003625480171875393
2019-06-30,1.018686771,3830,0.0080406663046093
2019-07-01,1.018686771,3831,0.0080406663046093
2019-07-02,1.052886571,3832,0.02238158653002231
2019-07-03,1.064700516,3833,0.027227464545228734
2019-07-04,1.117763714,3834,0.048350006992753575
2019-07-05,1.154798664,3835,0.06250627276863835
2019-07-06,1.198996258,3836,0.07881782769227047
2019-07-07,1.214489258,3837,0.08439367787976107
2019-07-08,1.224479258,3838,0.08795143281521256
2019-07-09,1.292220107,3839,0.11133649439739361
2019-07-10,1.338682761,3840,0.12667767076053232
2019-07-11,1.339976483,3841,0.12709717642976756
2019-07-12,1.369959131,3842,0.1367076113564597
2019-07-13,1.445671546,3843,0.16006963323308793
2019-07-14,1.445671546,3844,0.16006963323308793
2019-07-15,1.450671546,3845,0.16156909272228429
2019-07-16,1.47054124,3846,0.16747720841010086
2019-07-17,1.482675948,3847,0.17104624248241987
2019-07-18,1.496459979,3848,0.1750651066544102
2019-07-19,1.520965719,3849,0.1821194256132131
2019-07-20,1.536673681,3850,0.18658165306432947
2019-07-21,1.537823681,3851,0.18690654433511336
2019-07-22,1.537823681,3852,0.18690654433511336
2019-07-23,1.539545357,3853,0.18739248830556585
2019-07-24,1.535328857,3854,0.18620141270162427
2019-07-25,1.534625357,3855,0.18600236988074198
2019-07-26,1.535399357,3856,0.18622135439548043
2019-07-27,1.525400257,3857,0.18338381522279643
2019-07-28,1.528397257,3858,0.18423624959290036
2019-07-29,1.528397257,3859,0.18423624959290036
2019-07-30,1.528397257,3860,0.18423624959290036
2019-07-31,1.531149115,3861,0.18501748767289428
2019-08-01,1.531097715,3862,0.1850029083541057
2019-08-02,1.531097715,3863,0.1850029083541057
2019-08-03,1.531097715,3864,0.1850029083541057
2019-08-04,1.531097715,3865,0.1850029083541057
2019-08-05,1.537092715,3866,0.1867000642456698
2019-08-06,1.624766711,3867,0.21079101245416637
2019-08-07,1.624766711,3868,0.21079101245416637
2019-08-08,1.633616711,3869,0.21315016735912226
2019-08-09,1.632797211,3870,0.21293224988516712
2019-08-10,1.633299804,3871,0.21306590994931318
2019-08-11,1.633299804,3872,0.21306590994931318
2019-08-12,1.633299804,3873,0.21306590994931318
2019-08-13,1.632630804,3874,0.21288798638183423
2019-08-14,1.632630804,3875,0.21288798638183423
2019-08-15,1.632630804,3876,0.21288798638183423
2019-08-16,1.633234309,3877,0.2130484944770652
2019-08-17,1.633683189,3878,0.21316784007326278
2019-08-18,1.633683189,3879,0.21316784007326278
2019-08-19,1.633683189,3880,0.21316784007326278
2019-08-20,1.633982869,3881,0.21324749899090706
2019-08-21,1.633982869,3882,0.21324749899090706
2019-08-22,1.633982869,3883,0.21324749899090706
2019-08-23,1.634184859,3884,0.21330118236937004
2019-08-24,1.639182859,3885,0.21462740398230612
2019-08-25,1.639182859,3886,0.21462740398230612
2019-08-26,1.641180859,3887,0.2151564431723099
2019-08-27,1.646180859,3888,0.21647754761427093
2019-08-28,1.645520859,3889,0.21630339188179382
2019-08-29,1.651549974,3890,0.21789171947706962
2019-08-30,1.654134367,3891,0.21857078482745546
2019-08-31,1.654491284,3892,0.21866448360184043
2019-09-01,1.653734684,3893,0.21846583501258732
2019-09-02,1.652534684,3894,0.21815058338414353
2019-09-03,1.662532684,3895,0.2207701919248083
2019-09-04,1.673481641,3896,0.22362095227423914
2019-09-05,1.681261556,3897,0.22563528244077913
2019-09-06,1.686256556,3898,0.22692365117756688
2019-09-07,1.715060524,3899,0.23427945077844992
2019-09-08,1.717058524,3900,0.23478509784997015
2019-09-09,1.717058524,3901,0.23478509784997015
2019-09-10,1.722058524,3902,0.2360479068263251
2019-09-11,1.734058534,3903,0.23906375321178888
2019-09-12,1.733435434,3904,0.23890766994411253
2019-09-13,2.037709444,3905,0.3091422582457175
2019-09-14,2.050911932,3906,0.31194701177372447
2019-09-15,2.053409432,3907,0.31247555255122855
2019-09-16,2.053409432,3908,0.31247555255122855
2019-09-17,2.053409432,3909,0.31247555255122855
2019-09-18,2.053409432,3910,0.31247555255122855
2019-09-19,2.051764232,3911,0.3121274545761562
2019-09-20,2.056759232,3912,0.31318345536326114
2019-09-21,2.056759232,3913,0.31318345536326114
2019-09-22,2.056759232,3914,0.31318345536326114
2019-09-23,2.057183687,3915,0.3132730718059779
2019-09-24,2.057183687,3916,0.3132730718059779
2019-09-25,2.067411602,3917,0.3154269491390451
2019-09-26,2.062166022,3918,0.31432362677483294
2019-09-27,2.061376256,3919,0.31415726930988414
2019-09-28,2.064248043,3920,0.3147618815374403
2019-09-29,2.066246043,3921,0.31518203487718793
2019-09-30,2.072246043,3922,0.3164413190140115
2019-10-01,2.084501879,3923,0.3190022909417902
2019-10-02,2.102686979,3924,0.3227746253200527
2019-10-03,2.104686979,3925,0.3231875142326619
2019-10-04,2.117286979,3926,0.32577972667755023
2019-10-05,2.121869473,3927,0.3267186647211364
2019-10-06,2.123369473,3928,0.3270255693539505
2019-10-07,2.144757073,3929,0.3313781087210972
2019-10-08,2.156749073,3930,0.3337996200443002
2019-10-09,2.160048773,3931,0.33446355744983164
2019-10-10,2.165548773,3932,0.33556796945871853
2019-10-11,2.195736273,3933,0.34158017637054583
2019-10-12,2.190897439,3934,0.340622047702699
2019-10-13,2.190897439,3935,0.340622047702699
2019-10-14,2.193397439,3936,0.3411173320540692
2019-10-15,2.191397439,3937,0.3407211497704234
2019-10-16,2.192945868,3938,0.3410279114225981
2019-10-17,2.193065704,3939,0.3410516432859058
2019-10-18,2.213765704,3940,0.3451316550050666
2019-10-19,2.223765704,3941,0.3470890280448593
2019-10-20,2.231765704,3942,0.3486485994049212
2019-10-21,2.261760704,3943,0.3544466543339917
2019-10-22,2.268658799,3944,0.3557691839175259
2019-10-23,2.282400049,3945,0.3583917679727272
2019-10-24,2.368400049,3946,0.37445506139511264
2019-10-25,2.454464536,3947,0.38995676145899916
2019-10-26,2.393704682,3948,0.3790705692579157
2019-10-27,2.398873682,3949,0.3800073798333137
2019-10-28,2.399859682,3950,0.38018584958051627
2019-10-29,2.400634371,3951,0.38032601980345465
2019-10-30,2.734740577,3952,0.43691613457399414
2019-10-31,2.75095748,3953,0.4394838777964154
2019-11-01,2.72917428,3954,0.4360312697943305
2019-11-02,2.741469913,3955,0.4379834839638811
2019-11-03,2.741519963,3956,0.43799141264487873
2019-11-04,2.744019963,3957,0.4383872665788851
2019-11-05,2.746903803,3958,0.4388434506263136
2019-11-06,2.751005283,3959,0.4394914244047853
2019-11-07,2.752040283,3960,0.43965478659711277
2019-11-08,2.753605283,3961,0.43990168621109504
2019-11-09,2.75493547,3962,0.44011143064655683
2019-11-10,2.75493547,3963,0.44011143064655683
2019-11-11,2.75493547,3964,0.44011143064655683
2019-11-12,2.75493547,3965,0.44011143064655683
2019-11-13,2.75511047,3966,0.44013901718038473
2019-11-14,2.755293287,3967,0.4401678340939281
2019-11-15,2.755349391,3968,0.44017667722132264
2019-11-16,2.755489251,3969,0.4401987212078002
2019-11-17,2.755489251,3970,0.4401987212078002
2019-11-18,2.755660251,3971,0.4402256717945706
2019-11-19,2.756133451,3972,0.440300242128822
2019-11-20,2.757133451,3973,0.4404577873717372
2019-11-21,2.759241451,3974,0.44078970564367415
2019-11-22,2.776725451,3975,0.44353294096372187
2019-11-23,2.807725451,3976,0.4483546387337182
2019-11-24,2.777725451,3977,0.4436893180725515
2019-11-25,2.782720451,3978,0.44446957978495827
2019-11-26,2.812051781,3979,0.44902331350124214
2019-11-27,2.812051781,3980,0.44902331350124214
2019-11-28,2.82327579,3981,0.45075330401477065
2019-11-29,2.82817374,3982,0.4515060854663004
2019-11-30,2.830165744,3983,0.4518118700107999
2019-12-01,2.830160744,3984,0.45181110275031977
2019-12-02,2.830160744,3985,0.45181110275031977
2019-12-03,2.833479062,3986,0.45232000776930614
2019-12-04,2.833497719,3987,0.45232286736533484
2019-12-05,2.844272906,3988,0.4539712643093692
2019-12-06,2.844274165,3989,0.4539714565471219
2019-12-07,2.848768166,3990,0.4546571076025272
2019-12-08,2.858118166,3991,0.45608018029150543
2019-12-09,2.858218166,3992,0.4560953751455771
2019-12-10,2.87196625,3993,0.4581793319752462
2019-12-11,3.125666807,3994,0.4949426807869172
2019-12-12,3.110477709,3995,0.49282709335173625
2019-12-13,3.116658957,3996,0.49368928184167926
2019-12-14,3.116814753,3997,0.49371099087464054
2019-12-15,3.116814753,3998,0.49371099087464054
2019-12-16,3.116814753,3999,0.49371099087464054
2019-12-17,3.12903122,4000,0.4954098963536346
2019-12-18,3.136392239,4001,0.4964303705241936
2019-12-19,3.152192758,4002,0.49861276693177037
2019-12-20,3.165249152,4003,0.5004079011084961
2019-12-21,3.178808322,4004,0.5022643413128776
2019-12-22,3.172108322,4005,0.5013480093024483
2019-12-23,3.172108322,4006,0.5013480093024483
2019-12-24,3.186217122,4007,0.5032753670939907
2019-12-25,3.190033772,4008,0.5037952808363676
2019-12-26,3.193097639,4009,0.5042121986617727
2019-12-27,3.193097639,4010,0.5042121986617727
2019-12-28,3.198303878,4011,0.504919724660019
2019-12-29,3.193874144,4012,0.5043177985766587
2019-12-30,3.195270588,4013,0.50450764180563
2019-12-31,3.198834653,4014,0.5049917920861171
2020-01-01,3.198834653,4015,0.5049917920861171
2020-01-02,3.200978653,4016,0.5052827778882065
2020-01-03,4.288898575,4017,0.6323457760505313
2020-01-04,4.283023028,4018,0.6317504094202545
2020-01-05,4.287220841,4019,0.6321758552291777
2020-01-06,4.281391701,4020,0.6315849628964078
2020-01-07,4.285344129,4021,0.6319857031144736
2020-01-08,4.279309317,4022,0.6313736792885959
2020-01-09,4.273984481,4023,0.6308329408911529
2020-01-10,4.286942072,4024,0.6321476150756615
2020-01-11,4.288341143,4025,0.63228932673818
2020-01-12,4.27331934,4026,0.6307653483326993
2020-01-13,4.28134785,4027,0.6315805147295068
2020-01-14,4.28236033,4028,0.6316832072710656
2020-01-15,4.278526948,4029,0.6312942717070676
2020-01-16,4.286133433,4030,0.6320656870776196
2020-01-17,4.277820758,4031,0.6312225835449196
2020-01-18,4.27986081,4032,0.6314296450804859
2020-01-19,4.277817642,4033,0.6312222672011139
2020-01-20,4.282607058,4034,0.6317082284075408
2020-01-21,4.281327773,4035,0.6315784781393807
2020-01-22,4.283473428,4036,0.6317960771528764
2020-01-23,4.282886404,4037,0.6317365556549839
2020-01-24,4.27958298,4038,0.6314014516513543
2020-01-25,4.289750201,4039,0.6324320032602745
2020-01-26,4.283647991,4040,0.6318137754540787
2020-01-27,4.285728294,4041,0.6320246342380292
2020-01-28,4.277424754,4042,0.6311823784211992
2020-01-29,4.295159219,4043,0.6329792675040392
2020-01-30,4.276714294,4044,0.631110238172697
2020-01-31,4.277899663,4045,0.6312305940932801
2020-02-01,4.277278308,4046,0.6311675092459064
2020-02-02,4.279297792,4047,0.6313725096487608
2020-02-03,4.285631682,4048,0.6320148439460324
2020-02-04,4.291651783,4049,0.6326244768408255
2020-02-05,4.27968787,4050,0.6314120958169632
2020-02-06,4.281286726,4051,0.6315743143444088
2020-02-07,4.280165006,4052,0.6314605119603558
2020-02-08,4.283434129,4053,0.6317920926721917
2020-02-09,4.283445364,4054,0.6317932317797298
2020-02-10,4.304246879,4055,0.6338971732327934
2020-02-11,4.293957672,4056,0.6328577590318939
2020-02-12,4.288414306,4057,0.6322967361338119
2020-02-13,4.276982478,4058,0.631137471036914
2020-02-14,4.279251913,4059,0.631367853486859
2020-02-15,4.283562617,4060,0.6318051197880059
2020-02-16,4.282126676,4061,0.6316595106637081
2020-02-17,4.287194543,4062,0.6321731912396756
2020-02-18,4.296553112,4063,0.6331201847089578
2020-02-19,4.285326171,4064,0.6319838831727344
2020-02-20,4.2828766,4065,0.6317355615058114
2020-02-21,4.287659835,4066,0.6322203229434608
2020-02-22,4.28618991,4067,0.6320714095984517
2020-02-23,4.285130709,4068,0.6319640737111794
2020-02-24,4.294456127,4069,0.6329081702629515
2020-02-25,4.289228245,4070,0.6323791571988692
2020-02-26,4.284267567,4071,0.6318765861661048
2020-02-27,4.279357851,4072,0.6313786048331862
2020-02-28,4.290501477,4073,0.632508055813105
2020-02-29,4.284583526,4074,0.63190861362201
2020-03-01,4.281707678,4075,0.6316170136905179
2020-03-02,4.287586058,4076,0.6322128500512796
2020-03-03,4.287612679,4077,0.6322155465143605
2020-03-04,4.290848897,4078,0.6325432210452443
2020-03-05,4.294158069,4079,0.6328780268796804
2020-03-06,4.283452585,4080,0.6317939639094861
2020-03-07,4.29219569,4081,0.6326795141209792
2020-03-08,4.288082507,4082,0.6322631330256864
2020-03-09,4.262796415,4083,0.6296945918652014
2020-03-10,4.299840153,4084,0.6334523109376347
2020-03-11,4.301130617,4085,0.63358263143598
2020-03-12,4.311456649,4086,0.6346240236977602
2020-03-13,4.308381652,4087,0.634314167703022
2020-03-14,4.34081284,4088,0.6375710610500541
2020-03-15,4.271079465,4089,0.6305376517101197
2020-03-16,4.293832554,4090,0.6328451043080218
2020-03-17,4.31759942,4091,0.6352423467166867
2020-03-18,4.306583145,4092,0.6341328363347538
2020-03-19,4.231721926,4093,0.6265171216992587
2020-03-20,4.294893981,4094,0.632952447786595
2020-03-21,4.342066152,4095,0.6376964357074656
2020-03-22,4.274759423,4096,0.630911678314825
2020-03-23,4.29887901,4097,0.6333552222677885
2020-03-24,4.298542913,4098,0.6333212667230064
2020-03-25,4.287070634,4099,0.6321606390281796
2020-03-26,4.304355951,4100,0.6339081783560794
2020-03-27,4.300196109,4101,0.633488261885277
2020-03-28,4.285259142,4102,0.6319770900953038
2020-03-29,4.291651285,4103,0.6326244264456221
2020-03-30,4.298897388,4104,0.6333570789022528
2020-03-31,4.303567262,4105,0.6338285950993239
2020-04-01,4.282455239,4106,0.6316928323364631
2020-04-02,4.298464572,4107,0.6333133516283488
2020-04-03,6.308898014,4108,0.7999535069090699
2020-04-04,6.34558655,4109,0.8024717720028038
2020-04-05,6.341175558,4110,0.8021697769711001
2020-04-06,6.357859575,4111,0.8033109314938047
2020-04-07,6.348996817,4112,0.8027051093456259
2020-04-08,6.337540895,4113,0.801920774773824
2020-04-09,6.342789173,4114,0.8022802761894532
2020-04-10,6.351749244,4115,0.8028933445675434
2020-04-11,6.360286246,4116,0.8034766616013718
2020-04-12,6.358136926,4117,0.8033298764516553
2020-04-13,6.360712294,4118,0.8035057521314766
2020-04-14,6.342632339,4119,0.8022695375410427
2020-04-15,6.353107085,4120,0.8029861756615089
2020-04-16,6.338368646,4121,0.8019774945998905
2020-04-17,6.367320936,4122,0.8039567404278654
2020-04-18,6.354943648,4123,0.8031117038324107
2020-04-19,6.348280713,4124,0.8026561224639478
2020-04-20,6.370176429,4125,0.8041514607623631
2020-04-21,6.369201538,4126,0.8040849913030724
2020-04-22,6.355845853,4127,0.8031733558098386
2020-04-23,7.133234308,4128,0.8532864896873305
2020-04-24,7.101969333,4129,0.8513787926434858
2020-04-25,7.109426016,4130,0.8518345391057942
2020-04-26,7.12531435,4131,0.852804029025654
2020-04-27,7.139857877,4132,0.8536895669794005
2020-04-28,7.149322731,4133,0.8542649022037421
2020-04-29,7.13442324,4134,0.8533588696987537
2020-04-30,7.692068637,4135,0.8860431508313098
2020-05-01,7.699585322,4136,0.886467335923558
2020-05-02,7.792729873,4137,0.8916896221266732
2020-05-03,7.801751804,4138,0.8921921300480914
2020-05-04,7.82086542,4139,0.8932548126934833
2020-05-05,7.790956108,4140,0.8915907576659854
2020-05-06,7.861206043,4141,0.8954891793268838
2020-05-07,7.930935317,4142,0.8993244078798572
2020-05-08,8.079054026,4143,0.9073605123414994
2020-05-09,8.155833352,4144,0.9114683432652213
2020-05-10,8.313422574,4145,0.9197798563941216
2020-05-11,8.473215859,4146,0.9280482703958413
2020-05-12,8.491686231,4147,0.9289939385482682
2020-05-13,8.640172742,4148,0.9365224253663291
2020-05-14,8.63442367,4149,0.9362333546085184
2020-05-15,8.807791057,4150,0.9448670035263376
2020-05-16,8.864847685,4151,0.9476712779930793
2020-05-17,8.887329333,4152,0.948771273884319
2020-05-18,8.975796528,4153,0.9530729990181016
2020-05-19,8.946398316,4154,0.9516482301422388
2020-05-20,8.925141349,4155,0.9506151028351688
2020-05-21,8.949763768,4156,0.9518115721194828
2020-05-22,8.937031687,4157,0.9511932977651695
2020-05-23,8.904835043,4158,0.9496258788157259
2020-05-24,8.912893844,4159,0.9500187339395082
2020-05-25,8.973070176,4160,0.9529410642661245
2020-05-26,9.00514894,4161,0.9544909001966643
2020-05-27,9.000991564,4162,0.9542903546674678
2020-05-28,9.015071778,4163,0.9549691889247793
2020-05-29,9.034880313,4164,0.9559224037427786
2020-05-30,9.046743741,4165,0.9564922886204607
2020-05-31,9.107846025,4166,0.9594156799296999
2020-06-01,9.087003496,4167,0.9584206951366181
2020-06-02,9.131206431,4168,0.9605281610734249
2020-06-03,9.212094571,4169,0.9643583877651231
2020-06-04,9.223480386,4170,0.9648948285614316
2020-06-05,9.264926474,4171,0.966841977128982
2020-06-06,9.267985509,4172,0.9669853460753983
2020-06-07,9.281349701,4173,0.9676111362483852
2020-06-08,9.304968055,4174,0.9687148864876306
2020-06-09,9.330982637,4175,0.9699273812980008
2020-06-10,9.350784918,4176,0.9708480676905435
2020-06-11,9.408692693,4177,0.9735292838248808
2020-06-12,9.436245877,4178,0.9747992486223233
2020-06-13,9.486299303,4179,0.9770968229925026
2020-06-14,9.48192303,4180,0.9768964255893556
2020-06-15,9.493593133,4181,0.9774306152189398
2020-06-16,9.518736918,4182,0.978579323811378
2020-06-17,9.544643009,4183,0.9797596894483068
2020-06-18,9.54984748,4184,0.9799964355498905
2020-06-19,9.574951885,4185,0.9811366002770574
2020-06-20,9.61439247,4186,0.9829218465295053
2020-06-21,9.627169919,4187,0.9834986371556493
2020-06-22,9.622223222,4188,0.98327542770252
2020-06-23,9.630499943,4189,0.983648833007233
2020-06-24,9.601992527,4190,0.9823613636323215
2020-06-25,9.615414191,4191,0.9829679965299275
2020-06-26,9.59287764,4192,0.9819489049503536
2020-06-27,9.629325844,4193,0.983595882921061
2020-06-28,9.638700261,4194,0.9840184750302068
2020-06-29,9.634384875,4195,0.983823991547653
2020-06-30,9.628668055,4196,0.9835662148118524
2020-07-01,9.637841653,4197,0.9839797866888613
2020-07-02,9.639104881,4198,0.9840367057605206
2020-07-03,9.647929508,4199,0.9844341216619075
2020-07-04,9.643357747,4200,0.9842282784140406
2020-07-05,9.704261208,4201,0.9869624778488583
2020-07-06,9.708811153,4202,0.9871660536668329
2020-07-07,9.712908096,4203,0.9873492794401182
2020-07-08,9.734760496,4204,0.9883252710542914
2020-07-09,9.736967713,4205,0.988423729923199
2020-07-10,9.783869273,4206,0.9905106412487905
2020-07-11,9.803667487,4207,0.9913885727748587
2020-07-12,9.824421803,4208,0.9923070002529977
2020-07-13,9.823245541,4209,0.9922549997699338
2020-07-14,9.848359866,4210,0.9933639096391977
2020-07-15,9.845335827,4211,0.9932305346260407
2020-07-16,9.858754629,4212,0.9938220577492518
2020-07-17,9.880260498,4213,0.9947683951293823
2020-07-18,9.880407857,4214,0.9947748723597483
2020-07-19,9.884364193,4215,0.9949487387632623
2020-07-20,9.91396426,4216,0.9962473489333886
2020-07-21,9.913573515,4217,0.9962302314880175
2020-07-22,9.92165884,4218,0.996584289576527
2020-07-23,10.016213022,4219,1.0007035524174062
2020-07-24,10.062892351,4220,1.0027228267972783
2020-07-25,10.162563058,4221,1.0070032533776696
2020-07-26,10.213180914,4222,1.00916102497106
2020-07-27,10.216671824,4223,1.0093094433648702
2020-07-28,10.16325337,4224,1.0070327526790697
2020-07-29,10.472196877,4225,1.0200377983432136
2020-07-30,10.617855494,4226,1.0260368104207098
2020-07-31,10.707864336,4227,1.0297028602269025
2020-08-01,10.778488967,4228,1.0325578815102472
2020-08-02,10.941249519,4229,1.039066922383062
2020-08-03,11.062349222,4230,1.04384736438388
2020-08-04,11.118634671,4231,1.0460514606942786
2020-08-05,11.182209135,4232,1.0485276103808128
2020-08-06,11.252929576,4233,1.0512656009418064
2020-08-07,11.334228794,4234,1.0543919751105593
2020-08-08,11.4951401,4235,1.0605142687141393
2020-08-09,11.578515769,4236,1.0636528914599763
2020-08-10,11.650317902,4237,1.0663377761088795
2020-08-11,11.698790362,4238,1.0681409586463997
2020-08-12,11.858746978,4239,1.0740388029161896
2020-08-13,11.896892578,4240,1.0754335401774884
2020-08-14,12.000642229,4241,1.0792044884682421
2020-08-15,12.238797983,4242,1.0877387662585114
2020-08-16,12.215059078,4243,1.08689557177506
2020-08-17,12.248808991,4244,1.0880938622692833
2020-08-18,12.39258227,4245,1.09316181071525
2020-08-19,12.603054668,4246,1.1004758200916023
2020-08-20,12.60533923,4247,1.100554537734376
2020-08-21,12.660117157,4248,1.10243772467053
2020-08-22,12.762557154,4249,1.1059376999812538
2020-08-23,12.812234222,4250,1.1076248694541901
2020-08-24,12.830042987,4251,1.1082281114790298
2020-08-25,12.895083176,4252,1.1104241477737877
2020-08-26,12.865507394,4253,1.1094269187289547
2020-08-27,12.858452039,4254,1.1091886893203613
2020-08-28,13.02854827,4255,1.1148960263455077
2020-08-29,13.129348617,4256,1.118243180083393
2020-08-30,13.302097288,4257,1.123920119824026
2020-08-31,13.324009301,4258,1.1246349271842222
2020-09-01,12.620037988,4259,1.1010606621944823
2020-09-02,12.740037988,4260,1.1051707229721872
2020-09-03,12.990037988,4261,1.1136104211234248
2020-09-04,12.990037988,4262,1.1136104211234248
2020-09-05,13.140037988,4263,1.1185966207758875
2020-09-06,13.140037988,4264,1.1185966207758875
2020-09-07,13.140037988,4265,1.1185966207758875
2020-09-08,13.390010012,4266,1.1267809017435046
2020-09-09,13.388751547,4267,1.126740082499167
2020-09-10,13.638751547,4268,1.1347746180430687
2020-09-11,13.638660241,4269,1.1347717106050557
2020-09-12,13.637497824,4270,1.1347346943003493
2020-09-13,13.637497824,4271,1.1347346943003493
2020-09-14,13.887497824,4272,1.1426240039003288
2020-09-15,12.88050064,4273,1.1099327435334143
2020-09-16,13.88050064,4274,1.1424051304753449
2020-09-17,14.13050064,4275,1.1501575490628342
2020-09-18,14.28050064,4276,1.1547434330268624
2020-09-19,14.28050064,4277,1.1547434330268624
2020-09-20,14.43050064,4278,1.1592813984128143
2020-09-21,14.430492515,4279,1.159281153886048
2020-09-22,14.430472567,4280,1.159280553538395
2020-09-23,14.430472567,4281,1.159280553538395
2020-09-24,14.430472567,4282,1.159280553538395
2020-09-25,14.430472567,4283,1.159280553538395
2020-09-26,14.430472567,4284,1.159280553538395
2020-09-27,14.430472567,4285,1.159280553538395
2020-09-28,14.430472567,4286,1.159280553538395
2020-09-29,14.430472567,4287,1.159280553538395
2020-09-30,14.430472567,4288,1.159280553538395
2020-10-01,14.429839175,4289,1.1592614907747643
2020-10-02,14.579839175,4290,1.1637527334610183
2020-10-03,14.579775579,4291,1.1637508391018434
2020-10-04,14.579775579,4292,1.1637508391018434
2020-10-05,14.579775579,4293,1.1637508391018434
2020-10-06,14.579775579,4294,1.1637508391018434
2020-10-07,14.579775579,4295,1.1637508391018434
2020-10-08,14.579767123,4296,1.1637505872190086
2020-10-09,14.729767123,4297,1.168195880719376
2020-10-10,14.729767123,4298,1.168195880719376
2020-10-11,14.729767123,4299,1.168195880719376
2020-10-12,14.729767123,4300,1.168195880719376
2020-10-13,14.729767123,4301,1.168195880719376
2020-10-14,14.729767123,4302,1.168195880719376
2020-10-15,14.729767123,4303,1.168195880719376
2020-10-16,14.729767123,4304,1.168195880719376
2020-10-17,14.729767123,4305,1.168195880719376
2020-10-18,14.729767123,4306,1.168195880719376
2020-10-19,14.729767123,4307,1.168195880719376
2020-10-20,14.879767123,4308,1.1725961343020987
2020-10-21,15.179767123,4309,1.1812651089789712
2020-10-22,15.179767123,4310,1.1812651089789712
2020-10-23,15.329767123,4311,1.1855355574659698
2020-10-24,15.329767123,4312,1.1855355574659698
2020-10-25,15.329767123,4313,1.1855355574659698
2020-10-26,15.329767123,4314,1.1855355574659698
2020-10-27,15.479767123,4315,1.1897644228871316
2020-10-28,15.479767123,4316,1.1897644228871316
2020-10-29,15.629767123,4317,1.1939525072610608
2020-10-30,15.629767123,4318,1.1939525072610608
2020-10-31,15.779767123,4319,1.1981005896248371
2020-11-01,15.774190425,4320,1.1979470792963673
2020-11-02,15.774190425,4321,1.1979470792963673
2020-11-03,15.774190425,4322,1.1979470792963673
2020-11-04,15.924190425,4323,1.202057362332824
2020-11-05,15.924190425,4324,1.202057362332824
2020-11-06,16.224180913,4325,1.2101627804219517
2020-11-07,16.372592157,4326,1.2141174436367335
2020-11-08,16.372592157,4327,1.2141174436367335
2020-11-09,16.372592157,4328,1.2141174436367335
2020-11-10,16.372592157,4329,1.2141174436367335
2020-11-11,16.522592157,4330,1.218078182885633
2020-11-12,16.672592157,4331,1.2220031266404556
2020-11-13,16.872592157,4332,1.2271818089080935
2020-11-14,16.867724989,4333,1.2270565116733099
2020-11-15,16.867724989,4334,1.2270565116733099
2020-11-16,16.867724989,4335,1.2270565116733099
2020-11-17,17.017724989,4336,1.230901501062167
2020-11-18,17.017724989,4337,1.230901501062167
2020-11-19,17.017724989,4338,1.230901501062167
2020-11-20,17.217724989,4339,1.2359757667462368
2020-11-21,17.587724989,4340,1.2452096661418046
2020-11-22,17.587724989,4341,1.2452096661418046
2020-11-23,17.587724989,4342,1.2452096661418046
2020-11-24,17.787724989,4343,1.2501204063242863
2020-11-25,17.987724989,4344,1.2549762390986632
2020-11-26,17.987724989,4345,1.2549762390986632
2020-11-27,17.987724989,4346,1.2549762390986632
2020-11-28,17.987724989,4347,1.2549762390986632
2020-11-29,17.987724989,4348,1.2549762390986632
2020-11-30,17.987724989,4349,1.2549762390986632
2020-12-01,18.387724989,4350,1.2645279997197276
2020-12-02,18.587724989,4351,1.2692262383364574
2020-12-03,18.587724989,4352,1.2692262383364574
2020-12-04,18.587724989,4353,1.2692262383364574
2020-12-05,18.737724989,4354,1.2727168605805286
2020-12-06,18.737724989,4355,1.2727168605805286
2020-12-07,18.737724989,4356,1.2727168605805286
2020-12-08,18.737724989,4357,1.2727168605805286
2020-12-09,18.737724989,4358,1.2727168605805286
2020-12-10,18.737724989,4359,1.2727168605805286
2020-12-11,18.887711955,4360,1.2761793509603403
2020-12-12,18.887511915,4361,1.2761747513175448
2020-12-13,18.887511915,4362,1.2761747513175448
2020-12-14,18.887511915,4363,1.2761747513175448
2020-12-15,18.887511915,4364,1.2761747513175448
2020-12-16,19.087511915,4365,1.280749321164262
2020-12-17,19.087511915,4366,1.280749321164262
2020-12-18,19.087511915,4367,1.280749321164262
2020-12-19,19.287511915,4368,1.2852762073598452
2020-12-20,19.287511915,4369,1.2852762073598452
2020-12-21,19.287511915,4370,1.2852762073598452
2020-12-22,19.437511915,4371,1.2886406725891593
2020-12-23,19.437511915,4372,1.2886406725891593
2020-12-24,19.637511915,4373,1.2930864615549518
2020-12-25,19.837511915,4374,1.297487200613173
2020-12-26,19.837511915,4375,1.297487200613173
2020-12-27,19.837511915,4376,1.297487200613173
2020-12-28,19.837511915,4377,1.297487200613173
2020-12-29,20.037511915,4378,1.3018437936088494
2020-12-30,20.037511915,4379,1.3018437936088494
2020-12-31,20.037511915,4380,1.3018437936088494
2021-01-01,20.037511915,4381,1.3018437936088494
2021-01-02,20.537511915,4382,1.3125478284025704
2021-01-03,21.337511915,4383,1.3291437766356105
2021-01-04,21.337511915,4384,1.3291437766356105
2021-01-05,21.337511915,4385,1.3291437766356105
2021-01-06,21.937511915,4386,1.3411873696898924
2021-01-07,22.635815112,4387,1.354796137986117
2021-01-08,22.635815112,4388,1.354796137986117
2021-01-09,23.335815112,4389,1.368022975243079
2021-01-10,23.335815112,4390,1.368022975243079
2021-01-11,23.335781472,4391,1.368022349180658
2021-01-12,23.335292613,4392,1.368013251092804
2021-01-13,23.735292613,4393,1.3753945901486655
2021-01-14,23.735292613,4394,1.3753945901486655
2021-01-15,23.735292613,4395,1.3753945901486655
2021-01-16,23.735292613,4396,1.3753945901486655
2021-01-17,23.735292613,4397,1.3753945901486655
2021-01-18,23.735292613,4398,1.3753945901486655
2021-01-19,24.135292613,4399,1.3826525685137694
2021-01-20,24.135292613,4400,1.3826525685137694
2021-01-21,24.135292613,4401,1.3826525685137694
2021-01-22,24.134292613,4402,1.3826345739741464
2021-01-23,24.114508571,4403,1.382278415871104
2021-01-24,24.114508571,4404,1.382278415871104
2021-01-25,24.114508571,4405,1.382278415871104
2021-01-26,24.114487168,4406,1.3822780304098412
2021-01-27,24.514487168,4407,1.3894228124328056
2021-01-28,24.914487168,4408,1.396451952217494
2021-01-29,25.414487168,4409,1.4050813506173243
2021-01-30,25.812442493,4410,1.4118291014459738
2021-01-31,25.812442493,4411,1.4118291014459738
2021-02-01,26.16235543,4412,1.4176768414947898
2021-02-02,26.16235543,4413,1.4176768414947898
2021-02-03,24.56235543,4414,1.3902700115408546
2021-02-04,26.96235543,4415,1.4307578294644605
2021-02-05,27.31235543,4416,1.4363591555092095
2021-02-06,28.21235543,4417,1.4504393466143388
2021-02-07,28.21235543,4418,1.4504393466143388
2021-02-08,29.61235543,4419,1.4714729534739532
2021-02-09,29.61235543,4420,1.4714729534739532
2021-02-10,30.61235543,4421,1.4858967471372129
2021-02-11,30.71235543,4422,1.4873131251706437
2021-02-12,30.71235543,4423,1.4873131251706437
2021-02-13,31.71235543,4424,1.5012285003765318
2021-02-14,31.71235543,4425,1.5012285003765318
2021-02-15,31.71235543,4426,1.5012285003765318
2021-02-16,32.11235543,4427,1.506672162082668
2021-02-17,33.11235543,4428,1.5199900751606197
2021-02-18,33.11235543,4429,1.5199900751606197
2021-02-19,33.51235543,4430,1.5252049534784056
2021-02-20,34.31235543,4431,1.535450531962895
2021-02-21,34.31235543,4432,1.535450531962895
2021-02-22,34.31235543,4433,1.535450531962895
2021-02-23,34.31235543,4434,1.535450531962895
2021-02-24,34.31235543,4435,1.535450531962895
2021-02-25,34.31235543,4436,1.535450531962895
2021-02-26,34.31235543,4437,1.535450531962895
2021-02-27,34.31235543,4438,1.535450531962895
2021-02-28,34.31235543,4439,1.535450531962895
2021-03-01,35.06235543,4440,1.544841087909821
2021-03-02,35.06235543,4441,1.544841087909821
2021-03-03,36.21235543,4442,1.558856774388454
2021-03-04,36.21235543,4443,1.558856774388454
2021-03-05,36.21235543,4444,1.558856774388454
2021-03-06,36.21235543,4445,1.558856774388454
2021-03-07,36.21235543,4446,1.558856774388454
2021-03-08,36.21235543,4447,1.558856774388454
2021-03-09,36.21235543,4448,1.558856774388454
2021-03-10,37.21235543,4449,1.5706871604240062
2021-03-11,37.61235543,4450,1.575330531460695
2021-03-12,37.61235543,4451,1.575330531460695
2021-03-13,37.61235543,4452,1.575330531460695
2021-03-14,37.61235543,4453,1.575330531460695
2021-03-15,38.61235543,4454,1.5867262952539347
2021-03-16,39.21235543,4455,1.5934229305309469
2021-03-17,39.21235543,4456,1.5934229305309469
2021-03-18,39.210524739,4457,1.5934026543309958
2021-03-19,39.210478983,4458,1.5934021475387496
2021-03-20,39.210478983,4459,1.5934021475387496
2021-03-21,40.210478983,4460,1.6043392464039523
2021-03-22,40.210478983,4461,1.6043392464039523
2021-03-23,40.210478983,4462,1.6043392464039523
2021-03-24,40.210478983,4463,1.6043392464039523
2021-03-25,40.210478983,4464,1.6043392464039523
2021-03-26,40.210478983,4465,1.6043392464039523
2021-03-27,41.010478983,4466,1.61289484167127
2021-03-28,41.010478983,4467,1.61289484167127
2021-03-29,41.010478983,4468,1.61289484167127
2021-03-30,41.010478983,4469,1.61289484167127
2021-03-31,41.010478983,4470,1.61289484167127
2021-04-01,42.210478983,4471,1.6254202803347817
2021-04-02,42.210478983,4472,1.6254202803347817
2021-04-03,42.210478983,4473,1.6254202803347817
2021-04-04,42.210478983,4474,1.6254202803347817
2021-04-05,42.210478983,4475,1.6254202803347817
2021-04-06,43.410478983,4476,1.637594577788163
2021-04-07,43.410478983,4477,1.637594577788163
2021-04-08,44.410478983,4478,1.6474854572212336
2021-04-09,44.410478983,4479,1.6474854572212336
2021-04-10,44.410478983,4480,1.6474854572212336
2021-04-11,44.410478983,4481,1.6474854572212336
2021-04-12,45.410478983,4482,1.657156082798935
2021-04-13,45.410478983,4483,1.657156082798935
2021-04-14,47.410478983,4484,1.6758743429718361
2021-04-15,47.410478983,4485,1.6758743429718361
2021-04-16,47.410478983,4486,1.6758743429718361
2021-04-17,48.410478983,4487,1.6849393796589587
2021-04-18,48.410478983,4488,1.6849393796589587
2021-04-19,50.410478983,4489,1.7025208239742655
2021-04-20,50.410478983,4490,1.7025208239742655
2021-04-21,50.410478984,4491,1.7025208239828806
2021-04-22,50.410478984,4492,1.7025208239828806
2021-04-23,50.410478984,4493,1.7025208239828806
2021-04-24,50.410478984,4494,1.7025208239828806
2021-04-25,50.410478984,4495,1.7025208239828806
2021-04-26,50.410478984,4496,1.7025208239828806
2021-04-27,50.410478984,4497,1.7025208239828806
2021-04-28,50.410478984,4498,1.7025208239828806
2021-04-29,50.910478984,4499,1.7068071830544185
2021-04-30,50.910478984,4500,1.7068071830544185
2021-05-01,51.910478984,4501,1.715255036182806
2021-05-02,51.910478984,4502,1.715255036182806
2021-05-03,52.910478984,4503,1.7235416930982361
2021-05-04,52.910478984,4504,1.7235416930982361
2021-05-05,54.910478984,4505,1.7396552320758099
2021-05-06,54.910478984,4506,1.7396552320758099
2021-05-07,54.910478984,4507,1.7396552320758099
2021-05-08,54.910478984,4508,1.7396552320758099
2021-05-09,54.910478984,4509,1.7396552320758099
2021-05-10,55.910478984,4510,1.7474932128670984
2021-05-11,56.910478984,4511,1.7551922408399667
2021-05-12,57.910478984,4512,1.7627571570460978
2021-05-13,57.910478984,4513,1.7627571570460978
2021-05-14,57.910478984,4514,1.7627571570460978
2021-05-15,57.910478984,4515,1.7627571570460978
2021-05-16,57.910478984,4516,1.7627571570460978
2021-05-17,57.910478984,4517,1.7627571570460978
2021-05-18,58.910478984,4518,1.770192553872684
2021-05-19,58.910478984,4519,1.770192553872684
2021-05-20,58.910478984,4520,1.770192553872684
2021-05-21,58.910478984,4521,1.770192553872684
2021-05-22,59.910478984,4522,1.777502791786602
2021-05-23,59.910478984,4523,1.777502791786602
2021-05-24,60.910478984,4524,1.7846920146925265
2021-05-25,60.910478984,4525,1.7846920146925265
2021-05-26,60.910478984,4526,1.7846920146925265
2021-05-27,60.910478984,4527,1.7846920146925265
2021-05-28,61.910478984,4528,1.7917641640404194
2021-05-29,61.910478984,4529,1.7917641640404194
2021-05-30,61.910478984,4530,1.7917641640404194
2021-05-31,59.910478984,4531,1.777502791786602
2021-06-01,62.910478984,4532,1.798722991802654
2021-06-02,62.910478984,4533,1.798722991802654
2021-06-03,62.910478984,4534,1.798722991802654
2021-06-04,62.910478984,4535,1.798722991802654
2021-06-05,62.910478984,4536,1.798722991802654
2021-06-06,62.910478984,4537,1.798722991802654
2021-06-07,62.909700685,4538,1.7987176188813647
2021-06-08,62.905955597,4539,1.7986917640537354
2021-06-09,62.905955597,4540,1.7986917640537354
2021-06-10,62.905955597,4541,1.7986917640537354
2021-06-11,62.905955597,4542,1.7986917640537354
2021-06-12,62.905955597,4543,1.7986917640537354
2021-06-13,62.905955597,4544,1.7986917640537354
2021-06-14,62.905955597,4545,1.7986917640537354
2021-06-15,62.905955597,4546,1.7986917640537354
2021-06-16,62.905955597,4547,1.7986917640537354
2021-06-17,62.905955597,4548,1.7986917640537354
2021-06-18,62.905955597,4549,1.7986917640537354
2021-06-19,62.905955597,4550,1.7986917640537354
2021-06-20,62.905955597,4551,1.7986917640537354
2021-06-21,62.905955597,4552,1.7986917640537354
2021-06-22,62.905955597,4553,1.7986917640537354
2021-06-23,62.905955597,4554,1.7986917640537354
2021-06-24,62.905955597,4555,1.7986917640537354
2021-06-25,62.905955597,4556,1.7986917640537354
2021-06-26,62.905955597,4557,1.7986917640537354
2021-06-27,62.905955597,4558,1.7986917640537354
2021-06-28,62.905955597,4559,1.7986917640537354
2021-06-29,62.905955597,4560,1.7986917640537354
2021-06-30,62.905955597,4561,1.7986917640537354
2021-07-01,62.905955597,4562,1.7986917640537354
2021-07-02,62.905955597,4563,1.7986917640537354
2021-07-03,62.905955597,4564,1.7986917640537354
2021-07-04,62.903955597,4565,1.798677956096069
2021-07-05,62.903955597,4566,1.798677956096069
2021-07-06,62.903955597,4567,1.798677956096069
2021-07-07,62.903955597,4568,1.798677956096069
2021-07-08,62.903955597,4569,1.798677956096069
2021-07-09,62.903955597,4570,1.798677956096069
2021-07-10,62.903955597,4571,1.798677956096069
2021-07-11,62.903955597,4572,1.798677956096069
2021-07-12,62.903955597,4573,1.798677956096069
2021-07-13,62.903955597,4574,1.798677956096069
2021-07-14,62.903955597,4575,1.798677956096069
2021-07-15,62.903955597,4576,1.798677956096069
2021-07-16,62.903955597,4577,1.798677956096069
2021-07-17,62.903955597,4578,1.798677956096069
2021-07-18,62.903955597,4579,1.798677956096069
2021-07-19,62.903955597,4580,1.798677956096069
2021-07-20,62.903955597,4581,1.798677956096069
2021-07-21,62.903955597,4582,1.798677956096069
2021-07-22,62.903955597,4583,1.798677956096069
2021-07-23,62.903955597,4584,1.798677956096069
2021-07-24,62.903925765,4585,1.7986777501332496
2021-07-25,62.903925765,4586,1.7986777501332496
2021-07-26,62.903925765,4587,1.7986777501332496
2021-07-27,62.903925765,4588,1.7986777501332496
2021-07-28,62.903925765,4589,1.7986777501332496
2021-07-29,62.903925765,4590,1.7986777501332496
2021-07-30,62.903925765,4591,1.7986777501332496
2021-07-31,62.903925765,4592,1.7986777501332496
2021-08-01,62.903925765,4593,1.7986777501332496
2021-08-02,62.903925765,4594,1.7986777501332496
2021-08-03,62.903925765,4595,1.7986777501332496
2021-08-04,62.903925765,4596,1.7986777501332496
2021-08-05,61.903638976,4597,1.7917161795652636
2021-08-06,61.903035039,4598,1.7917119425318628
2021-08-07,61.903035039,4599,1.7917119425318628
2021-08-08,62.903035039,4600,1.7986716004355823
2021-08-09,62.903035039,4601,1.7986716004355823
2021-08-10,62.903035039,4602,1.7986716004355823
2021-08-11,62.903035039,4603,1.7986716004355823
2021-08-12,62.903035039,4604,1.7986716004355823
2021-08-13,62.903035039,4605,1.7986716004355823
2021-08-14,62.903035039,4606,1.7986716004355823
2021-08-15,63.903035039,4607,1.8055214852223804
2021-08-16,63.903035039,4608,1.8055214852223804
2021-08-17,63.903035039,4609,1.8055214852223804
2021-08-18,63.903035039,4610,1.8055214852223804
2021-08-19,63.903035039,4611,1.8055214852223804
2021-08-20,63.903035039,4612,1.8055214852223804
2021-08-21,64.903035039,4613,1.812265006043368
2021-08-22,64.903035039,4614,1.812265006043368
2021-08-23,65.903035039,4615,1.8189054156613587
2021-08-24,63.903035039,4616,1.8055214852223804
2021-08-25,65.903035039,4617,1.8189054156613587
2021-08-26,65.867856076,4618,1.818673527878804
2021-08-27,65.866273216,4619,1.818663091291606
2021-08-28,65.866273216,4620,1.818663091291606
2021-08-29,65.866273216,4621,1.818663091291606
2021-08-30,65.866273216,4622,1.818663091291606
2021-08-31,65.866273216,4623,1.818663091291606
2021-09-01,65.866273216,4624,1.818663091291606
2021-09-02,65.866273216,4625,1.818663091291606
2021-09-03,66.866273216,4626,1.8252071185217236
2021-09-04,66.866273216,4627,1.8252071185217236
2021-09-05,66.866273216,4628,1.8252071185217236
2021-09-06,67.866273216,4629,1.83165400115603
2021-09-07,69.866273216,4630,1.8442675778773143
2021-09-08,69.866273216,4631,1.8442675778773143
2021-09-09,69.866273216,4632,1.8442675778773143
2021-09-10,69.866273216,4633,1.8442675778773143
2021-09-11,69.866273216,4634,1.8442675778773143
2021-09-12,69.866273216,4635,1.8442675778773143
2021-09-13,69.866273216,4636,1.8442675778773143
2021-09-14,69.866273216,4637,1.8442675778773143
2021-09-15,69.854865455,4638,1.8441966605098878
2021-09-16,69.854865455,4639,1.8441966605098878
2021-09-17,69.854865455,4640,1.8441966605098878
2021-09-18,69.854865455,4641,1.8441966605098878
2021-09-19,69.854866565,4642,1.8441966674108656
2021-09-20,69.854867148,4643,1.8441966710354332
2021-09-21,69.854866237,4644,1.8441966653716577
2021-09-22,69.854866237,4645,1.8441966653716577
2021-09-23,69.854866237,4646,1.8441966653716577
2021-09-24,69.854866677,4647,1.8441966681071806
2021-09-25,69.854866777,4648,1.8441966687288902
2021-09-26,69.854866826,4649,1.844196669033528
2021-09-27,69.854866829,4650,1.8441966690521792
2021-09-28,69.854867329,4651,1.8441966721607277
2021-09-29,69.854866928,4652,1.844196669667672
2021-09-30,69.854866928,4653,1.844196669667672
2021-10-01,69.854866948,4654,1.8441966697920138
2021-10-02,69.854866961,4655,1.844196669872836
2021-10-03,69.854867398,4656,1.8441966725897074
2021-10-04,69.854867416,4657,1.8441966727016152
2021-10-05,69.854867916,4658,1.8441966758101636
2021-10-06,69.854867916,4659,1.8441966758101636
2021-10-07,69.854868849,4660,1.844196681610715
2021-10-08,69.854868949,4661,1.8441966822324245
2021-10-09,69.854868949,4662,1.8441966822324245
2021-10-10,69.854868949,4663,1.8441966822324245
2021-10-11,69.854869292,4664,1.844196684364889
2021-10-12,69.854869385,4665,1.8441966849430789
2021-10-13,69.854868418,4666,1.8441966789311461
2021-10-14,69.85486851,4667,1.8441966795031193
2021-10-15,69.854868514,4668,1.8441966795279876
2021-10-16,69.85486822,4669,1.844196677700161
2021-10-17,69.854868215,4670,1.8441966776690755
2021-10-18,69.854868216,4671,1.8441966776752927
2021-10-19,69.854868235,4672,1.8441966777934176
2021-10-20,69.85168881,4673,1.8441769105503822
2021-10-21,69.851687895,4674,1.8441769048614796
2021-10-22,69.827036382,4675,1.844023609988076
2021-10-23,69.827036366,4676,1.8440236098885627
2021-10-24,69.82703648,4677,1.8440236105975942
2021-10-25,69.827036293,4678,1.8440236094345337
2021-10-26,69.827036429,4679,1.844023610280396
2021-10-27,69.827037411,4680,1.8440236163880184
2021-10-28,69.827037345,4681,1.8440236159775265
2021-10-29,69.827041933,4682,1.8440236445129348
2021-10-30,69.827037366,4683,1.8440236161081376
2021-10-31,69.827038133,4684,1.8440236208785514
2021-11-01,69.827036482,4685,1.8440236106100334
2021-11-02,70.827036542,4686,1.850199070961439
2021-11-03,70.82706635,4687,1.8501992537369414
2021-11-04,70.827038739,4688,1.8501990844329184
2021-11-05,71.827038872,4689,1.856287962659688
2021-11-06,72.827041833,4690,1.8622926696728441
2021-11-07,72.827040355,4691,1.8622926608589856
2021-11-08,73.827043696,4692,1.8682154780361744
2021-11-09,72.826247458,4693,1.862287932496214
2021-11-10,74.826247595,4694,1.8740539666630096
2021-11-11,74.827256205,4695,1.8740598206356367
2021-11-12,74.827254378,4696,1.8740598100317996
2021-11-13,74.827254413,4697,1.8740598102349384
2021-11-14,74.827267246,4698,1.8740598847171661
2021-11-15,74.8272484,4699,1.8740597753357182
2021-11-16,74.827248042,4700,1.8740597732578999
2021-11-17,74.827248495,4701,1.8740597758870945
2021-11-18,74.828257862,4702,1.8740656341749582
2021-11-19,74.829258657,4703,1.8740714426335794
2021-11-20,74.830266435,4704,1.8740772915419481
2021-11-21,74.830281044,4705,1.8740773763285963
2021-11-22,74.8302863,4706,1.8740774068329815
2021-11-23,74.830333625,4707,1.87407768149423
2021-11-24,74.830359667,4708,1.8740778326347418
2021-11-25,74.825327934,4709,1.874048628881618
2021-11-26,75.825324253,4710,1.8798142761668428
2021-11-27,75.825372956,4711,1.879814555116357
2021-11-28,75.825215934,4712,1.8798136557622742
2021-11-29,75.825282561,4713,1.8798140373731325
2021-11-30,74.825288076,4714,1.8740483975413147
2021-12-01,74.825304935,4715,1.8740484953928571
2021-12-02,74.825346385,4716,1.8740487359732503
2021-12-03,74.825349042,4717,1.8740487513947681
2021-12-04,75.82535798,4718,1.8798144693403884
2021-12-05,76.825212404,4719,1.88550376965419
2021-12-06,76.825217045,4720,1.8855037958898564
2021-12-07,77.825497682,4721,1.8911219066093585
2021-12-08,77.825511845,4722,1.8911219856440242
2021-12-09,75.826548664,4723,1.87982128900395
2021-12-10,77.826563879,4724,1.8911278563342653
2021-12-11,77.826566388,4725,1.8911278703352026
2021-12-12,77.826583952,4726,1.891127968347331
2021-12-13,77.826576923,4727,1.8911279291235092
2021-12-14,77.826582576,4728,1.8911279606688594
2021-12-15,78.826668918,4729,1.8966731743987604
2021-12-16,78.826503907,4730,1.8966722652719035
2021-12-17,78.826506202,4731,1.8966722779162017
2021-12-18,78.826510608,4732,1.8966723021910494
2021-12-19,78.826516825,4733,1.8966723364435953
2021-12-20,78.826515056,4734,1.8966723266972947
2021-12-21,78.826513846,4735,1.8966723200308027
2021-12-22,78.826518047,4736,1.8966723431762011
2021-12-23,77.326660026,4737,1.888329252081529
2021-12-24,77.326526474,4738,1.8883285020045604
2021-12-25,77.326549331,4739,1.8883286303779396
2021-12-26,77.326548012,4740,1.888328622969948
2021-12-27,78.326568755,4741,1.8939091018597398
2021-12-28,78.326826932,4742,1.8939105333620188
2021-12-29,78.3266034,4743,1.893909293954571
2021-12-30,78.326516689,4744,1.893908813171184
2021-12-31,79.326548035,4745,1.899418555988313
2022-01-01,79.326554298,4746,1.8994185902767864
2022-01-02,78.77842299,4747,1.8964072827234912
2022-01-03,78.48134299,4748,1.8947664261781592
2022-01-04,78.388221317,4749,1.8942508101163866
2022-01-05,78.502373121,4750,1.8948827856341321
2022-01-06,78.772213379,4751,1.8963730486530284
2022-01-07,78.639572254,4752,1.8956411425627278
2022-01-08,78.49847818,4753,1.8948612373256999
2022-01-09,78.296609765,4754,1.8937429575594897
2022-01-10,78.054241928,4755,1.892396510164136
2022-01-11,78.481657327,4756,1.8947681656304414
2022-01-12,78.555065237,4757,1.8951741936223998
2022-01-13,78.48202177,4758,1.8947701823464713
2022-01-14,78.355483483,4759,1.8940693947175282
2022-01-15,78.464443412,4760,1.894672898423531
2022-01-16,78.324639023,4761,1.8938984020129774
2022-01-17,78.423364533,4762,1.8944454705422464
2022-01-18,78.44468555,4763,1.8945635264508114
2022-01-19,78.383467334,4764,1.8942244708123661
2022-01-20,78.380618748,4765,1.8942086875393973
2022-01-21,78.282598757,4766,1.8936652345522784
2022-01-22,78.144826788,4767,1.8929002328761309
2022-01-23,78.448336905,4768,1.8945837410314657
2022-01-24,78.310182894,4769,1.8938182382665592
2022-01-25,78.669518056,4770,1.8958064896090585
2022-01-26,78.269272661,4771,1.8935912980362897
2022-01-27,78.752828372,4772,1.8962661602304554
2022-01-28,78.718773466,4773,1.8960783186410453
2022-01-29,78.249351193,4774,1.8934807452668172
2022-01-30,78.366901631,4775,1.8941326765349293
2022-01-31,78.198382293,4776,1.8931977688080526
2022-02-01,78.06278179,4777,1.8924440234315325
2022-02-02,78.016936425,4778,1.8921888924018169
2022-02-03,78.038075904,4779,1.8923065529498397
2022-02-04,78.064010106,4780,1.8924508569910305
2022-02-05,78.063205577,4781,1.8924463811217378
2022-02-06,78.062854578,4782,1.8924444283801043
2022-02-07,78.163472784,4783,1.893003846737109
2022-02-08,78.096593702,4784,1.892632091896681
2022-02-09,78.040221425,4785,1.892318492956197
2022-02-10,78.012911279,4786,1.8921664851672684
2022-02-11,78.515301962,4787,1.8949543052807378
2022-02-12,78.510632875,4788,1.8949284782258333
2022-02-13,78.531121017,4789,1.8950417969687157
2022-02-14,78.63627386,4790,1.8956229264876094
2022-02-15,78.558940144,4791,1.8951956156557093
2022-02-16,78.623518666,4792,1.8955524760527847
2022-02-17,78.732790424,4793,1.896155643849867
2022-02-18,78.772769798,4794,1.8963761163445085
2022-02-19,78.727591077,4795,1.8961269630135715
2022-02-20,79.138436958,4796,1.898387468381119
2022-02-21,79.163080615,4797,1.8985226863436448
2022-02-22,79.390647858,4798,1.899769345967644
2022-02-23,79.377609211,4799,1.899698014171719
2022-02-24,79.629945704,4800,1.9010764196009098
2022-02-25,79.631571239,4801,1.9010852850304776
2022-02-26,79.474403713,4802,1.9002272781391827
2022-02-27,79.679402405,4803,1.901346068222066
2022-02-28,79.854422104,4804,1.90229897109678
2022-03-01,79.53795806,4805,1.9005744373583155
2022-03-02,79.425591344,4806,1.899960456945582
2022-03-03,79.854759317,4807,1.9023008050520207
2022-03-04,79.609484426,4808,1.9009648113118103
2022-03-05,79.843809462,4809,1.902241249582639
2022-03-06,79.862020238,4810,1.902340292173346
2022-03-07,80.091190392,4811,1.9035847486116741
2022-03-08,79.896920564,4812,1.9025300407929033
2022-03-09,80.070927071,4813,1.9034748568509796
2022-03-10,80.04401813,4814,1.9033288816618987
2022-03-11,80.04205318,4815,1.9033182203103487
2022-03-12,80.132712134,4816,1.9038098419160936
2022-03-13,80.116438308,4817,1.903721633862122
2022-03-14,80.1295285,4818,1.9037925872630537
2022-03-15,80.07230502,4819,1.903482330606058
2022-03-16,80.062438312,4820,1.9034288124655818
2022-03-17,80.082861271,4821,1.9035395816042204
2022-03-18,80.158683653,4822,1.903950576700162
2022-03-19,80.53228525,4823,1.9059700231627492
2022-03-20,80.740243739,4824,1.9070900561263509
2022-03-21,80.827449077,4825,1.9075588726342005
2022-03-22,80.724926155,4826,1.9070076564084228
2022-03-23,80.845440415,4827,1.9076555312499062
2022-03-24,80.751116254,4828,1.9071485344657029
2022-03-25,80.927589777,4829,1.9080966062255404
2022-03-26,81.291023435,4830,1.9100425912535697
2022-03-27,81.304845677,4831,1.9101164298261653
2022-03-28,81.196385911,4832,1.909536699021463
2022-03-29,81.349955673,4833,1.9103573206290332
2022-03-30,81.66485106,4834,1.9120351743380726
2022-03-31,81.930453189,4835,1.9134453571166596
2022-04-01,82.04496508,4836,1.9140519345046996
2022-04-02,82.105881308,4837,1.9143742670844617
2022-04-03,82.272678352,4838,1.9152556358082042
2022-04-04,82.388674421,4839,1.9158675154044054
2022-04-05,82.449008616,4840,1.916185437964902
2022-04-06,82.412689459,4841,1.9159940871549586
2022-04-07,82.422893105,4842,1.9160478545162263
2022-04-08,82.509660677,4843,1.9165048010721366
2022-04-09,82.582177981,4844,1.9168863325548704
2022-04-10,82.608650899,4845,1.917025529656594
2022-04-11,82.714703438,4846,1.9175827169817836
2022-04-12,82.63486368,4847,1.9171633149883587
2022-04-13,82.881751671,4848,1.9184589211295648
2022-04-14,82.736682157,4849,1.9176981011643075
2022-04-15,82.795954521,4850,1.9180091173147331
2022-04-16,82.766275586,4851,1.9178534127457745
2022-04-17,82.797938661,4852,1.918019524716079
2022-04-18,82.811298303,4853,1.9180895934987114
2022-04-19,82.792973865,4854,1.9179934824233669
2022-04-20,82.787027489,4855,1.917962289305066
2022-04-21,83.021908772,4856,1.9191927141017304
2022-04-22,83.120398074,4857,1.9197076144447853
2022-04-23,83.182809348,4858,1.9200335837823514
2022-04-24,83.198500617,4859,1.9201154996124694
2022-04-25,83.221428016,4860,1.9202351636817294
2022-04-26,83.139688331,4861,1.9198083921165445
2022-04-27,83.214573094,4862,1.9201993895129161
2022-04-28,83.154011772,4863,1.9198832066332663
2022-04-29,83.139556788,4864,1.9198077049784834
2022-04-30,83.229249235,4865,1.9202759771204256
2022-05-01,83.424696945,4866,1.9212946376780047
2022-05-02,83.26755008,4867,1.920475786918543
2022-05-03,83.147512568,4868,1.919849261443087
2022-05-04,83.241023586,4869,1.9203374119410594
2022-05-05,83.185453774,4870,1.9200473900167634
2022-05-06,83.270750871,4871,1.9204924808065105
2022-05-07,83.284503885,4872,1.920564203048022
2022-05-08,83.355823233,4873,1.9209359450112808
2022-05-09,83.2463187,4874,1.9203650373299983
2022-05-10,83.173635948,4875,1.91998568714694
2022-05-11,82.690895711,4876,1.9174576962498693
2022-05-12,79.485744715,4877,1.9002892475654183
2022-05-13,79.485744715,4878,1.9002892475654183
2022-05-14,76.73459314,4879,1.8849911947555913
2022-05-15,75.778562416,4880,1.8795463620801658
2022-05-16,75.778562416,4881,1.8795463620801658
2022-05-17,75.778562416,4882,1.8795463620801658
2022-05-18,74.23544412,4883,1.8706113110791138
2022-05-19,74.239609934,4884,1.8706356813687204
2022-05-20,74.227359934,4885,1.870564014149808
2022-05-21,73.301536761,4886,1.8651130796865056
2022-05-22,73.301536752,4887,1.8651130796331827
2022-05-23,73.301536752,4888,1.8651130796331827
2022-05-24,73.301536751,4889,1.8651130796272581
2022-05-25,73.301536751,4890,1.8651130796272581
2022-05-26,73.301536751,4891,1.8651130796272581
2022-05-27,73.30173767,4892,1.8651142700237666
2022-05-28,72.563691346,4893,1.8607193673599485
2022-05-29,72.563691346,4894,1.8607193673599485
2022-05-30,72.563691346,4895,1.8607193673599485
2022-05-31,72.563691346,4896,1.8607193673599485
2022-06-01,72.564891346,4897,1.860726549313615
2022-06-02,72.64377467,4898,1.8611984026352844
2022-06-03,72.564891346,4899,1.860726549313615
2022-06-04,72.569891345,4900,1.8607564728362307
2022-06-05,72.569891345,4901,1.8607564728362307
2022-06-06,72.569891345,4902,1.8607564728362307
2022-06-07,72.446991345,4903,1.860020354342792
2022-06-08,72.446991345,4904,1.860020354342792
2022-06-09,72.456991345,4905,1.8600802967231918
2022-06-10,72.523923241,4906,1.8604812895744816
2022-06-11,72.521423239,4907,1.8604663185726562
2022-06-12,72.521423239,4908,1.8604663185726562
2022-06-13,72.320423093,4909,1.8592609582087027
2022-06-14,71.625572083,4910,1.8550681037572667
2022-06-15,70.896956466,4911,1.8506275917642678
2022-06-16,70.065257821,4912,1.8455027244314053
2022-06-17,69.250758856,4913,1.8404245368002787
2022-06-18,68.257437389,4914,1.8341499793907916
2022-06-19,68.199671483,4915,1.8337822826702042
2022-06-20,67.950741493,4916,1.8321942002084874
2022-06-21,67.521526405,4917,1.8294422514756505
2022-06-22,67.007466804,4918,1.8261231998813023
2022-06-23,67.006166804,4919,1.8261147741292159
2022-06-24,67.003866803,4920,1.8260998666224286
2022-06-25,66.893892036,4921,1.8253864649103968
2022-06-26,66.893892036,4922,1.8253864649103968
2022-06-27,66.893702036,4923,1.825385231373728
2022-06-28,66.861361158,4924,1.8251752136772965
2022-06-29,66.851361158,4925,1.8251102543413127
2022-06-30,66.535427995,4926,1.8230529548622048
2022-07-01,66.352543726,4927,1.8218575768611827
2022-07-02,66.705660402,4928,1.8241626881451931
2022-07-03,66.703760402,4929,1.8241503178116634
2022-07-04,66.554981805,4930,1.8231805690435279
2022-07-05,66.516981805,4931,1.8229325349676309
2022-07-06,66.467721853,4932,1.8226107938091005
2022-07-07,66.467721853,4933,1.8226107938091005
2022-07-08,66.465721853,4934,1.8225977257813768
2022-07-09,66.464371853,4935,1.8225889046403658
2022-07-10,66.464371853,4936,1.8225889046403658
2022-07-11,66.464371853,4937,1.8225889046403658
2022-07-12,66.464371853,4938,1.8225889046403658
2022-07-13,66.424371853,4939,1.8223274561637484
2022-07-14,66.404371853,4940,1.822196672879026
2022-07-15,66.349759464,4941,1.8218393527671934
2022-07-16,66.349759464,4942,1.8218393527671934
2022-07-17,66.349759464,4943,1.8218393527671934
2022-07-18,66.369719504,4944,1.8219699822025006
2022-07-19,66.339719504,4945,1.8217736309139048
2022-07-20,66.319719504,4946,1.8216426807188968
2022-07-21,66.319719504,4947,1.8216426807188968
2022-07-22,66.284219403,4948,1.821410146173291
2022-07-23,66.284219403,4949,1.821410146173291
2022-07-24,66.284219403,4950,1.821410146173291
2022-07-25,66.289219402,4951,1.8214429049520604
2022-07-26,66.289219402,4952,1.8214429049520604
2022-07-27,66.289219401,4953,1.8214429049455088
2022-07-28,66.2792194,4954,1.8213773848971346
2022-07-29,66.3669194,4955,1.8219516591573162
2022-07-30,66.4899194,4956,1.8227558064939315
2022-07-31,66.6309194,4957,1.8236758058779496
2022-08-01,66.6309194,4958,1.8236758058779496
2022-08-02,66.7405696,4959,1.8243899088378221
2022-08-03,66.845569599,4960,1.8250726283150058
2022-08-04,66.859367154,4961,1.8251622615352452
2022-08-05,66.909367154,4962,1.8254869222299697
2022-08-06,66.909367154,4963,1.8254869222299697
2022-08-07,66.909367154,4964,1.8254869222299697
2022-08-08,66.909367153,4965,1.8254869222234789
2022-08-09,66.909367153,4966,1.8254869222234789
2022-08-10,66.950804389,4967,1.8257557992659574
2022-08-11,67.190804388,4968,1.8273098403631178
2022-08-12,67.332804384,4969,1.8282267030337092
2022-08-13,67.470804384,4970,1.8291158878261131
2022-08-14,67.717804384,4971,1.8307028685247388
2022-08-15,67.409100679,4972,1.8287185331504647
2022-08-16,67.560100679,4973,1.8296902880911197
2022-08-17,67.560100679,4974,1.8296902880911197
2022-08-18,67.543600679,4975,1.8295842087029903
2022-08-19,67.543600678,4976,1.8295842086965606
2022-08-20,67.543700675,4977,1.8295848516607012
2022-08-21,67.543700675,4978,1.8295848516607012
2022-08-22,67.543700675,4979,1.8295848516607012
2022-08-23,67.543700675,4980,1.8295848516607012
2022-08-24,67.543700675,4981,1.8295848516607012
2022-08-25,67.543700675,4982,1.8295848516607012
2022-08-26,67.637693999,4983,1.8301887925894922
2022-08-27,67.543810675,4984,1.8295855589413748
2022-08-28,67.543810675,4985,1.8295855589413748
2022-08-29,67.543810675,4986,1.8295855589413748
2022-08-30,67.548911675,4987,1.8296183562100166
2022-08-31,67.548911675,4988,1.8296183562100166
2022-09-01,67.549551675,4989,1.829622470963975
2022-09-02,67.549551675,4990,1.829622470963975
2022-09-03,67.549551675,4991,1.829622470963975
2022-09-04,67.549551675,4992,1.829622470963975
2022-09-05,67.549551675,4993,1.829622470963975
2022-09-06,67.544851675,4994,1.8295922523314463
2022-09-07,67.544851675,4995,1.8295922523314463
2022-09-08,67.544851675,4996,1.8295922523314463
2022-09-09,67.545351175,4997,1.8295954639646976
2022-09-10,67.545351175,4998,1.8295954639646976
2022-09-11,67.651351175,4999,1.830276475020656
2022-09-12,67.723351175,5000,1.8307384402933784
2022-09-13,67.817481045,5001,1.8313416546757282
2022-09-14,67.882481045,5002,1.8317577070172013
2022-09-15,67.880481045,5003,1.8317449113481836
2022-09-16,67.92058603,5004,1.8320014244163623
2022-09-17,67.92069592,5005,1.8320021270690454
2022-09-18,67.920695918,5006,1.8320021270562572
2022-09-19,67.920695918,5007,1.8320021270562572
2022-09-20,67.950695918,5008,1.8321939089242834
2022-09-21,67.959715798,5009,1.8322515540166309
2022-09-22,67.966741908,5010,1.8322964518364735
2022-09-23,67.951850744,5011,1.8322012897213573
2022-09-24,67.949850742,5012,1.832188507102406
2022-09-25,67.949850742,5013,1.832188507102406
2022-09-26,67.949850742,5014,1.832188507102406
2022-09-27,67.951354338,5015,1.8321981170752604
2022-09-28,67.951354336,5016,1.8321981170624777
2022-09-29,67.951354336,5017,1.8321981170624777
2022-09-30,67.951354326,5018,1.8321981169985653
2022-10-01,67.944572025,5019,1.8321547674150944
2022-10-02,67.944572025,5020,1.8321547674150944
2022-10-03,67.944572025,5021,1.8321547674150944
2022-10-04,67.944722036,5022,1.8321557262684018
2022-10-05,68.057722036,5023,1.8328774087070199
2022-10-06,68.207722035,5024,1.8338335454386474
2022-10-07,68.218071686,5025,1.8338994390824366
2022-10-08,68.328206686,5026,1.8346000225579746
2022-10-09,68.367006686,5027,1.8348465655924338
2022-10-10,68.367006686,5028,1.8348465655924338
2022-10-11,68.417006686,5029,1.8351640694370281
2022-10-12,68.417006686,5030,1.8351640694370281
2022-10-13,68.417006686,5031,1.8351640694370281
2022-10-14,68.417606686,5032,1.8351678780740786
2022-10-15,68.427706686,5033,1.8352319851182601
2022-10-16,68.427706686,5034,1.8352319851182601
2022-10-17,68.427706685,5035,1.8352319851119134
2022-10-18,68.437706685,5036,1.8352954481113641
2022-10-19,68.447706685,5037,1.835358901838388
2022-10-20,68.447706562,5038,1.835358901057964
2022-10-21,68.447806562,5039,1.835359535548419
2022-10-22,68.448256112,5040,1.835362387888808
2022-10-23,68.448256112,5041,1.835362387888808
2022-10-24,68.448256112,5042,1.835362387888808
2022-10-25,68.468256112,5043,1.8354892665181093
2022-10-26,68.509056112,5044,1.8357479840399817
2022-10-27,68.715726112,5045,1.8370561400010688
2022-10-28,68.882440613,5046,1.8381085264534436
2022-10-29,68.972240613,5047,1.8386743345876961
2022-10-30,69.098240613,5048,1.8394669894611269
2022-10-31,69.258582034,5049,1.8404735957737477
2022-11-01,69.415082044,5050,1.841453841302955
2022-11-02,69.349642963,5051,1.8410442295102685
2022-11-03,69.345491008,5052,1.8410182275721396
2022-11-04,69.345840658,5053,1.8410204173422395
2022-11-05,69.355840658,5054,1.8410830401566907
2022-11-06,69.421840658,5055,1.841496124417716
2022-11-07,69.421840658,5056,1.841496124417716
2022-11-08,69.514640653,5057,1.8420762820748307
2022-11-09,69.853060833,5058,1.844185440854749
2022-11-10,68.261959893,5059,1.8341787533023588
2022-11-11,68.261959893,5060,1.8341787533023588
2022-11-12,67.41006707,5061,1.8287247592425802
2022-11-13,66.458360239,5062,1.8225496215057473
2022-11-14,66.372513988,5063,1.821988267701384
2022-11-15,66.048734131,5064,1.819864498480603
2022-11-16,65.960834131,5065,1.8192861390313038
2022-11-17,65.934833971,5066,1.8191149169384884
2022-11-18,65.934833971,5067,1.8191149169384884
2022-11-19,65.935083722,5068,1.819116561976008
2022-11-20,65.878083722,5069,1.818740957816097
2022-11-21,65.875083722,5070,1.8187211801747512
2022-11-22,65.496800213,5071,1.8162200834454951
2022-11-23,65.498800213,5072,1.816233344791083
2022-11-24,65.352699103,5073,1.8152635288918084
2022-11-25,65.352829103,5074,1.8152643927922636
2022-11-26,65.352829103,5075,1.8152643927922636
2022-11-27,65.352829103,5076,1.8152643927922636
2022-11-28,65.352829103,5077,1.8152643927922636
2022-11-29,65.352829103,5078,1.8152643927922636
2022-11-30,65.282829103,5079,1.814798966781321
2022-12-01,65.352829103,5080,1.8152643927922636
2022-12-02,65.352829103,5081,1.8152643927922636
2022-12-03,65.434579462,5082,1.8158073156136676
2022-12-04,65.486363712,5083,1.8161508758516571
2022-12-05,65.486363712,5084,1.8161508758516571
2022-12-06,65.566863712,5085,1.8166844103685462
2022-12-07,65.675363712,5086,1.817402486599748
2022-12-08,65.675362712,5087,1.817402479987002
2022-12-09,65.697842712,5088,1.817551109077949
2022-12-10,65.698342212,5089,1.8175544110017277
2022-12-11,65.698342212,5090,1.8175544110017277
2022-12-12,65.698342212,5091,1.8175544110017277
2022-12-13,65.782208212,5092,1.8181084480184806
2022-12-14,65.977518212,5093,1.81939597524229
2022-12-15,65.962268212,5094,1.8192955810995066
2022-12-16,66.030168212,5095,1.8197424036405758
2022-12-17,66.042368212,5096,1.819822638227383
2022-12-18,66.147253212,5097,1.8205118146665413
2022-12-19,66.147253212,5098,1.8205118146665413
2022-12-20,66.200693212,5099,1.8208625371220284
2022-12-21,66.233093212,5100,1.8210750379025973
2022-12-22,66.237845405,5101,1.8211061972077138
2022-12-23,66.237845405,5102,1.8211061972077138
2022-12-24,66.237795405,5103,1.8211058693780244
2022-12-25,66.237795405,5104,1.8211058693780244
2022-12-26,66.237795405,5105,1.8211058693780244
2022-12-27,66.240295405,5106,1.8211222605593624
2022-12-28,66.240295405,5107,1.8211222605593624
2022-12-29,66.247817799,5108,1.821171577198107
2022-12-30,66.256361891,5109,1.8212275852730566
2022-12-31,66.256361891,5110,1.8212275852730566
2023-01-01,66.256361891,5111,1.8212275852730566
2023-01-02,66.256361891,5112,1.8212275852730566
2023-01-03,66.256361891,5113,1.8212275852730566
2023-01-04,66.256361891,5114,1.8212275852730566
2023-01-05,66.256361891,5115,1.8212275852730566
2023-01-06,66.265138847,5116,1.8212851122938503
2023-01-07,66.265138847,5117,1.8212851122938503
2023-01-08,66.265138847,5118,1.8212851122938503
2023-01-09,66.265138847,5119,1.8212851122938503
2023-01-10,66.265138847,5120,1.8212851122938503
2023-01-11,66.265235155,5121,1.8212857434855039
2023-01-12,66.265235023,5122,1.8212857426203917
2023-01-13,66.265234655,5123,1.8212857402085634
2023-01-14,66.265234518,5124,1.8212857393106816
2023-01-15,66.348034455,5125,1.8218280615185924
2023-01-16,66.348038279,5126,1.8218280865493572
2023-01-17,66.477485277,5127,1.8226745825122337
2023-01-18,66.477485276,5128,1.8226745825057007
2023-01-19,66.477485276,5129,1.8226745825057007
2023-01-20,66.477485276,5130,1.8226745825057007
2023-01-21,66.477485276,5131,1.8226745825057007
2023-01-22,66.690157269,5132,1.8240617415748734
2023-01-23,66.736957267,5133,1.8243664020149748
2023-01-24,66.847026263,5134,1.8250820921321027
2023-01-25,67.025890257,5135,1.8262425911164595
2023-01-26,67.181010253,5136,1.8272465303779932
2023-01-27,67.317930248,5137,1.8281307547237082
2023-01-28,67.49709424,5138,1.8292850767910689
2023-01-29,67.612864237,5139,1.83002933404255
2023-01-30,67.768684232,5140,1.831029053644612
2023-01-31,67.803984798,5141,1.8312552178335748
2023-02-01,67.78562678,5142,1.8311376161106696
2023-02-02,67.807926779,5143,1.8312804660669584
2023-02-03,68.021246768,5144,1.8326445878951494
2023-02-04,68.021246768,5145,1.8326445878951494
2023-02-05,68.057281686,5146,1.8328745987070951
2023-02-06,68.057281686,5147,1.8328745987070951
2023-02-07,68.175431684,5148,1.8336278965569837
2023-02-08,68.175031684,5149,1.833625348449871
2023-02-09,68.175031684,5150,1.833625348449871
2023-02-10,68.177031683,5151,1.8336380888295634
2023-02-11,68.312091683,5152,1.8344975834240627
2023-02-12,68.37929168,5153,1.8349245977612385
2023-02-13,68.40429168,5154,1.8350833501773074
2023-02-14,69.122316678,5155,1.8396182853679894
2023-02-15,69.484915674,5156,1.8418905347977557
2023-02-16,69.77838067,5157,1.8437208866620551
2023-02-17,70.146890659,5158,1.846008425192368
2023-02-18,70.286590658,5159,1.846872477811894
2023-02-19,70.395855657,5160,1.8475470921211494
2023-02-20,70.395855657,5161,1.8475470921211494
2023-02-21,70.432115656,5162,1.8477707340252496
2023-02-22,70.452425653,5163,1.847895950313761
2023-02-23,70.583245569,5164,1.848701624274732
2023-02-24,70.680398565,5165,1.8492989898173544
2023-02-25,70.790878484,5166,1.849977301767844
2023-02-26,70.839528483,5167,1.8502756618078064
2023-02-27,70.876378483,5168,1.8505015186274318
2023-02-28,70.919778481,5169,1.8507673704056204
2023-03-01,70.961078475,5170,1.8510202073335649
2023-03-02,71.055458455,5171,1.8515974458923479
2023-03-03,71.109278154,5172,1.8519262700433647
2023-03-04,71.351777828,5173,1.8534047986317606
2023-03-05,71.435397827,5174,1.8539134676789277
2023-03-06,71.472117827,5175,1.8541366510944879
2023-03-07,71.584111032,5176,1.8548166360383997
2023-03-08,71.729084555,5177,1.855695288171991
2023-03-09,71.733132005,5178,1.855719793372641
2023-03-10,71.799456169,5179,1.8561211547757703
2023-03-11,72.07514793,5180,1.857785542425029
2023-03-12,72.120358309,5181,1.8580578757213981
2023-03-13,72.557454192,5182,1.8606820363210208
2023-03-14,72.89220429,5183,1.8626810836695076
2023-03-15,73.400359945,5184,1.8656981896401033
2023-03-16,74.246550264,5185,1.8706762797250893
2023-03-17,75.1638409,5186,1.876008964603781
2023-03-18,76.173667892,5187,1.881804868116736
2023-03-19,76.213483077,5188,1.882031810026536
2023-03-20,76.102599077,5189,1.8813994891690482
2023-03-21,76.849069864,5190,1.8856386154222726
2023-03-22,77.428990195,5191,1.88890359536583
2023-03-23,77.77643126,5192,1.8908480118424682
2023-03-24,78.478753061,5193,1.8947520939765155
2023-03-25,79.014941308,5194,1.8977092218482539
2023-03-26,79.07878306,5195,1.8980599773539084
2023-03-27,79.097783049,5196,1.8981643112716509
2023-03-28,79.448607421,5197,1.9000862892756114
2023-03-29,79.513544279,5198,1.9004411123623484
2023-03-30,79.6335479,5199,1.9010960652059432
2023-03-31,79.665014575,5200,1.9012676399305581
2023-04-01,79.686510462,5201,1.9013848091281815
2023-04-02,79.686510462,5202,1.9013848091281815
2023-04-03,79.795510453,5203,1.9019784572612826
2023-04-04,79.901325455,5204,1.9025539837322387
2023-04-05,79.997214449,5205,1.9030748648608158
2023-04-06,80.10043355,5206,1.9036348667442011
2023-04-07,80.188035456,5207,1.904109573732219
2023-04-08,80.193187657,5208,1.9041374769046886
2023-04-09,80.203187657,5209,1.9041916295601482
2023-04-10,80.203187657,5210,1.9041916295601482
2023-04-11,80.343238527,5211,1.9049493335701444
2023-04-12,80.443266292,5212,1.905489696233415
2023-04-13,80.570447403,5213,1.9061757752626982
2023-04-14,80.756955086,5214,1.9071799356520143
2023-04-15,80.896461591,5215,1.9079295259990363
2023-04-16,80.913461589,5216,1.9080207812843222
2023-04-17,80.923461589,5217,1.9080744519144759
2023-04-18,81.052922317,5218,1.9087686777072732
2023-04-19,81.164195713,5219,1.9093644894197714
2023-04-20,81.291398302,5220,1.9100445939629376
2023-04-21,81.397398449,5221,1.9106105245784033
2023-04-22,80.620559312,5222,1.9064458067824586
2023-04-23,81.431518639,5223,1.910792534146733
2023-04-24,81.441518639,5224,1.9108458633520706
2023-04-25,81.528400004,5225,1.911308919372329
2023-04-26,81.566488286,5226,1.9115117648590505
2023-04-27,81.581156971,5227,1.9115898601200567
2023-04-28,81.605185849,5228,1.9117177581906526
2023-04-29,81.687767335,5229,1.9121570262182732
2023-04-30,81.697767321,5230,1.9122101880695164
2023-05-01,81.707767325,5231,1.9122633435097045
2023-05-02,81.790847851,5232,1.9127047101483403
2023-05-03,81.854781265,5233,1.9130440523045846
2023-05-04,81.975475257,5234,1.913683943193117
2023-05-05,82.052222893,5235,1.9140903511061975
2023-05-06,82.068081639,5236,1.9141742818047027
2023-05-07,82.073081634,5237,1.9142007403748191
2023-05-08,82.078081629,5238,1.914227197333095
2023-05-09,82.325354103,5239,1.9155336074027511
2023-05-10,82.466060394,5240,1.916275247745935
2023-05-11,82.5991146,5241,1.9169753920371475
2023-05-12,82.713159758,5242,1.9175746117969268
2023-05-13,82.783885203,5243,1.9179458047976325
2023-05-14,82.783885203,5244,1.9179458047976325
2023-05-15,82.804277277,5245,1.918052770961456
2023-05-16,82.80927727,5246,1.9180789942905314
2023-05-17,82.832082711,5247,1.9181985812976339
2023-05-18,82.840018135,5248,1.9182401852954079
2023-05-19,82.843573932,5249,1.9182588264052105
2023-05-20,82.8957283,5250,1.9185321514967506
2023-05-21,82.900728295,5251,1.918558345907455
2023-05-22,82.905728289,5252,1.9185845387331042
2023-05-23,82.949208885,5253,1.9188122483649914
2023-05-24,83.01357395,5254,1.9191491117687116
2023-05-25,83.049248,5255,1.919335704325896
2023-05-26,83.063200196,5256,1.9194086592647137
2023-05-27,83.098239535,5257,1.9195918232024773
2023-05-28,83.103239529,5258,1.9196179537738371
2023-05-29,83.103239529,5259,1.9196179537738371
2023-05-30,83.118939765,5260,1.9196999948818123
2023-05-31,83.160474162,5261,1.9199169569142782
2023-06-01,83.198487627,5262,1.9201154318049283
2023-06-02,83.225841346,5263,1.920258194217149
2023-06-03,83.128645073,5264,1.9197507019247864
2023-06-04,83.133645068,5265,1.9197768229440129
2023-06-05,83.13864506,5266,1.919802942376591
2023-06-06,83.195143057,5267,1.920097972863867
2023-06-07,83.266980941,5268,1.9204728184779962
2023-06-08,83.277591266,5269,1.9205281550830129
2023-06-09,83.297749826,5270,1.9206332696978947
2023-06-10,83.332664064,5271,1.9208152660186284
2023-06-11,83.343664057,5272,1.9208725895308711
2023-06-12,83.348664057,5273,1.920898643188346
2023-06-13,83.478930155,5274,1.9215768746200905
2023-06-14,83.505217924,5275,1.9217136137446589
2023-06-15,83.539459054,5276,1.9218916587358603
2023-06-16,83.544985808,5277,1.9219203895823243
2023-06-17,83.549735056,5278,1.9219450770432982
2023-06-18,83.156027042,5279,1.9198937318023641
2023-06-19,83.156027042,5280,1.9198937318023641
2023-06-20,83.159185882,5281,1.9199102289917342
2023-06-21,83.166935125,5282,1.919950697120924
2023-06-22,83.174169306,5283,1.9199884720882372
2023-06-23,83.184169317,5284,1.9200406840739719
2023-06-24,83.184169317,5285,1.9200406840739719
2023-06-25,83.189169317,5286,1.920066787684418
2023-06-26,83.194169312,5287,1.9200928896998795
2023-06-27,83.216257484,5288,1.9202081802072828
2023-06-28,83.222640434,5289,1.9202414906893792
2023-06-29,83.307731669,5290,1.9206853095143572
2023-06-30,83.35986336,5291,1.9209569940786901
2023-07-01,83.320859006,5292,1.9207537387078093
2023-07-02,83.320859006,5293,1.9207537387078093
2023-07-03,83.320859006,5294,1.9207537387078093
2023-07-04,83.331873579,5295,1.9208111463267206
2023-07-05,83.333734068,5296,1.920820842389607
2023-07-06,83.334004999,5297,1.9208222543465812
2023-07-07,83.334319952,5298,1.9208238957184496
2023-07-08,83.337768993,5299,1.920841869927375
2023-07-09,83.337768983,5300,1.9208418698752625
2023-07-10,83.329868983,5301,1.9208006989982827
2023-07-11,83.328289818,5302,1.920792468706403
2023-07-12,83.352634014,5303,1.9209193284552126
2023-07-13,83.357216574,5304,1.92094320443512
2023-07-14,83.413240012,5305,1.921234990778984
2023-07-15,83.593002993,5306,1.922169927095673
2023-07-16,83.617525941,5307,1.9222973135843187
2023-07-17,83.62852593,5308,1.922354441803217
2023-07-18,83.729629319,5309,1.9228791685393671
2023-07-19,83.784430445,5310,1.9231633217323165
2023-07-20,83.754595772,5311,1.9230086469167489
2023-07-21,83.798446907,5312,1.9232359696330186
2023-07-22,83.775338994,5313,1.923116193868404
2023-07-23,83.780338989,5314,1.9231421132554978
2023-07-24,83.780338989,5315,1.9231421132554978
2023-07-25,83.788525522,5316,1.9231845479419298
2023-07-26,83.789146039,5317,1.9231877642070385
2023-07-27,83.794928377,5318,1.923217734089268
2023-07-28,83.800932183,5319,1.9232488496527267
2023-07-29,83.803836403,5320,1.9232639003786816
2023-07-30,83.803836403,5321,1.9232639003786816
2023-07-31,83.797285742,5322,1.9232299517285751
2023-08-01,83.873378189,5323,1.9236241355570463
2023-08-02,83.874617419,5324,1.9236305522149486
2023-08-03,83.876255948,5325,1.9236390362733489
2023-08-04,83.876255948,5326,1.9236390362733489
2023-08-05,83.881700967,5327,1.9236672285779033
2023-08-06,83.881700967,5328,1.9236672285779033
2023-08-07,83.881700967,5329,1.9236672285779033
2023-08-08,83.55776434,5330,1.9219868115405545
2023-08-09,83.511223882,5331,1.9217448484469535
2023-08-10,83.512053052,5332,1.921749160468154
2023-08-11,83.512552527,5333,1.9217517579206145
2023-08-12,83.387991626,5334,1.9211035141142996
2023-08-13,83.387991626,5335,1.9211035141142996
2023-08-14,83.387991626,5336,1.9211035141142996
2023-08-15,83.389050707,5337,1.9211090298978601
2023-08-16,83.159126422,5338,1.9199099184648953
2023-08-17,82.994370395,5339,1.9190486346735998
2023-08-18,82.819461935,5340,1.918132404632678
2023-08-19,82.823608782,5341,1.9181541496143661
2023-08-20,82.823608782,5342,1.9181541496143661
2023-08-21,82.823608782,5343,1.9181541496143661
2023-08-22,82.826097691,5344,1.9181672002797463
2023-08-23,82.832852959,5345,1.918202619743727
2023-08-24,82.822901509,5346,1.9181504409366457
2023-08-25,82.826258267,5347,1.9181680422511185
2023-08-26,82.828725797,5348,1.918180980402893
2023-08-27,82.828725797,5349,1.918180980402893
2023-08-28,82.828725797,5350,1.918180980402893
2023-08-29,82.835281925,5351,1.918215354679523
2023-08-30,82.836705499,5352,1.9182228182265284
2023-08-31,82.839654049,5353,1.9182382765453645
2023-09-01,82.845642167,5354,1.9182696686684424
2023-09-02,82.877292012,5355,1.9184355522049825
2023-09-03,82.877292012,5356,1.9184355522049825
2023-09-04,82.877292012,5357,1.9184355522049825
2023-09-05,82.882641165,5358,1.918463581989829
2023-09-06,82.885039764,5359,1.9184761501611907
2023-09-07,82.888307993,5360,1.918493274431644
2023-09-08,82.890066233,5361,1.9185024866577074
2023-09-09,82.993370803,5362,1.9190434039585287
2023-09-10,82.993370803,5363,1.9190434039585287
2023-09-11,82.993370803,5364,1.9190434039585287
2023-09-12,83.003117902,5365,1.9190944063784974
2023-09-13,83.008854473,5366,1.9191244206129612
2023-09-14,83.011848204,5367,1.9191400832481962
2023-09-15,83.019048236,5368,1.9191777501431675
2023-09-16,83.019048236,5369,1.9191777501431675
2023-09-17,83.019048236,5370,1.9191777501431675
2023-09-18,83.019048236,5371,1.9191777501431675
2023-09-19,83.068755239,5372,1.919437702738213
2023-09-20,83.139501601,5373,1.919807416699132
2023-09-21,83.168141273,5374,1.919956995532926
2023-09-22,83.171325515,5375,1.9199736229606377
2023-09-23,83.178483701,5376,1.9200109991463612
2023-09-24,83.18086647,5377,1.9200234399671188
2023-09-25,83.18086647,5378,1.9200234399671188
2023-09-26,83.185008082,5379,1.9200450631424606
2023-09-27,83.243973134,5380,1.9203528003838126
2023-09-28,83.248340765,5381,1.9203755862770266
2023-09-29,83.253698407,5382,1.9204035354164966
2023-09-30,83.221172676,5383,1.92023383117728
2023-10-01,83.232172676,5384,1.9202912315172704
2023-10-02,83.234172676,5385,1.9203016671276878
2023-10-03,83.317986709,5386,1.9207387671358176
2023-10-04,83.342217736,5387,1.9208650528490285
2023-10-05,83.344022138,5388,1.9208744554467756
2023-10-06,83.37967019,5389,1.9210601729329224
2023-10-07,83.413066842,5390,1.9212340891612854
2023-10-08,83.451566842,5391,1.9214344951728028
2023-10-09,83.451566842,5392,1.9214344951728028
2023-10-10,83.472069062,5393,1.921541178699187
2023-10-11,83.489869062,5394,1.9216337799458425
2023-10-12,83.497134325,5395,1.9216715704752667
2023-10-13,83.49915775,5396,1.9216820948084858
2023-10-14,83.504131933,5397,1.9217079656788576
2023-10-15,83.504131933,5398,1.9217079656788576
2023-10-16,83.508131933,5399,1.921728768677245
2023-10-17,83.564073494,5400,1.9220196023571765
2023-10-18,83.658558996,5401,1.9225103796627876
2023-10-19,83.792007688,5402,1.9232025964043629
2023-10-20,83.902581464,5403,1.9237753231448307
2023-10-21,84.130259194,5404,1.9249522269204906
2023-10-22,84.131359672,5405,1.9249579077349992
2023-10-23,84.142359672,5406,1.9250146871218978
2023-10-24,84.264122116,5407,1.9256427005592145
2023-10-25,84.233811435,5408,1.92548645221402
2023-10-26,84.368685906,5409,1.9261812847571123
2023-10-27,84.487655718,5410,1.9267932598942874
2023-10-28,84.515238111,5411,1.926935019374407
2023-10-29,84.515238111,5412,1.926935019374407
2023-10-30,84.515238111,5413,1.926935019374407
2023-10-31,84.564598508,5414,1.927188591285515
2023-11-01,84.778830833,5415,1.9282874230097709
2023-11-02,84.849462984,5416,1.928649097993429
2023-11-03,85.174392534,5417,1.9303090448513325
2023-11-04,85.329884145,5418,1.931101155978105
2023-11-05,85.339884144,5419,1.9311520489327654
2023-11-06,85.367984142,5420,1.9312950262226307
2023-11-07,85.71210969,5421,1.9330421848171362
2023-11-08,86.059207862,5422,1.9347973442709896
2023-11-09,86.236089163,5423,1.935689052881614
2023-11-10,86.489374731,5424,1.9369627574170623
2023-11-11,86.651790617,5425,1.9377775416263618
2023-11-12,86.766265615,5426,1.9383509059950863
2023-11-13,86.776580495,5427,1.9384025323867375
2023-11-14,87.049399807,5428,1.9397657810661406
2023-11-15,87.295398005,5429,1.9409913493903983
2023-11-16,87.406916113,5430,1.9415457977474142
2023-11-17,87.502024032,5431,1.9420180989167386
2023-11-18,87.650408687,5432,1.9427539454166378
2023-11-19,87.665708687,5433,1.942829747980481
2023-11-20,87.688283686,5434,1.9429415697578603
2023-11-21,87.999214565,5435,1.9444787958818883
2023-11-22,88.28077806,5436,1.9458661521479264
2023-11-23,88.445991835,5437,1.9466781564839077
2023-11-24,88.486990065,5438,1.9468794225812094
2023-11-25,88.683450806,5439,1.947842583820505
2023-11-26,88.700950806,5440,1.9479282751596407
2023-11-27,88.755950804,5441,1.9481974807660072
2023-11-28,88.89722419,5442,1.9488882003651884
2023-11-29,89.051834037,5443,1.9496428682568312
2023-11-30,89.253851478,5444,1.950626965843642
2023-12-01,89.317080453,5445,1.9509345186551723
2023-12-02,89.499174101,5446,1.951819027661909
2023-12-03,89.569124098,5447,1.95215832724265
2023-12-04,89.619724097,5448,1.95240360256146
2023-12-05,89.786241693,5449,1.9532097930750358
2023-12-06,90.005799511,5450,1.9542704940446294
2023-12-07,90.040209002,5451,1.9544364944172203
2023-12-08,90.228000442,5452,1.9553413330007317
2023-12-09,90.307767897,5453,1.9557251081175964
2023-12-10,90.561569096,5454,1.9569439386214802
2023-12-11,90.517569096,5455,1.9567328821986298
2023-12-12,90.606798292,5456,1.9571607843207048
2023-12-13,90.624753215,5457,1.9572468369306677
2023-12-14,90.631136003,5458,1.9572774236290715
2023-12-15,90.790069493,5459,1.9580383485183708
2023-12-16,90.884632596,5460,1.9584904559065892
2023-12-17,90.884632596,5461,1.9584904559065892
2023-12-18,90.884632596,5462,1.9584904559065892
2023-12-19,90.890026114,5463,1.9585162282020538
2023-12-20,90.903282682,5464,1.9585795666646155
2023-12-21,90.9974784,5465,1.9590293579019877
2023-12-22,91.042674797,5466,1.9592450086348354
2023-12-23,91.166134358,5467,1.9598335401612148
2023-12-24,91.232934358,5468,1.9601516434595745
2023-12-25,91.288596668,5469,1.9604165309465085
2023-12-26,91.2980652,5470,1.96046157400892
2023-12-27,91.315808078,5471,1.9605459666554852
2023-12-28,91.427015093,5472,1.961074541163498
2023-12-29,91.497677422,5473,1.9614100700706965
2023-12-30,91.651728372,5474,1.962140659318362
2023-12-31,91.677093371,5475,1.962260835503042
2024-01-01,91.677928371,5476,1.9622647910630147
2024-01-02,91.68212737,5477,1.9622846820047812
2024-01-03,92.020117112,5478,1.9638827816462627
2024-01-04,92.411788606,5479,1.9657273759816827
2024-01-05,92.780444258,5480,1.9674564477078111
2024-01-06,93.320401318,5481,1.9699765977794317
2024-01-07,93.528001318,5482,1.97094165362439
2024-01-08,93.596751318,5483,1.9712607749223872
2024-01-09,94.063288707,5484,1.973420158785293
2024-01-10,94.368207275,5485,1.9748257047786415
2024-01-11,94.591242888,5486,1.9758509319466218
2024-01-12,94.980329573,5487,1.9776336722104864
2024-01-13,94.982958944,5488,1.9776456947578445
2024-01-14,94.982958944,5489,1.9776456947578445
2024-01-15,94.982958938,5490,1.9776456947304104
2024-01-16,95.093844052,5491,1.978152403574844
2024-01-17,95.101372849,5492,1.978186786300629
2024-01-18,95.137139323,5493,1.9783500884869318
2024-01-19,95.033236391,5494,1.9778755195711173
2024-01-20,95.033236391,5495,1.9778755195711173
2024-01-21,95.033236391,5496,1.9778755195711173
2024-01-22,94.902945511,5497,1.9772796918722015
2024-01-23,94.865026114,5498,1.9771061306020636
2024-01-24,95.563944196,5499,1.9802940660172381
2024-01-25,95.540986301,5500,1.9801897203351393
2024-01-26,95.543581705,5501,1.9802015179349908
2024-01-27,96.023872796,5502,1.9823792177757666
2024-01-28,96.022872795,5503,1.9823746949715413
2024-01-29,96.022872795,5504,1.9823746949715413
2024-01-30,96.040095474,5505,1.9824525831197954
2024-01-31,96.187066652,5506,1.9831166805692475
2024-02-01,96.206404754,5507,1.9832039853094343
2024-02-02,96.208938476,5508,1.9832154228742862
2024-02-03,96.218466557,5509,1.9832584312285702
2024-02-04,96.218466557,5510,1.9832584312285702
2024-02-05,96.219105918,5511,1.9832613170574722
2024-02-06,96.223618245,5512,1.983281683415572
2024-02-07,96.168527921,5513,1.9830329682278667
2024-02-08,96.173255742,5514,1.9830543184153613
2024-02-09,96.193378383,5515,1.9831451777477944
2024-02-10,96.208378383,5516,1.983212894564431
2024-02-11,96.328878383,5517,1.9837565035550346
2024-02-12,96.462258382,5518,1.9843574254415473
2024-02-13,96.655458382,5519,1.9852263847820169
2024-02-14,96.787758381,5520,1.9858204316495316
2024-02-15,96.9484541,5521,1.986540888389533
2024-02-16,97.334361243,5522,1.9882661831651145
2024-02-17,97.537110494,5523,1.989169885609669
2024-02-18,97.644529575,5524,1.9896479174452761
2024-02-19,97.674223122,5525,1.989779965633497
2024-02-20,97.694587262,5526,1.9898705024356134
2024-02-21,97.805414635,5527,1.9903628985606945
2024-02-22,97.828950767,5528,1.9904673956645775
2024-02-23,97.830410207,5529,1.9904738745443564
2024-02-24,97.89785776,5530,1.9907731885019109
2024-02-25,97.89785776,5531,1.9907731885019109
2024-02-26,97.897857458,5532,1.9907731871621783
2024-02-27,98.10629106,5533,1.991696857380369
2024-02-28,98.37806019,5534,1.9928982549270677
2024-02-29,98.695532864,5535,1.9942974961709623
2024-03-01,98.834150546,5536,1.9949070339703427
2024-03-02,99.173460259,5537,1.9963954664568928
2024-03-03,99.422260259,5538,1.9974836321368494
2024-03-04,99.525850149,5539,1.9979358960119011
2024-03-05,100.038817337,5540,2.0001685488416427
2024-03-06,100.434401358,5541,2.001882495288441
2024-03-07,100.752179979,5542,2.0032544517621083
2024-03-08,101.039338406,5543,2.0044904938461245
2024-03-09,101.586455788,5544,2.0068358086502407
2024-03-10,101.812755784,5545,2.0078021927311873
2024-03-11,102.012255784,5546,2.0086523511699492
2024-03-12,102.428495868,5547,2.010420795278565
2024-03-13,102.656982792,5548,2.0113884956928967
2024-03-14,103.124150069,5549,2.0133603821944477
2024-03-15,103.256569684,5550,2.0139176931298004
2024-03-16,103.308077351,5551,2.014134279039718
2024-03-17,103.403077351,5552,2.0145334638707935
2024-03-18,103.403287141,5553,2.0145343449910587
2024-03-19,103.656755951,5554,2.0155976130060633
2024-03-20,103.767644673,5555,2.0160619591920743
2024-03-21,103.892152366,5556,2.016582743776043
2024-03-22,104.042110539,5557,2.0172091534637113
2024-03-23,104.007508096,5558,2.017064691288847
2024-03-24,103.997508096,5559,2.0170229332110674
2024-03-25,104.002508096,5560,2.017043812751845
2024-03-26,104.231823342,5561,2.0180003350075637
2024-03-27,104.358215527,5562,2.0185266442744565
2024-03-28,104.438284293,5563,2.0188597286411114
2024-03-29,104.488442732,5564,2.0190682566165146
2024-03-30,104.489471207,5565,2.019072531336353
2024-03-31,104.489471207,5566,2.019072531336353
2024-04-01,104.430769909,5567,2.0188284798233296
2024-04-02,104.64206861,5568,2.019706316387573
2024-04-03,105.262851088,5569,2.0222751288868155
2024-04-04,106.128909629,5570,2.025833702300546
2024-04-05,106.577580717,5571,2.0276658576464763
2024-04-06,106.790630717,5572,2.0285331515090235
2024-04-07,106.876390717,5573,2.0288817789810416
2024-04-08,106.877390717,5574,2.0288858424832545
2024-04-09,107.027788864,5575,2.0294965532310902
2024-04-10,107.160428303,5576,2.0300344407448474
2024-04-11,107.238627404,5577,2.03035124661368
2024-04-12,107.277465966,5578,2.030508506361245
2024-04-13,107.330394387,5579,2.030722725184399
2024-04-14,107.660374387,5580,2.032055885733482
2024-04-15,107.695174387,5581,2.032196243836051
2024-04-16,108.06484162,5582,2.033684421298175
2024-04-17,108.741585291,5583,2.036395660081132
2024-04-18,109.092586086,5584,2.0377952370104655
2024-04-19,109.517186689,5585,2.0394822789796945
2024-04-20,109.818107184,5586,2.040673953973355
2024-04-21,109.834873894,5587,2.040740255733623
2024-04-22,109.832373894,5588,2.040730370452902
2024-04-23,110.176193831,5589,2.0420877650717375
2024-04-24,110.369006778,5590,2.042847134307836
2024-04-25,110.369006778,5591,2.042847134307836
2024-04-26,110.369006778,5592,2.042847134307836
2024-04-27,110.369006778,5593,2.042847134307836
2024-04-28,110.347920449,5594,2.0427641531203826
2024-04-29,110.347842716,5595,2.042763847187795
2024-04-30,110.412147302,5596,2.0430168561469677
2024-05-01,110.402299123,5597,2.0429781176507453
2024-05-02,110.350061982,5598,2.0427725814345385
2024-05-03,110.339251952,5599,2.0427300353202904
2024-05-04,110.503046757,5600,2.043374252423947
2024-05-05,110.634861194,5601,2.0438919953105885
2024-05-06,110.636188433,5602,2.0438972053240527
2024-05-07,110.821623436,5603,2.0446245078896883
2024-05-08,110.787681018,5604,2.044491471914584
2024-05-09,110.78959919,5605,2.044498991200985
2024-05-10,110.739444345,5606,2.0443023400310185
2024-05-11,110.603634075,5607,2.043769396704582
2024-05-12,110.603634065,5608,2.043769396665316
2024-05-13,110.588634065,5609,2.043710493908058
2024-05-14,110.595556329,5610,2.043737677596486
2024-05-15,110.683196744,5611,2.044081693911544
2024-05-16,110.717237401,5612,2.044215240800637
2024-05-17,110.899115803,5613,2.0449280835395225
2024-05-18,111.02884926,5614,2.0454358386653375
2024-05-19,111.128449259,5615,2.045825254031385
2024-05-20,111.128449259,5616,2.045825254031385
2024-05-21,111.057749078,5617,2.04554886693134
2024-05-22,111.42375959,5618,2.0469778080602845
2024-05-23,111.446156187,5619,2.0470650941212076
2024-05-24,111.590570266,5620,2.0476274969808714
2024-05-25,111.588108138,5621,2.0476179146263935
2024-05-26,111.588108133,5622,2.047617914606934
2024-05-27,111.589908132,5623,2.04762492004274
2024-05-28,111.606077061,5624,2.0476878430083945
2024-05-29,111.60356879,5625,2.0476780824243455
2024-05-30,111.604510878,5626,2.047681748453106
2024-05-31,111.616920065,5627,2.0477300345107827
2024-06-01,111.762088179,5628,2.048294507602767
2024-06-02,111.830758178,5629,2.0485612692909125
2024-06-03,111.790758178,5630,2.048405901598711
2024-06-04,112.253386803,5631,2.0501994529953174
2024-06-05,112.254796393,5632,2.050204906490598
2024-06-06,112.31508478,5633,2.050438089269065
2024-06-07,112.35538784,5634,2.0505939032177825
2024-06-08,112.376137266,5635,2.050674099899007
2024-06-09,112.374987252,5636,2.0506696554742208
2024-06-10,112.403987892,5637,2.0507817194960936
2024-06-11,112.409287892,5638,2.0508021965853267
2024-06-12,112.411964316,5639,2.0508125368548793
2024-06-13,112.457053102,5640,2.0509866987865033
2024-06-14,112.453723055,5641,2.0509738383886034
2024-06-15,112.472971806,5642,2.0510481703959127
2024-06-16,112.472301806,5643,2.051045583301743
2024-06-17,112.473915172,5644,2.051051813021545
2024-06-18,112.465611554,5645,2.051019749155035
2024-06-19,112.519098919,5646,2.05122624556859
2024-06-20,112.51906029,5647,2.051226096470663
2024-06-21,112.804377136,5648,2.0523259518559174
2024-06-22,112.804714097,5649,2.05232724914675
2024-06-23,112.844714097,5650,2.0524812205491783
2024-06-24,112.844714097,5651,2.0524812205491783
2024-06-25,112.837386516,5652,2.052453018684817
2024-06-26,112.732648639,5653,2.0520497108140257
2024-06-27,112.636116562,5654,2.0516776685667852
2024-06-28,112.659805872,5655,2.051768998552165
2024-06-29,112.690515631,5656,2.051887366068731
2024-06-30,112.775515629,5657,2.052214821443146
2024-07-01,112.739012075,5658,2.052074224805121
2024-07-02,112.651358402,5659,2.051736433014451
2024-07-03,112.497795679,5660,2.0511440128133756
2024-07-04,112.471997936,5661,2.051044409952924
2024-07-05,112.355735371,5662,2.0505952465495536
2024-07-06,112.245912309,5663,2.050170534138882
2024-07-07,112.231905142,5664,2.0501163351502054
2024-07-08,112.231905142,5665,2.0501163351502054
2024-07-09,112.229273118,5666,2.050106150106107
2024-07-10,112.271931338,5667,2.050271193583906
2024-07-11,112.364578514,5668,2.050629427066154
2024-07-12,112.371024626,5669,2.050654340883395
2024-07-13,112.190715732,5670,2.0499569186563864
2024-07-14,112.469048012,5671,2.0510330190952897
2024-07-15,112.539048012,5672,2.0513032370585647
2024-07-16,112.864302779,5673,2.052556603062819
2024-07-17,113.216677692,5674,2.053910406499807
2024-07-18,113.62453919,5675,2.055472134930609
2024-07-19,113.678352175,5676,2.0556777696476733
2024-07-20,113.859727368,5677,2.0563701395781555
2024-07-21,114.021327368,5678,2.0569860924937786
2024-07-22,114.066827367,5679,2.0571593623312885
2024-07-23,114.307338921,5680,2.0580741144773027
2024-07-24,114.471818448,5681,2.0586985818815107
2024-07-25,114.453302193,5682,2.0586283274038277
2024-07-26,114.336302185,5683,2.0581841423419704
2024-07-27,114.381331841,5684,2.0583551491072227
2024-07-28,114.469974704,5685,2.0586915868472335
2024-07-29,114.469974704,5686,2.0586915868472335
2024-07-30,114.513725531,5687,2.0588575440132373
2024-07-31,114.518259273,5688,2.0588747379360415
2024-08-01,114.547619142,5689,2.0589860668624986
2024-08-02,114.553402686,5690,2.0590079939689385
2024-08-03,114.594788858,5691,2.0591648687511572
2024-08-04,114.579788856,5692,2.0591080176102374
2024-08-05,114.579788856,5693,2.0591080176102374
2024-08-06,114.457553704,5694,2.058644459515693
2024-08-07,114.578293183,5695,2.0591023484885125
2024-08-08,114.966872515,5696,2.0605727172532537
2024-08-09,115.416775013,5697,2.062268935042598
2024-08-10,115.574281399,5698,2.0628612018252896
2024-08-11,115.640681399,5699,2.0631106420348866
2024-08-12,115.640681399,5700,2.0631106420348866
2024-08-13,115.889054746,5701,2.0640424205375316
2024-08-14,116.129081961,5702,2.064940992809927
2024-08-15,116.534312382,5703,2.066453817929608
2024-08-16,116.709344091,5704,2.0671056283221843
2024-08-17,116.83396926,5705,2.067569131451979
2024-08-18,116.88729926,5706,2.0677673241562076
2024-08-19,116.88895776,5707,2.0677734862652892
2024-08-20,116.995756969,5708,2.068170111674674
2024-08-21,117.276576505,5709,2.06921127971615
2024-08-22,117.40826394,5710,2.0696986663939643
2024-08-23,117.648169338,5711,2.070585173733966
2024-08-24,117.713064005,5712,2.070824664291497
2024-08-25,117.842339087,5713,2.071301354358121
2024-08-26,117.844216713,5714,2.071308274079173
2024-08-27,117.979455231,5715,2.071806386487165
2024-08-28,117.937170815,5716,2.071650705312474
2024-08-29,118.086718409,5717,2.072201053870504
2024-08-30,118.207965633,5718,2.0726467431602495
2024-08-31,118.210924869,5719,2.0726576152175777
2024-09-01,118.210924869,5720,2.0726576152175777
2024-09-02,118.211124869,5721,2.0726583499958817
2024-09-03,118.123924395,5722,2.0723378669654213
2024-09-04,118.124409888,5723,2.0723396519255695
2024-09-05,118.1368918,5724,2.0723855403166986
2024-09-06,118.118409375,5725,2.072317589966665
2024-09-07,118.173609123,5726,2.072520499455926
2024-09-08,118.177509123,5727,2.072534831932896
2024-09-09,118.177509123,5728,2.072534831932896
2024-09-10,118.420988938,5729,2.073428683570192
2024-09-11,118.433539059,5730,2.0734747071640722
2024-09-12,118.43478876,5731,2.0734792897796823
2024-09-13,118.383833822,5732,2.0732924003492874
2024-09-14,118.608616138,5733,2.074116238819742
2024-09-15,119.047660344,5734,2.0757208645903313
2024-09-16,118.81228709,5735,2.07486135596042
2024-09-17,118.72825045,5736,2.0745540681944643
2024-09-18,118.853251348,5737,2.0750110667809096
2024-09-19,118.896720603,5738,2.075169876118588
2024-09-20,119.067964666,5739,2.075794929910693
2024-09-21,119.161364466,5740,2.076135467492501
2024-09-22,119.157360693,5741,2.076120875130783
2024-09-23,119.157360693,5742,2.076120875130783
2024-09-24,119.238696383,5743,2.076417219316611
2024-09-25,119.229928664,5744,2.0763852841135497
2024-09-26,119.274429856,5745,2.076547349263788
2024-09-27,119.347429356,5746,2.0768130691029123
2024-09-28,119.405929,5747,2.07702589185243
2024-09-29,119.406925003,5748,2.0770295144263375
2024-09-30,119.622396997,5749,2.0778125005684838
2024-10-01,119.650346135,5750,2.077913959316385
2024-10-02,119.650346135,5751,2.077913959316385
2024-10-03,119.633735737,5752,2.0778536644221424
2024-10-04,119.635112439,5753,2.077858662098074
2024-10-05,119.653257237,5754,2.0779245256055434
2024-10-06,119.670028849,5755,2.077985395725416
2024-10-07,119.670467362,5756,2.0779869871299557
2024-10-08,119.850367555,5757,2.0786393702583963
2024-10-09,119.841275909,5758,2.0786064241645397
2024-10-10,119.84937737,5759,2.0786357821704597
2024-10-11,119.725377367,5760,2.078186214586205
2024-10-12,119.729627115,5761,2.078201629942506
2024-10-13,119.731227066,5762,2.078207433395375
2024-10-14,119.731227066,5763,2.078207433395375
2024-10-15,119.759196663,5764,2.0783088741252733
2024-10-16,119.801443876,5765,2.0784620523070534
2024-10-17,119.966698833,5766,2.0790607083794215
2024-10-18,120.002859304,5767,2.0791915940905854
2024-10-19,120.087102221,5768,2.079496365146081
2024-10-20,120.152102217,5769,2.0797313737521197
2024-10-21,120.179102217,5770,2.0798289553465557
2024-10-22,120.202666053,5771,2.079914100272926
2024-10-23,120.190604126,5772,2.0798705181182533
2024-10-24,120.204789939,5773,2.0799217738449975
2024-10-25,120.242344735,5774,2.0800574364373303
2024-10-26,120.284592333,5775,2.0802100006290787
2024-10-27,120.318443412,5776,2.0803322047140576
2024-10-28,120.319443409,5777,2.0803358142302875
2024-10-29,120.180277118,5778,2.0798332010974185
2024-10-30,120.464260834,5779,2.080858220149261
2024-10-31,120.533635657,5780,2.081108256386779
2024-11-01,120.482951828,5781,2.0809255991862052
2024-11-02,120.536423457,5782,2.081118300986769
2024-11-03,120.585101455,5783,2.0812936531144266
2024-11-04,120.585101455,5784,2.0812936531144266
2024-11-05,121.509925391,5785,2.0846117542017097
2024-11-06,121.508090966,5786,2.084605197645394
2024-11-07,121.996707673,5787,2.0863481105211243
2024-11-08,122.481730696,5788,2.0880713144179337
2024-11-09,123.428055689,5789,2.0914138877849773
2024-11-10,123.695285992,5790,2.0923531490497185
2024-11-11,123.966113535,5791,2.093302985839634
2024-11-12,125.803947511,5792,2.0996942687352207
2024-11-13,126.606120653,5793,2.1024547017442847
2024-11-14,127.60031735,5794,2.105851754504128
2024-11-15,129.191525913,5795,2.1112340278237687
2024-11-16,129.191516826,5796,2.1112339972766097
2024-11-17,129.417831726,5797,2.1119941193517286
2024-11-18,129.567822731,5798,2.1124971609061047
2024-11-19,129.458065433,5799,2.112129112815926
2024-11-20,129.942382199,5800,2.1137508243071177
2024-11-21,131.244196679,5801,2.118080108984598
2024-11-22,131.559452114,5802,2.119122056173022
2024-11-23,132.873420057,5803,2.123438113545607
2024-11-24,134.013442053,5804,2.1271483619219453
2024-11-25,134.424635741,5805,2.1284788683153235
2024-11-26,134.693131223,5806,2.129345449115642
2024-11-27,134.722943242,5807,2.129441562129126
2024-11-28,135.137486676,5808,2.1307758375363104
2024-11-29,135.965852342,5809,2.1334298495351502
2024-11-30,136.271708422,5810,2.1344057006507406
2024-12-01,134.392441049,5811,2.128374842355991
2024-12-02,134.476541006,5812,2.12864652968984
2024-12-03,135.012360931,5813,2.1303735317422126
2024-12-04,135.338236018,5814,2.131420511643229
2024-12-05,136.045432502,5815,2.133683965649214
2024-12-06,136.97527808,5816,2.136642190789441
2024-12-07,138.038817923,5817,2.140001231612521
2024-12-08,138.262817923,5818,2.140705403956353
2024-12-09,138.399087923,5819,2.141133228044775
2024-12-10,138.643216096,5820,2.141898624118339
2024-12-11,138.953308451,5821,2.1428688917028644
2024-12-12,140.00580045,5822,2.146146028901406
2024-12-13,140.40491098,5823,2.147382298493319
2024-12-14,140.448004125,5824,2.1475155719202386
2024-12-15,140.568004125,5825,2.1478864784840366
2024-12-16,140.568004125,5826,2.1478864784840366
2024-12-17,140.758577764,5827,2.14847487003892
2024-12-18,140.912347295,5828,2.1489490493701258
2024-12-19,140.933906305,5829,2.1490154895585403
2024-12-20,140.886878527,5830,2.1488705470577
2024-12-21,140.468513507,5831,2.147578986571116
2024-12-22,140.177246923,5832,2.146677526200454
2024-12-23,140.152701207,5833,2.146601472470829
2024-12-24,139.800592088,5834,2.1455090107516273
2024-12-25,139.728411369,5835,2.145284721405831
2024-12-26,139.732311008,5836,2.145296841833237
2024-12-27,139.746088403,5837,2.14533966050288
2024-12-28,139.593778477,5838,2.144866062747609
2024-12-29,139.309508042,5839,2.1439807585578943
2024-12-30,139.257508041,5840,2.1438186193780795
2024-12-31,138.109585231,5841,2.140223821000584
2025-01-01,137.747095441,5842,2.1390824500120593
2025-01-02,137.56283174,5843,2.1385011072226585
2025-01-03,137.56283174,5844,2.1385011072226585
2025-01-04,137.568401171,5845,2.138518689909476
2025-01-05,137.563370385,5846,2.1385028077553554
2025-01-06,137.563370382,5847,2.1385028077458843
2025-01-07,137.886263996,5848,2.1395210046249726
2025-01-08,137.723427073,5849,2.1390078210350674
2025-01-09,137.943085879,5850,2.1396999372193357
2025-01-10,137.788031415,5851,2.139211495393338
2025-01-11,137.784795397,5852,2.1392012956593724
2025-01-12,137.748925154,5853,2.1390882187651448
2025-01-13,137.791589208,5854,2.139222709066281
2025-01-14,137.582647234,5855,2.1385636614739396
2025-01-15,137.582647233,5856,2.138563661470783
2025-01-16,137.792434596,5857,2.139225373570111
2025-01-17,137.802584445,5858,2.139257362707144
2025-01-18,138.609880783,5859,2.14179418999139
2025-01-19,138.687679683,5860,2.1420378822460058
2025-01-20,138.70017965,5861,2.1420770235891693
2025-01-21,138.761501548,5862,2.1422689907266843
2025-01-22,138.851168099,5863,2.1425495376463495
2025-01-23,139.155191071,5864,2.143499411973976
2025-01-24,139.23652074,5865,2.143753162541741
2025-01-25,139.787677372,5866,2.1454688889689146
2025-01-26,139.786746494,5867,2.1454659968933583
2025-01-27,139.791921674,5868,2.1454820750307344
2025-01-28,139.914228538,5869,2.145861882192495
2025-01-29,139.925628535,5870,2.145897266400058
2025-01-30,139.982628523,5871,2.146074144216092
2025-01-31,140.004528519,5872,2.1461420833854197
2025-02-01,139.981016588,5873,2.146069143177651
2025-02-02,139.981116584,5874,2.146069453417543
2025-02-03,139.976116582,5875,2.146053940524707
2025-02-04,139.934356581,5876,2.1459243552474705
2025-02-05,141.281000185,5877,2.150083760789615
2025-02-06,141.868639474,5878,2.1518864038533834
2025-02-07,141.827071091,5879,2.1517591342556037
2025-02-08,142.12649183,5880,2.1526750362895406
2025-02-09,142.199011789,5881,2.1528965782778857
2025-02-10,142.191510636,5882,2.1528736681659115
2025-02-11,142.341381105,5883,2.1533311753687383
2025-02-12,142.266481024,5884,2.153102589324909
2025-02-13,142.417199851,5885,2.153562442596438
2025-02-14,142.225869513,5886,2.1529785975534916
2025-02-15,142.413856453,5887,2.15355224694347
2025-02-16,142.412375399,5888,2.153547730410176
2025-02-17,142.412375399,5889,2.153547730410176
2025-02-18,142.249254877,5890,2.1530500001732262
2025-02-19,142.082304427,5891,2.1525399922958295
2025-02-20,142.682643615,5892,2.1543711473215637
2025-02-21,142.843643165,5893,2.154860918153895
2025-02-22,142.9514164,5894,2.1551884628185736
2025-02-23,142.951416393,5895,2.155188462797307
2025-02-24,142.874416382,5896,2.154954469386928
2025-02-25,142.812345771,5897,2.1547657527374993
2025-02-26,142.538814688,5898,2.1539331430072988
2025-02-27,142.421483648,5899,2.15357550563532
2025-02-28,142.614459639,5900,2.1541635607407184
2025-03-01,142.639292034,5901,2.154239174625443
2025-03-02,142.747292027,5902,2.154567878256687
2025-03-03,142.807791999,5903,2.154751904427873
2025-03-04,142.880555491,5904,2.154973129997768
2025-03-05,142.867265394,5905,2.1549327320288363
2025-03-06,143.090288607,5906,2.155610159633218
2025-03-07,143.171664724,5907,2.1558570747339676
2025-03-08,143.230964706,5908,2.1560369170446254
2025-03-09,143.280964688,5909,2.1561884968866534
2025-03-10,143.280964686,5910,2.156188496880591
2025-03-11,143.33693792,5911,2.156358122481424
2025-03-12,143.558693183,5912,2.1570294962898235
2025-03-13,143.747304639,5913,2.157599710117261
2025-03-14,143.748815811,5914,2.157604275699988
2025-03-15,143.836896633,5915,2.1578703043272593
2025-03-16,143.836896629,5916,2.157870304315182
2025-03-17,143.836896614,5917,2.157870304269892
2025-03-18,144.08775199,5918,2.158627065690957
2025-03-19,144.100778448,5919,2.1586663269261175
2025-03-20,144.275379309,5920,2.1591922247695696
2025-03-21,143.936579287,5921,2.1581711772841348
2025-03-22,144.193856062,5922,2.158946755978307
2025-03-23,144.22415576,5923,2.159038005422889
2025-03-24,144.224155757,5924,2.1590380054138554
2025-03-25,144.459985751,5925,2.1597475676870697
2025-03-26,144.698008877,5926,2.1604625550327814
2025-03-27,144.876968397,5927,2.160999349631862
2025-03-28,144.894219396,5928,2.16105105949121
2025-03-29,144.508879395,5929,2.159894533277852
2025-03-30,144.508879383,5930,2.1598945332417885
2025-03-31,144.649416568,5931,2.160316686295034
2025-04-01,144.734849785,5932,2.16057311471984
2025-04-02,144.756151239,5933,2.160637027614629
2025-04-03,144.814151238,5934,2.1608110031890404
2025-04-04,144.783250273,5935,2.1607183219801214
2025-04-05,144.77805997,5936,2.1607027527733744
2025-04-06,144.769059956,5937,2.1606757543599935
2025-04-07,144.569059955,5938,2.160075357076183
2025-04-08,144.888658855,5939,2.161034392445264
2025-04-09,144.700965625,5940,2.1604714292822016
2025-04-10,145.054575983,5941,2.161531433882007
2025-04-11,144.851154191,5942,2.160921960062979
2025-04-12,144.95725419,5943,2.1612399539156195
2025-04-13,145.19585419,5944,2.161954216032733
2025-04-14,145.000072564,5945,2.16136821957385
2025-04-15,144.988134604,5946,2.161332462325604
2025-04-16,145.230969405,5947,2.1620592362508444
2025-04-17,145.411564253,5948,2.162598946354891
2025-04-18,145.403089797,5949,2.162573635323086
2025-04-19,145.035321798,5950,2.1614737828822634
2025-04-20,145.216680932,5951,2.16201650631327
2025-04-21,145.204655279,5952,2.1619805401214585
2025-04-22,145.254984859,5953,2.1621310454314484
2025-04-23,145.771856311,5954,2.1636736842792788
2025-04-24,146.144939953,5955,2.1647837831656873
2025-04-25,146.580988029,5956,2.1660776447284578
2025-04-26,146.823288025,5957,2.166794945625124
2025-04-27,147.695285561,5958,2.169366632837203
2025-04-28,147.890535534,5959,2.1699403815906755
2025-04-29,148.611733563,5960,2.1720531002757655
2025-04-30,148.905522663,5961,2.172910805324965
2025-05-01,149.333119679,5962,2.1741561379238092
2025-05-02,149.440079658,5963,2.174467090383747
2025-05-03,149.711823199,5964,2.1752560992563814
2025-05-04,149.981823181,5965,2.1760386285855002
2025-05-05,149.987023181,5966,2.1760536856911528
2025-05-06,149.826223167,5967,2.1755878319217357
2025-05-07,150.106836051,5968,2.176400471001588
2025-05-08,150.181948939,5969,2.17661773594846
2025-05-09,150.350804952,5970,2.177105757579709
2025-05-10,150.393604947,5971,2.177229369531703
2025-05-11,150.514671503,5972,2.1775788350942404
2025-05-12,150.615671502,5973,2.1778701623875647
2025-05-13,150.663236041,5974,2.1780072912503985
2025-05-14,150.926534831,5975,2.1787656010585215
2025-05-15,151.333639504,5976,2.1799354767812513
2025-05-16,151.745623801,5977,2.1811161752894215
2025-05-17,151.802073801,5978,2.181277704590943
2025-05-18,151.901465555,5979,2.18156196398378
2025-05-19,152.051465524,5980,2.181990610378994
2025-05-20,152.28672939,5981,2.182662059581591
2025-05-21,152.473429748,5982,2.183194169458561
2025-05-22,152.809591181,5983,2.1841506138356053
2025-05-23,153.131132875,5984,2.1850634954747084
2025-05-24,153.333908216,5985,2.1856382052308367
2025-05-25,153.364622848,5986,2.1857251909440687
2025-05-26,153.364622847,5987,2.1857251909412367
2025-05-27,153.336099489,5988,2.185644411626952
2025-05-28,153.54508701,5989,2.186235924858657
2025-05-29,153.59078331,5990,2.1863651552937684
2025-05-30,153.69231596,5991,2.186652154945474
2025-05-31,153.658825957,5992,2.1865575106017525
2025-06-01,153.723758271,5993,2.18674099364558
2025-06-02,153.763502089,5994,2.1868532618476713
2025-06-03,153.918365325,5995,2.187290442336006
2025-06-04,154.288119435,5996,2.1883324856064426
2025-06-05,154.488400144,5997,2.1888958757182753
2025-06-06,154.606717162,5998,2.189228358683326
2025-06-07,155.115000492,5999,2.190653798560804
2025-06-08,155.407500492,6000,2.1914719754924294
2025-06-09,155.407500531,6001,2.191471975601417
2025-06-10,156.015285591,6002,2.1931671504224903
2025-06-11,155.670088658,6003,2.192205172756205
2025-06-12,156.031051481,6004,2.1932110351807563
2025-06-13,156.034350481,6005,2.1932202174706665
2025-06-14,156.311510783,6006,2.193990960651746
2025-06-15,156.288710782,6007,2.1939276087155912
2025-06-16,156.2625344,6008,2.193854863791611
2025-06-17,156.350343711,6009,2.194098840306337
2025-06-18,156.397425951,6010,2.1942296009969993
2025-06-19,156.49392595,6011,2.194497485795627
2025-06-20,156.674248726,6012,2.1949976208768125
2025-06-21,156.688688065,6013,2.195037644277912
2025-06-22,156.600188057,6014,2.194792279254928
2025-06-23,156.750556577,6015,2.195209091562663
2025-06-24,155.908804295,6016,2.1928706408384313
2025-06-25,157.394434423,6017,2.1969893713387108
2025-06-26,157.917318269,6018,2.1984297602567655
2025-06-27,158.266828122,6019,2.199389898607065
2025-06-28,158.303889518,6020,2.199491585585368
2025-06-29,158.444090587,6021,2.1998760461560702
2025-06-30,158.520790585,6022,2.2000862296087
2025-07-01,158.754090584,6023,2.200724924484777
2025-07-02,158.695019985,6024,2.200563298355546
2025-07-03,159.155198929,6025,2.2018208297575157
2025-07-04,159.305664246,6026,2.202231217778838
2025-07-05,159.478756035,6027,2.202702839422999
2025-07-06,159.478756029,6028,2.20270283940666
2025-07-07,159.463829126,6029,2.2026621883809816
2025-07-08,159.520682149,6030,2.202816998119744
2025-07-09,159.455682148,6031,2.202639999788153
2025-07-10,159.695616477,6032,2.203292995249453
2025-07-11,159.99483608,6033,2.2041059657924738
2025-07-12,160.15005526,6034,2.2045270928537835
2025-07-13,160.394357834,6035,2.2051890871111293
2025-07-14,160.394357833,6036,2.2051890871084217
2025-07-15,160.54575783,6037,2.20559883450319
2025-07-16,160.669087149,6038,2.2059323262216934
2025-07-17,162.039387242,6039,2.209620592213838
2025-07-18,161.470084202,6040,2.2080920717478225
2025-07-19,161.98357921,6041,2.2094709909627386
2025-07-20,162.359770647,6042,2.2104784291516983
2025-07-21,162.531584793,6043,2.210937770043522
2025-07-22,162.855465485,6044,2.2118023382164957
2025-07-23,163.023658144,6045,2.2122506341942976
2025-07-24,163.208856646,6046,2.212743722359757
2025-07-25,163.910480196,6047,2.2146067226112627
2025-07-26,163.908480684,6048,2.2146014247052124
2025-07-27,164.437379973,6049,2.2160005484273744
2025-07-28,164.43737997,6050,2.216000548419451
2025-07-29,164.25973206,6051,2.2155311100719697
2025-07-30,164.371766732,6052,2.2158272231463116
2025-07-31,164.580462391,6053,2.2163782781460153
2025-08-01,164.68601395,6054,2.2166567180388923
2025-08-02,164.764742593,6055,2.216864284208916
2025-08-03,164.758535749,6056,2.216847923616043
2025-08-04,164.734535747,6057,2.216784656316337
2025-08-05,164.723091665,6058,2.2167544848997327
2025-08-06,164.74899328,6059,2.216822769461637
2025-08-07,164.521910565,6060,2.2162237442544663
2025-08-08,165.186565785,6061,2.2179747243240384
2025-08-09,165.053491593,6062,2.217624715964324
2025-08-10,165.26048158,6063,2.2181690139851833
2025-08-11,164.561420921,6064,2.2163280286592326
2025-08-12,164.867620918,6065,2.2171353710028807
2025-08-13,164.578283964,6066,2.2163725296806573
2025-08-14,165.087257083,6067,2.2177135518084037
2025-08-15,166.150657095,6068,2.2205020631721677
2025-08-16,166.328383729,6069,2.2209663673496216
2025-08-17,166.328383729,6070,2.2209663673496216
2025-08-18,167.00686089,6071,2.2227343129767028
2025-08-19,167.16799696,6072,2.2231531386891485
2025-08-20,167.271227574,6073,2.2234212441274983
2025-08-21,167.271227574,6074,2.2234212441274983
2025-08-22,166.921867399,6075,2.2225132346338765
2025-08-23,166.921867399,6076,2.2225132346338765
2025-08-24,167.101537709,6077,2.222980446395251
2025-08-25,167.221537708,6078,2.2232922127282637
2025-08-26,167.23833346,6079,2.2233358311294413
2025-08-27,167.217333459,6080,2.223281293649779
2025-08-28,167.383925958,6081,2.2237137499360853
2025-08-29,168.429502725,6082,2.2264181664298333
2025-08-30,167.600371918,6083,2.2242749780278848
2025-08-31,168.005950273,6084,2.225324663422097
2025-09-01,167.960422397,6085,2.225206958157231
2025-09-02,167.981863668,6086,2.225262395213411
2025-09-03,166.871763653,6087,2.222382855989411
2025-09-04,168.285427737,6088,2.2260465109407144
2025-09-05,170.586184029,6089,2.2319438542468477
2025-09-06,168.825084008,6090,2.2274369744988496
2025-09-07,168.825084007,6091,2.2274369744962774
2025-09-08,168.825084004,6092,2.22743697448856
2025-09-09,168.877363164,6093,2.2275714393174546
2025-09-10,169.048563162,6094,2.22801148380651
2025-09-11,169.411163153,6095,2.228942024271047
2025-09-12,169.513361626,6096,2.2292039364726324
2025-09-13,170.102454965,6097,2.230710581514151
2025-09-14,170.364871683,6098,2.2313800504836183
2025-09-15,170.178989121,6099,2.2309059395788706
2025-09-16,170.624947838,6100,2.2320425316160564
2025-09-17,170.903775343,6101,2.2327516565915513
2025-09-18,171.220679162,6102,2.233556215385496
2025-09-19,171.395619409,6103,2.2339997178741657
2025-09-20,172.019220193,6104,2.235576974566934
2025-09-21,172.279220193,6105,2.236232897298575
2025-09-22,171.971462933,6106,2.2354563857507856
2025-09-23,172.687580334,6107,2.2372611042937667
2025-09-24,173.008506231,6108,2.238067456414159
2025-09-25,173.336087144,6109,2.2388889886571164
2025-09-26,173.404033837,6110,2.239059196097361
2025-09-27,174.168318428,6111,2.2409691588046594
2025-09-28,174.376743851,6112,2.241488563792323
2025-09-29,174.33561785,6113,2.241386125236416
2025-09-30,174.592531943,6114,2.242025663165025
2025-10-01,174.875230173,6115,2.2427282991241757
2025-10-02,175.465763402,6116,2.2441923902258827
2025-10-03,176.151363391,6117,2.245886008918888
2025-10-04,176.615965939,6118,2.247029960882469
2025-10-05,176.994189391,6119,2.2479590089784875
2025-10-06,176.876946043,6120,2.247671231107727
2025-10-07,177.383766513,6121,2.248913872336654
2025-10-08,177.877724056,6122,2.250121564018162
2025-10-09,178.046224055,6123,2.2505327677352582
2025-10-10,177.415123608,6124,2.2489906381538067
2025-10-11,179.046344878,6125,2.2529654595812754
2025-10-12,179.864638049,6126,2.254945788082872
2025-10-13,179.989018048,6127,2.2552460076219023
2025-10-14,180.122114669,6128,2.255567037023333
2025-10-15,180.573124485,6129,2.2566531127747758
2025-10-16,181.293478152,6130,2.2583821810754094
2025-10-17,181.413378149,6131,2.2586693105193087
2025-10-18,181.627031669,6132,2.2591804853250776
2025-10-19,181.833031406,6133,2.259672779074632
2025-10-20,181.834571467,6134,2.2596764573786046
2025-10-21,182.026317119,6135,2.2601341822339722
2025-10-22,182.533617116,6136,2.2613428599348597
2025-10-23,182.467850715,6137,2.2611863565348718
2025-10-24,182.725366353,6138,2.2617988412903207
2025-10-25,183.034945595,6139,2.262534014485588
2025-10-26,183.030712256,6140,2.2625239697532926
2025-10-27,183.13299919,6141,2.262766607954588
2025-10-28,183.191016851,6142,2.262904173329134
2025-10-29,183.418916842,6143,2.263444124444312
2025-10-30,183.364985897,6144,2.2633164093956895
2025-10-31,183.363406166,6145,2.2633126678339726
2025-11-01,183.417069851,6146,2.263439751165634
2025-11-02,183.47706985,6147,2.2635817957822826
2025-11-03,183.56706485,6148,2.26379476380976
2025-11-04,183.562064846,6149,2.2637829343254117
2025-11-05,183.334272915,6150,2.2632436605241497
2025-11-06,183.524336772,6151,2.2636936632745823
2025-11-07,183.421456118,6152,2.2634501368335482
2025-11-08,183.636808748,6153,2.2639597369627675
2025-11-09,183.443867184,6154,2.2635031971894404
2025-11-10,183.44386716,6155,2.2635031971326214
2025-11-11,183.471337794,6156,2.263568227660775
2025-11-12,183.558450276,6157,2.263774382431737
2025-11-13,184.167697723,6158,2.265213459026568
2025-11-14,184.038597717,6159,2.2649089154964255
2025-11-15,183.997701199,6160,2.2648123971246137
2025-11-16,184.021451196,6161,2.2648684512326103
2025-11-17,184.01395077,6162,2.2648507497092965
2025-11-18,184.004050756,6163,2.2648273838878734
2025-11-19,183.8590844,6164,2.2644850930426395
2025-11-20,183.868329147,6165,2.264506929557741
2025-11-21,184.757890184,6166,2.266602994239814
2025-11-22,184.556081188,6167,2.266128359923873
2025-11-23,184.563479971,6168,2.266145770275251
2025-11-24,184.373921964,6169,2.2656994940058732
2025-11-25,184.520644518,6170,2.266044962899821
2025-11-26,184.507212685,6171,2.266013348099787
2025-11-27,184.539966838,6172,2.266090438232073
2025-11-28,184.540266673,6173,2.2660911438601405
2025-11-29,184.590594407,6174,2.266209568297666
2025-11-30,184.578594365,6175,2.2661813343486608
2025-12-01,184.578594363,6176,2.266181334343955
2025-12-02,184.559976578,6177,2.26613752639792
2025-12-03,184.661571286,6178,2.2663765266536946
2025-12-04,185.275678813,6179,2.267818413109767
2025-12-05,185.489666066,6180,2.268319719366017
2025-12-06,185.671557706,6181,2.2687453809751545
2025-12-07,185.605589591,6182,2.268591051042186
2025-12-08,185.620700098,6183,2.2686264063496884
2025-12-09,185.694296048,6184,2.268798563767114
2025-12-10,186.165611819,6185,2.2698994619486954
2025-12-11,186.085477252,6186,2.269712480624438
2025-12-12,186.124222838,6187,2.2698028973666915
2025-12-13,186.227170549,6188,2.2700430448442903
2025-12-14,186.224670549,6189,2.2700372146343946
2025-12-15,186.224670548,6190,2.2700372146320626
2025-12-16,186.314670545,6191,2.2702470528881467
2025-12-17,186.299880874,6192,2.270212577194788
2025-12-18,186.29338086,6193,2.2701974243699645
2025-12-19,186.248060817,6194,2.270091759643898
2025-12-20,186.367744185,6195,2.2703707484972298
2025-12-21,186.797744183,6196,2.2713716272752804
2025-12-22,186.797744182,6197,2.2713716272729556
2025-12-23,186.880324181,6198,2.2715635788029034
2025-12-24,187.100147046,6199,2.272074128821449
2025-12-25,186.863540033,6200,2.2715245720736283
2025-12-26,186.861373315,6201,2.2715195363179825
2025-12-27,186.852272294,6202,2.2714983836346527
2025-12-28,186.800272292,6203,2.2713775049498928
2025-12-29,186.800272291,6204,2.271377504947568
2025-12-30,187.303272279,6205,2.2725453647767266
2025-12-31,187.311388515,6206,2.272564183242089
2026-01-01,187.261227273,6207,2.272447865338334
2026-01-02,187.074832375,6208,2.2720153647535777
2026-01-03,187.214832372,6209,2.27234025338784
2026-01-04,187.083832372,6210,2.272036257756484
2026-01-05,187.083832369,6211,2.27203625774952
2026-01-06,187.293532611,6212,2.2725227811133655
2026-01-07,187.067881365,6213,2.271999227674457
2026-01-08,187.068870349,6214,2.272001523681422
2026-01-09,186.17787033,6215,2.269928058145169
2026-01-10,186.939883564,6216,2.2717019678523203
2026-01-11,187.045563563,6217,2.271947411850141
2026-01-12,186.939883553,6218,2.271701967826765
2026-01-13,186.906829735,6219,2.2716251711596267
2026-01-14,186.821887714,6220,2.271427756029802
2026-01-15,186.790391342,6221,2.2713545319878805
2026-01-16,186.679205004,6222,2.2710959427214155
2026-01-17,186.660995531,6223,2.2710535777490004
2026-01-18,186.660995511,6224,2.2710535777024674
2026-01-19,186.964415062,6225,2.271758955130983
2026-01-20,186.972526151,6226,2.271777795747179
2026-01-21,186.985577484,6227,2.271808109955378
2026-01-22,186.88679164,6228,2.2715786083848917
2026-01-23,186.891791639,6229,2.2715902274132285
2026-01-24,186.870822577,6230,2.2715414972964085
2026-01-25,186.870822575,6231,2.2715414972917602
2026-01-26,186.855914873,6232,2.2715068498765705
2026-01-27,186.508591426,6233,2.2706988421659613
2026-01-28,186.398204268,6234,2.270441724111014
2026-01-29,186.303395123,6235,2.270220769387649
2026-01-30,185.817215159,6236,2.269085947021551
2026-01-31,185.577215258,6237,2.2685246534822094
2026-02-01,185.342539535,6238,2.2679751093621263
2026-02-02,185.398845864,6239,2.2681070262677214
2026-02-03,185.300658701,6240,2.2678769631381153
2026-02-04,185.16187819,6241,2.2675515774003387
2026-02-05,185.685527539,6242,2.2687780558405546
2026-02-06,185.261468141,6243,2.2677851013811723
2026-02-07,183.583056218,6244,2.2638325955439003
2026-02-08,183.456556217,6245,2.2635332368223398
2026-02-09,184.542486578,6246,2.2660963681220894
2026-02-10,184.487425874,6247,2.265966771255887
2026-02-11,184.3633568,6248,2.2656746069510993
2026-02-12,183.990423483,6249,2.2647952190056033
2026-02-13,183.916921483,6250,2.264621688828126
2026-02-14,183.786298904,6251,2.2643131320110372
2026-02-15,183.781798903,6252,2.2643024981958906
2026-02-16,183.747148903,6253,2.26422060911514
2026-02-17,183.721226771,6254,2.2641593366919834
2026-02-18,183.710926769,6255,2.2641349880660386
2026-02-19,183.711211231,6256,2.264135660536552
2026-02-20,183.708077229,6257,2.264128251672523
2026-02-21,182.601277225,6258,2.2615038109300967
2026-02-22,182.621277216,6259,2.2615513758224206
2026-02-23,183.593577216,6260,2.2638574838998613
2026-02-24,183.600237166,6261,2.263873237866414
2026-02-25,183.623080164,6262,2.2639272681391454
2026-02-26,183.657380162,6263,2.264008384896028
2026-02-27,183.449012069,6264,2.263515377285005
2026-02-28,183.566910286,6265,2.2637943981323954
2026-03-01,183.481912039,6266,2.2635932572047683
2026-03-02,183.603207038,6267,2.2638802628496593
2026-03-03,183.647207037,6268,2.263984327847974
2026-03-04,183.68201041,6269,2.264066624121577
2026-03-05,183.86785998,6270,2.2645058213902813
2026-03-06,184.001159386,6271,2.264820559495166
2026-03-07,183.939734587,6272,2.2646755554907596
2026-03-08,183.939734585,6273,2.264675555486037
2026-03-09,183.878877627,6274,2.2645318442087476
2026-03-10,184.094103543,6275,2.2650398784564967
2026-03-11,183.85947131,6276,2.264486006963764
2026-03-12,183.929240437,6277,2.2646507773673084
2026-03-13,183.959859223,6278,2.2647230685542197
2026-03-14,183.981656765,6279,2.2647745253853158
2026-03-15,184.001656763,6280,2.2648217334431746
2026-03-16,184.001656762,6281,2.2648217334408143
2026-03-17,184.040242955,6282,2.2649127979134835
2026-03-18,184.061441677,6283,2.264962819352572
2026-03-19,183.294383734,6284,2.2631491580844187
2026-03-20,184.152626358,6285,2.2651779170798987
2026-03-21,184.151626357,6286,2.2651755587312614
2026-03-22,184.200486118,6287,2.2652907719959354
2026-03-23,184.154286014,6288,2.2651818310951857
2026-03-24,184.152675122,6289,2.265178032081969
2026-03-25,184.197857195,6290,2.265284573668646
2026-03-26,184.185892777,6291,2.2652563635170377
2026-03-27,184.184487538,6292,2.265253050071788
2026-03-28,184.166309525,6293,2.265210185439447
2026-03-29,184.166309523,6294,2.265210185434731
2026-03-30,184.166309516,6295,2.2652101854182236
2026-03-31,184.191337488,6296,2.265269201487188
2026-04-01,184.192097658,6297,2.265270993845936
2026-04-02,184.132980772,6298,2.265131583639566
2026-04-03,183.931424483,6299,2.264655934315123
2026-04-04,184.133813594,6300,2.265133547922008
2026-04-05,184.120813592,6301,2.2651028852841537
2026-04-06,184.120813591,6302,2.265102885281795
2026-04-07,184.075498313,6303,2.2649959848341568
2026-04-08,184.587298322,6304,2.2662018133829998
2026-04-09,184.080515963,6305,2.265007822955077
2026-04-10,184.119405073,6306,2.2650995629309816
2026-04-11,184.252225449,6307,2.265412742090837
2026-04-12,184.342225447,6308,2.265624826147906
2026-04-13,184.405652445,6309,2.265774229017228
2026-04-14,184.717963773,6310,2.2665091325172613
2026-04-15,185.446684215,6311,2.268219072552726
2026-04-16,185.453084206,6312,2.268234060325771
2026-04-17,185.778133795,6313,2.268994595927729
2026-04-18,186.581469848,6314,2.27086851003017
2026-04-19,186.841469847,6315,2.271473275142883
2026-04-20,187.191969805,6316,2.2722872143583945
2026-04-21,187.885312105,6317,2.273892830547166
2026-04-22,188.75298191,6318,2.275893821317539
2026-04-23,188.775276509,6319,2.2759451150743226
2026-04-24,189.634641748,6320,2.2779176755429735
2026-04-25,189.637493986,6321,2.277924207587423
2026-04-26,189.763953903,6322,2.2782137206953696
2026-04-27,189.733953885,6323,2.278145057116287
2026-04-28,189.702264419,6324,2.2780725149625
2026-04-29,189.662863914,6325,2.2779823041303002
2026-04-30,189.569482834,6326,2.2777684252830683
2026-05-01,189.543857677,6327,2.2777097153242734
2026-05-02,189.557557704,6328,2.2777411045298486
2026-05-03,189.557557526,6329,2.2777411041220335
2026-05-04,189.557557525,6330,2.2777411041197424
2026-05-05,189.543901543,6331,2.2777098158327247
2026-05-06,189.543501975,6332,2.2777089003173265
2026-05-07,189.620415595,6333,2.277885094093472
2026-05-08,189.684479477,6334,2.2780317971340494
2026-05-09,189.660928647,6335,2.2779778726878464
2026-05-10,189.660928627,6336,2.277977872642049
2026-05-11,189.660928627,6337,2.277977872642049
2026-05-12,189.799527727,6338,2.278295127449477
2026-05-13,189.78594269,6339,2.2782640413986774
2026-05-14,189.8268198,6340,2.278357571991597
2026-05-15,189.82724153,6341,2.278358536843711
2026-05-16,189.793911824,6342,2.278282277092069
2026-05-17,189.778611129,6343,2.2782472639812164
2026-05-18,189.78561112,6344,2.2782632826536138
2026-05-19,189.825799111,6345,2.278355236806334
2026-05-20,190.433722531,6346,2.2797438569282815
2026-05-21,189.811692787,6347,2.278322962340262
2026-05-22,189.82219305,6348,2.2783469865722954
2026-05-23,189.689589981,6349,2.2780434977950366
2026-05-24,189.690479084,6350,2.278045533392361
2026-05-25,189.602479076,6351,2.277844011493547
2026-05-26,189.603164022,6352,2.2778455803956645
2026-05-27,189.551916392,6353,2.277728179552554
2026-05-28,189.403226522,6354,2.277387373023986
2026-05-29,188.928726319,6355,2.2762979967430352
2026-05-30,188.445050162,6356,2.2751847344332115
2026-05-31,188.445050151,6357,2.2751847344078606
2026-06-01,188.208550099,6358,2.2746393490405983
2026-06-02,188.213328258,6359,2.2746503745851094
2026-06-03,188.073122085,6360,2.2743267340712134
2026-06-04,187.494033381,6361,2.272987451738736
2026-06-05,187.198022473,6362,2.2723012566157608
2026-06-06,187.293022469,6363,2.272521598199283
2026-06-07,186.928730081,6364,2.271676055561502
2026-06-08,186.92873008,6365,2.2716760555591784
2026-06-09,186.923648138,6366,2.2716642484422698
2026-06-10,186.919022158,6367,2.2716535004044074
2026-06-11,186.901301278,6368,2.2716123251128475
2026-06-12,186.874601278,6369,2.271550279044028
2026-06-13,186.554027088,6370,2.2708046284678125
2026-06-14,186.545971088,6371,2.270785873837076
2026-06-15,186.518471084,6372,2.2707218468290793
2026-06-16,186.490011079,6373,2.2706555747535555
2026-06-17,186.583466515,6374,2.270873157527166
2026-06-18,186.55332259,6375,2.270802988405808
2026-06-19,186.440788208,6376,2.2705409303132265
2026-06-20,186.406006279,6377,2.2704599018580978
2026-06-21,186.406006277,6378,2.2704599018534384
2026-06-22,186.406006277,6379,2.2704599018534384
2026-06-23,186.304747882,6380,2.2702239228118564
2026-06-24,186.30586776,6381,2.270226533348515
2026-06-25,186.326767609,6382,2.270275249903327
2026-06-26,186.327691674,6383,2.2702774037287834
2026-06-27,185.162740804,6384,2.2675536006441686
2026-06-28,185.162740804,6385,2.2675536006441686
2026-06-29,185.142740797,6386,2.267506688604687
2026-06-30,184.960273387,6387,2.2670784586650554
2026-07-01,184.63755656,6388,2.266320044186153
2026-07-02,184.630761247,6389,2.26630406032403
2026-07-03,184.259156627,6390,2.2654290790210125
2026-07-04,184.252716069,6391,2.2654138985125547
2026-07-05,184.253816068,6392,2.265416491267115
2026-07-06,184.303816067,6393,2.2655343275125253
2026-07-07,184.334235438,6394,2.265606001963626
2026-07-08,183.120936383,6395,2.2627380004229853
2026-07-09,183.409285255,6396,2.2634213184274183
2026-07-10,184.276553999,6397,2.2654700822803817
2026-07-11,184.279015269,6398,2.265475882849244
2026-07-12,184.279015269,6399,2.265475882849244
2026-07-13,184.270015266,6400,2.2654546718226665
2026-07-14,184.360015264,6401,2.26566673540969
2026-07-15,184.321163972,6402,2.265575204283377
2026-07-16,184.203563971,6403,2.2652980286728024
2026-07-17,184.174124548,6404,2.2652286141594646
2026-07-18,184.192729802,6405,2.2652724843343086
2026-07-19,184.192729801,6406,2.2652724843319505
2026-07-20,184.1927298,6407,2.265272484329593
2026-07-21,184.336776752,6408,2.265611989299818
2026-07-22,184.268776752,6409,2.265451752836619
2026-07-23,184.262722742,6410,2.2654374841885376
2026-07-24,183.200347298,6411,2.262926292636755
2026-07-25,184.451250259,6412,2.265881603334817
2026-07-26,184.451500248,6413,2.2658821919389576
2026-07-27,184.096055246,6414,2.2650444826743064
2026-07-28,184.110200248,6415,2.26507785036552
2026-07-29,184.077500247,6416,2.2650007080274634
2026-07-30,184.07858929,6417,2.26500327740159
2026-07-31,183.446759258,6418,2.263510043980767
2026-08-01,183.509937611,6419,2.263659587567729
2026-08-02,183.403737603,6420,2.2634081819546044
2026-08-03,183.403737602,6421,2.2634081819522365
2026-08-04,183.3687375948751,6422,2.263325295088936
