Date,EURUSD,USDUAH,USDRUB,XAUUSD
2010-07-19,1.2939456701278689,7.7870001792907715,30.515300750732425,1181.699951171875
2010-07-20,1.289307713508606,7.78879976272583,30.489099502563477,1191.5
2010-07-21,1.276796817779541,7.787799835205078,30.491500854492188,1191.5999755859375
2010-07-22,1.2903059720993042,7.799699783325195,30.347999572753903,1195.5
2010-07-23,1.291305661201477,7.790699958801269,30.335100173950195,1187.699951171875
2010-07-26,1.299899935722351,7.787499904632568,30.26499938964844,1183.0
2010-07-27,1.2990893125534058,7.785500049591064,30.171499252319336,1158.0
2010-07-28,1.2992243766784668,7.782999992370605,30.23200035095215,1160.4000244140625
2010-07-29,1.307805061340332,7.788400173187256,30.174999237060547,1168.4000244140625
2010-07-30,1.3039000034332275,7.786499977111816,30.274999618530273,1181.699951171875
2010-08-02,1.3175925016403198,7.785999774932861,29.969999313354492,1183.4000244140625
2010-08-03,1.3225064277648926,7.785600185394287,29.71649932861328,1185.199951171875
2010-08-04,1.3225064277648926,7.785600185394287,29.71649932861328,1193.699951171875
2010-08-05,1.315806865692139,7.786499977111816,29.81399917602539,1197.199951171875
2010-08-06,1.3181308507919312,7.78439998626709,29.83799934387207,1203.4000244140625
2010-08-09,1.3285682201385498,7.710899829864502,29.75029945373535,1200.699951171875
2010-08-10,1.3229963779449463,7.782899856567383,29.89800071716309,1196.199951171875
2010-08-11,1.3184958696365356,7.781199932098389,30.01300048828125,1197.5
2010-08-12,1.284406065940857,7.784599781036377,30.36599922180176,1214.800048828125
2010-08-13,1.2829889059066772,7.780200004577637,30.55699920654297,1214.9000244140625
2010-08-16,1.277090311050415,7.803199768066406,30.520000457763672,1224.5
2010-08-17,1.2811970710754397,7.780600070953369,30.46299934387207,1226.5999755859375
2010-08-18,1.2879958152770996,7.784500122070312,30.38999938964844,1229.699951171875
2010-08-19,1.28564453125,7.781400203704834,30.41900062561035,1233.800048828125
2010-08-20,1.2808033227920532,7.78249979019165,30.413999557495117,1227.199951171875
2010-08-23,1.2710033655166626,7.766200065612793,30.63599967956543,1226.9000244140625
2010-08-24,1.2635036706924438,7.786499977111816,30.67099952697754,1231.800048828125
2010-08-25,1.263296127319336,7.779900074005127,30.780000686645508,1239.5
2010-08-26,1.26639986038208,7.783400058746338,30.94700050354004,1235.4000244140625
2010-08-27,1.2706480026245115,7.781700134277344,30.67099952697754,1236.0
2010-08-30,1.2753963470458984,7.747200012207031,30.680999755859375,1237.0999755859375
2010-08-31,1.266592264175415,7.772799968719482,30.652000427246097,1248.300048828125
2010-09-01,1.268729567527771,7.778900146484375,30.757999420166016,1246.300048828125
2010-09-02,1.2802950143814087,7.786900043487549,30.690000534057617,1251.5
2010-09-03,1.2825939655303955,7.786099910736084,30.676000595092773,1249.199951171875
2010-09-06,1.28940749168396,7.781400203704834,30.60199928283691,
2010-09-07,1.2868356704711914,7.816299915313721,30.60700035095215,1257.300048828125
2010-09-08,1.2677966356277466,7.837399959564209,30.833999633789062,1255.5999755859375
2010-09-09,1.2732040882110596,7.814499855041504,30.79800033569336,1248.9000244140625
2010-09-10,1.269309401512146,7.807799816131592,30.81800079345703,1244.5
2010-09-13,1.2716983556747437,7.833000183105469,30.861000061035156,1245.0999755859375
2010-09-14,1.287200093269348,7.807700157165527,30.641000747680664,1269.699951171875
2010-09-15,1.2991737127304075,7.815999984741211,30.59199905395508,1266.699951171875
2010-09-16,1.3015071153640747,7.8043999671936035,30.92099952697754,1271.9000244140625
2010-09-17,1.3075997829437256,7.813000202178955,31.288999557495117,1275.5999755859375
2010-09-20,1.3043931722640991,7.850200176239014,30.957000732421875,1279.0
2010-09-21,1.3066941499710083,7.830999851226807,31.042999267578125,1272.4000244140625
2010-09-22,1.3256973028182983,7.839000225067139,31.034000396728516,1290.199951171875
2010-09-23,1.339100360870361,7.825099945068359,30.968000411987305,1294.300048828125
2010-09-24,1.331912636756897,7.827099800109863,31.000999450683594,1296.0
2010-09-27,1.3479087352752686,7.781099796295166,30.732999801635746,1296.699951171875
2010-09-28,1.3439054489135742,7.830900192260742,30.507999420166016,1306.5999755859375
2010-09-29,1.3570915460586548,7.8292999267578125,30.433000564575195,1308.5
2010-09-30,1.36280620098114,7.835000038146973,30.39699935913086,1307.800048828125
2010-10-01,1.362212300300598,7.83050012588501,30.54400062561035,1316.0999755859375
2010-10-04,1.377695083618164,7.794600009918213,30.43899917602539,1315.4000244140625
2010-10-05,1.367409110069275,7.836999893188477,30.447999954223633,1338.9000244140625
2010-10-06,1.3833937644958496,7.848299980163574,30.00200080871582,1346.4000244140625
2010-10-07,1.3920016288757324,7.8520002365112305,29.82200050354004,1333.9000244140625
2010-10-08,1.3927963972091677,7.846700191497803,29.750999450683594,1344.199951171875
2010-10-11,1.3977607488632202,7.818399906158447,29.823999404907227,1353.300048828125
2010-10-12,1.3880213499069214,7.8703999519348145,29.88599967956543,1345.699951171875
2010-10-13,1.3916915655136108,7.84499979019165,30.07799911499023,1369.5
2010-10-14,1.3967260122299194,7.847899913787842,30.09199905395508,1376.699951171875
2010-10-15,1.4072020053863523,7.843500137329102,30.020999908447266,1371.0999755859375
2010-10-18,1.3964334726333618,7.905300140380859,30.290000915527344,1371.199951171875
2010-10-19,1.3935922384262085,7.81220006942749,30.36199951171875,1335.0999755859375
2010-10-20,1.3739094734191897,7.854700088500977,30.64900016784668,1343.300048828125
2010-10-21,1.3963165283203125,7.847899913787842,30.6560001373291,1324.699951171875
2010-10-22,1.3916915655136108,7.847099781036377,30.551000595092773,1324.4000244140625
2010-10-25,1.3944084644317627,7.816699981689453,30.32200050354004,1338.300048828125
2010-10-26,1.3948947191238403,7.524300098419189,30.26799964904785,1338.0
2010-10-27,1.3854252099990845,7.85099983215332,30.42300033569336,1322.199951171875
2010-10-28,1.377808928489685,7.849100112915039,30.65999984741211,1342.0999755859375
2010-10-29,1.377808928489685,7.851900100708008,30.65999984741211,1357.0999755859375
2010-11-01,1.397506833076477,7.798600196838379,30.788999557495117,1350.199951171875
2010-11-02,1.3910914659500122,7.859499931335449,30.80299949645996,1356.4000244140625
2010-11-03,1.4036072492599487,7.855299949645996,30.749000549316406,1337.0999755859375
2010-11-04,1.4127286672592163,7.86299991607666,30.795000076293945,1382.699951171875
2010-11-05,1.422798991203308,7.855899810791016,30.451000213623047,1397.300048828125
2010-11-08,1.407578468322754,7.86959981918335,30.493999481201172,1402.800048828125
2010-11-09,1.3869625329971311,7.850200176239014,30.80900001525879,1409.800048828125
2010-11-10,1.377201795578003,7.849100112915039,30.625999450683594,1399.0999755859375
2010-11-11,1.3775622844696045,7.846399784088135,30.707000732421875,1403.0999755859375
2010-11-12,1.3621008396148682,7.85099983215332,30.594999313354492,1365.4000244140625
2010-11-15,1.3693190813064575,7.850299835205078,30.768999099731445,1368.4000244140625
2010-11-16,1.357478380203247,7.845600128173828,30.972999572753903,1338.300048828125
2010-11-17,1.3490543365478516,7.850599765777588,31.141000747680664,1336.800048828125
2010-11-18,1.355399250984192,7.915200233459473,31.280000686645508,1352.9000244140625
2010-11-19,1.365728497505188,7.848599910736084,31.054000854492188,1352.199951171875
2010-11-22,1.3744381666183472,7.838900089263916,31.086999893188477,1357.699951171875
2010-11-23,1.3601926565170288,7.863999843597412,31.128000259399418,1377.5
2010-11-24,1.3386342525482178,7.8592000007629395,31.33300018310547,1372.9000244140625
2010-11-25,1.3357912302017212,7.850900173187256,31.23900032043457,
2010-11-26,1.3339736461639404,7.857399940490723,31.135000228881836,1362.300048828125
2010-11-29,1.3238019943237305,7.863999843597412,31.440099716186523,1366.0
2010-11-30,1.3103927373886108,7.860899925231934,31.33919906616211,1385.0
2010-12-01,1.2992074489593506,7.865399837493896,31.5221004486084,1387.300048828125
2010-12-02,1.312490940093994,7.86870002746582,31.35849952697754,1388.5
2010-12-03,1.3215975761413574,7.871799945831299,31.460399627685547,1405.4000244140625
2010-12-06,1.341597557067871,7.76830005645752,31.287500381469727,1415.300048828125
2010-12-07,1.328691840171814,7.8354997634887695,31.215499877929688,1408.300048828125
2010-12-08,1.3244681358337402,7.84060001373291,31.128000259399418,1382.5
2010-12-09,1.3250824213027954,7.855000019073486,31.030000686645508,1392.0999755859375
2010-12-10,1.3242051601409912,7.865900039672852,30.927499771118164,1384.300048828125
2010-12-13,1.319713830947876,7.850699901580811,30.92099952697754,1397.300048828125
2010-12-14,1.3395488262176514,7.839200019836426,30.687999725341797,1403.5999755859375
2010-12-15,1.336094617843628,7.871399879455566,30.714500427246097,1385.5
2010-12-16,1.3224014043807983,7.886499881744385,30.80500030517578,1370.4000244140625
2010-12-17,1.323994755744934,7.884399890899658,30.7189998626709,1378.5999755859375
2010-12-20,1.3164995908737185,7.927999973297119,30.66469955444336,1385.5
2010-12-21,1.3118022680282593,7.8765997886657715,30.837099075317383,1388.199951171875
2010-12-22,1.3090033531188965,7.868599891662598,30.72669982910156,1386.800048828125
2010-12-23,1.3115441799163818,7.863100051879883,30.63520050048828,1380.0
2010-12-24,1.31271493434906,7.862299919128418,30.61840057373047,
2010-12-27,1.307976007461548,7.836299896240234,30.44770050048828,1382.4000244140625
2010-12-28,1.3189654350280762,7.854100227355957,30.350200653076172,1405.199951171875
2010-12-29,1.3086265325546265,7.857800006866455,30.347299575805664,1413.0999755859375
2010-12-30,1.3224539756774902,7.854400157928467,30.443700790405273,1405.5999755859375
2010-12-31,1.3301233053207395,7.857399940490723,30.55229949951172,1421.0999755859375
2011-01-03,1.3357912302017212,7.859099864959717,30.425199508666992,1422.5999755859375
2011-01-04,1.3356841802597046,7.861899852752685,30.425199508666992,1378.5
2011-01-05,1.3321077823638916,7.859000205993652,30.425199508666992,1373.4000244140625
2011-01-06,1.3156856298446655,7.8607001304626465,30.425199508666992,1371.4000244140625
2011-01-07,1.297993302345276,7.853300094604492,30.425199508666992,1368.5
2011-01-10,1.289507269859314,7.891900062561035,30.425199508666992,1373.699951171875
2011-01-11,1.2964956760406494,7.856500148773193,30.425199508666992,1384.0
2011-01-12,1.2983977794647217,7.868000030517578,30.54800033569336,1385.699951171875
2011-01-13,1.3128355741500854,7.770800113677979,30.090499877929688,1386.9000244140625
2011-01-14,1.335327386856079,7.853700160980225,29.937000274658203,1360.4000244140625
2011-01-17,1.3380253314971924,7.863399982452393,29.988800048828125,
2011-01-18,1.3283917903900146,7.848499774932861,29.97669982910156,1368.0999755859375
2011-01-19,1.337810516357422,7.84630012512207,29.88800048828125,1370.199951171875
2011-01-20,1.3452069759368896,7.842999935150147,29.82830047607422,1346.5
2011-01-21,1.3468012809753418,7.857699871063232,29.25,1341.0
2011-01-24,1.361952543258667,7.8069000244140625,29.91939926147461,1344.5
2011-01-25,1.364405393600464,7.830900192260742,29.833999633789062,1332.300048828125
2011-01-26,1.3686069250106812,7.834199905395508,29.701000213623047,1333.0
2011-01-27,1.3710086345672607,7.84660005569458,29.70549964904785,1318.4000244140625
2011-01-28,1.3723068237304688,7.825200080871582,29.586000442504883,1340.699951171875
2011-01-31,1.3572757244110107,7.903500080108643,29.678199768066406,1333.800048828125
2011-02-01,1.3713847398757937,7.852799892425537,29.78499984741211,1339.5999755859375
2011-02-02,1.382991909980774,7.84689998626709,29.61289978027344,1331.5
2011-02-03,1.3817880153656006,7.853499889373779,29.434999465942383,1352.300048828125
2011-02-04,1.362453579902649,7.854599952697754,29.43600082397461,1348.300048828125
2011-02-07,1.357496738433838,7.878699779510498,29.388099670410156,1347.5999755859375
2011-02-08,1.359194278717041,7.825099945068359,29.25790023803711,1363.4000244140625
2011-02-09,1.3626948595046997,7.856200218200684,29.25309944152832,1364.800048828125
2011-02-10,1.372099757194519,7.85230016708374,29.240299224853516,1361.9000244140625
2011-02-11,1.3601926565170288,7.857399940490723,29.30739974975586,1359.9000244140625
2011-02-14,1.3510043621063232,7.837800025939941,29.292800903320312,1364.5999755859375
2011-02-15,1.3481086492538452,7.856299877166748,29.277000427246097,1373.5999755859375
2011-02-16,1.3498555421829224,7.852200031280518,29.31800079345703,1374.699951171875
2011-02-17,1.357533574104309,7.861199855804443,29.206499099731445,1384.699951171875
2011-02-18,1.3626019954681396,7.852799892425537,29.231000900268555,1388.199951171875
2011-02-21,1.3713470697402954,7.765999794006348,29.148700714111328,
2011-02-22,1.3682323694229126,7.850599765777588,29.135000228881836,1400.5
2011-02-23,1.3673717975616455,7.84119987487793,29.27400016784668,1413.4000244140625
2011-02-24,1.3764055967330933,7.845600128173828,29.181499481201172,1415.300048828125
2011-02-25,1.381998062133789,7.838600158691406,28.993999481201172,1408.699951171875
2011-02-28,1.373437762260437,7.827400207519531,28.924999237060547,1409.300048828125
2011-03-01,1.3821508884429932,7.839499950408936,28.858999252319336,1430.699951171875
2011-03-02,1.3771828413009644,7.847499847412109,28.736600875854492,1437.199951171875
2011-03-03,1.3866548538208008,7.844600200653076,28.379499435424805,1416.0
2011-03-04,1.3958877325057983,7.835800170898437,28.159900665283203,1428.199951171875
2011-03-07,1.3990709781646729,7.828000068664551,28.194299697875977,1434.0999755859375
2011-03-08,1.3963944911956787,7.839700222015381,28.183000564575195,1426.9000244140625
2011-03-09,1.3897961378097534,7.841100215911865,28.180999755859375,1429.300048828125
2011-03-10,1.3902212381362915,7.835599899291992,28.355199813842773,1412.199951171875
2011-03-11,1.3801289796829224,7.833499908447266,28.604000091552734,1421.5
2011-03-14,1.3934563398361206,7.761199951171875,28.73530006408691,1424.5999755859375
2011-03-15,1.3992079496383667,7.848899841308594,28.525699615478516,1392.5999755859375
2011-03-16,1.3986209630966189,7.86359977722168,28.81889915466309,1396.0
2011-03-17,1.3884838819503784,7.864099979400635,28.63159942626953,1404.0
2011-03-18,1.4032920598983765,7.863399982452393,28.6476993560791,1415.9000244140625
2011-03-21,1.4170527458190918,7.830399990081787,28.468900680541992,1426.199951171875
2011-03-22,1.4217066764831543,7.833799839019775,28.296499252319336,1427.5
2011-03-23,1.4168118238449097,7.89330005645752,28.23419952392578,1437.9000244140625
2011-03-24,1.4105963706970217,7.877699851989746,28.33139991760254,1434.800048828125
2011-03-25,1.4171934127807615,7.862400054931641,28.315399169921875,1426.0999755859375
2011-03-28,1.402603268623352,7.913899898529053,27.72100067138672,1419.800048828125
2011-03-29,1.4079747200012207,7.873799800872803,28.322500228881836,1416.0
2011-03-30,1.411113977432251,7.869500160217285,28.350000381469727,1423.800048828125
2011-03-31,1.4121301174163818,7.874800205230713,28.517000198364254,1438.9000244140625
2011-04-01,1.415869116783142,7.864299774169922,28.409000396728516,1428.0999755859375
2011-04-04,1.4223334789276123,7.833799839019775,28.4064998626709,1432.199951171875
2011-04-05,1.422009825706482,7.879700183868408,28.276199340820312,1451.800048828125
2011-04-06,1.4219088554382324,7.8765997886657715,28.334199905395508,1457.699951171875
2011-04-07,1.4335273504257202,7.873799800872803,28.133699417114254,1458.5
2011-04-08,1.430206060409546,7.865499973297119,28.191600799560547,1473.4000244140625
2011-04-11,1.446215271949768,7.830100059509277,28.031999588012695,1467.4000244140625
2011-04-12,1.4437931776046753,7.877799987792969,28.024900436401367,1452.9000244140625
2011-04-13,1.447638988494873,7.858799934387207,28.03820037841797,1454.9000244140625
2011-04-14,1.444210171699524,7.875,28.09320068359375,1471.699951171875
2011-04-15,1.4432096481323242,,,1485.300048828125
2011-04-18,1.4412959814071655,7.886899948120117,28.136499404907227,1492.300048828125
2011-04-19,1.4223941564559937,7.882299900054932,28.27519989013672,1494.5
2011-04-20,1.433794617652893,7.889400005340576,28.30870056152344,1498.300048828125
2011-04-21,1.4513999223709106,7.88700008392334,28.060199737548828,1503.199951171875
2011-04-22,1.455498218536377,7.88700008392334,27.924999237060547,
2011-04-25,1.4557099342346191,7.8796000480651855,28.010000228881836,1508.5999755859375
2011-04-26,1.4578959941864014,7.906199932098389,27.842500686645508,1503.0
2011-04-27,1.4687954187393188,7.877799987792969,27.81570053100586,1516.699951171875
2011-04-28,1.477999925613403,7.877299785614014,27.695199966430664,1530.800048828125
2011-04-29,1.484406352043152,7.872200012207031,27.516199111938477,1556.0
2011-05-02,1.4793994426727295,7.905300140380859,27.34309959411621,1556.699951171875
2011-05-03,1.4823819398880005,7.875199794769287,27.315200805664062,1540.0999755859375
2011-05-04,1.4833273887634275,7.871200084686279,27.34869956970215,1514.9000244140625
2011-05-05,1.4829754829406738,7.874499797821045,27.15489959716797,1480.9000244140625
2011-05-06,1.454439640045166,7.874899864196777,27.40279960632324,1491.199951171875
2011-05-09,1.4352967739105225,7.992499828338623,27.595199584960938,1502.9000244140625
2011-05-10,1.4376078844070437,7.881999969482422,27.8302001953125,1516.5999755859375
2011-05-11,1.44110906124115,7.886000156402588,27.74250030517578,1501.0999755859375
2011-05-12,1.4211004972457886,7.888100147247315,27.693700790405273,1506.5999755859375
2011-05-13,1.423791527748108,7.888199806213379,28.02519989013672,1493.4000244140625
2011-05-16,1.4077963829040527,7.981200218200684,27.92250061035156,1490.4000244140625
2011-05-17,1.415808916091919,7.895699977874756,28.116500854492188,1479.800048828125
2011-05-18,1.4268999099731443,7.886499881744385,28.127300262451172,1495.5999755859375
2011-05-19,1.4255167245864868,7.887499809265137,28.07270050048828,1492.199951171875
2011-05-20,1.4316186904907229,7.885200023651123,27.94700050354004,1508.800048828125
2011-05-23,1.4105764627456665,7.936800003051758,28.010000228881836,1515.300048828125
2011-05-24,1.403666377067566,7.894700050354004,28.477800369262695,1523.199951171875
2011-05-25,1.4099003076553345,7.907400131225586,28.352500915527344,1526.5999755859375
2011-05-26,1.4084903001785278,7.888999938964844,28.352399826049805,1522.800048828125
2011-05-27,1.4135074615478516,7.887599945068359,28.162500381469727,1536.300048828125
2011-05-30,1.4297356605529783,7.832200050354004,28.02389907836914,
2011-05-31,1.432233810424805,7.8831000328063965,27.998300552368164,1535.9000244140625
2011-06-01,1.4427932500839231,7.883999824523926,27.97369956970215,1542.4000244140625
2011-06-02,1.434493899345398,7.888700008392334,27.90019989013672,1532.0
2011-06-03,1.4486035108566284,7.888500213623047,27.884599685668945,1541.699951171875
2011-06-06,1.465502142906189,7.812699794769287,27.93120002746582,1546.5
2011-06-07,1.458299994468689,7.886899948120117,27.809999465942383,1543.300048828125
2011-06-08,1.4686013460159302,7.891900062561035,27.715999603271484,1538.0999755859375
2011-06-09,1.4601950645446775,7.892899990081787,27.73870086669922,1542.0999755859375
2011-06-10,1.451568365097046,7.891600131988525,27.692699432373047,1528.5999755859375
2011-06-13,1.4332603216171265,7.942599773406982,27.32900047302246,1515.0
2011-06-14,1.4416908025741575,7.89109992980957,27.92650032043457,1523.800048828125
2011-06-15,1.4450031518936155,7.889699935913086,27.86750030517578,1525.5999755859375
2011-06-16,1.4181982278823853,7.886499881744385,27.967500686645508,1529.300048828125
2011-06-17,1.419909954071045,7.887100219726563,28.172700881958008,1538.5999755859375
2011-06-20,1.4285101890563965,7.883600234985352,28.04599952697754,1541.5
2011-06-21,1.4325416088104248,7.898300170898437,28.04509925842285,1546.0
2011-06-22,1.4381660223007202,7.895999908447266,27.937700271606445,1552.9000244140625
2011-06-23,1.4314342737197876,7.895100116729736,27.957700729370117,1520.0999755859375
2011-06-24,1.427001714706421,7.889500141143799,28.219999313354492,1500.5
2011-06-27,1.4171332120895386,7.905099868774414,28.15169906616211,1496.0
2011-06-28,1.4316802024841309,7.860000133514404,28.31999969482422,1499.699951171875
2011-06-29,1.4357914924621582,7.892899990081787,28.05389976501465,1509.9000244140625
2011-06-30,1.4478904008865356,7.88670015335083,27.96769905090332,1502.300048828125
2011-07-01,1.4496954679489136,7.863500118255615,27.8927001953125,1482.300048828125
2011-07-04,1.4539955854415894,7.8734002113342285,27.836000442504883,
2011-07-05,1.4553074836730957,7.896599769592285,27.804500579833984,1512.300048828125
2011-07-06,1.4428139925003052,7.897200107574463,27.855199813842773,1528.699951171875
2011-07-07,1.4331575632095337,7.888700008392334,27.96179962158203,1530.199951171875
2011-07-08,1.4364513158798218,7.890900135040283,27.869800567626953,1541.199951171875
2011-07-11,1.4201923608779907,7.889800071716309,28.03070068359375,1548.800048828125
2011-07-12,1.4040604829788208,7.893899917602539,28.210100173950195,1561.9000244140625
2011-07-13,1.3969016075134275,7.893599987030029,28.315000534057617,1585.199951171875
2011-07-14,1.4234267473220823,7.896500110626221,27.945899963378903,1589.0
2011-07-15,1.4157286882400513,7.894199848175049,28.102100372314453,1589.800048828125
2011-07-18,1.412309646606445,7.894000053405762,27.39900016784668,1602.0999755859375
2011-07-19,1.411193609237671,7.887100219726563,28.134899139404297,1600.9000244140625
2011-07-20,1.417293906211853,7.895500183105469,28.02910041809082,1596.699951171875
2011-07-21,1.427001714706421,7.916299819946289,27.912099838256836,1586.800048828125
2011-07-22,1.4420026540756226,7.901199817657471,27.688400268554688,1601.300048828125
2011-07-25,1.4388489723205566,7.916800022125244,27.72800064086914,1612.0
2011-07-26,1.4371533393859863,7.895500183105469,27.684499740600582,1616.5999755859375
2011-07-27,1.450810194015503,7.900400161743164,27.493000030517575,1615.0
2011-07-28,1.4372979402542114,7.902100086212158,27.49760055541992,1613.4000244140625
2011-07-29,1.4331985712051392,7.905600070953369,27.545299530029297,1628.300048828125
2011-08-01,1.4363688230514526,7.816199779510498,27.621999740600582,1619.0
2011-08-02,1.4262080192565918,7.901800155639648,27.74650001525879,1641.9000244140625
2011-08-03,1.417333960533142,7.8765997886657715,27.834699630737305,1663.4000244140625
2011-08-04,1.4352967739105225,7.901400089263916,27.81290054321289,1656.199951171875
2011-08-05,1.4067071676254272,7.955900192260742,28.229400634765625,1648.800048828125
2011-08-08,1.4294085502624512,7.827499866485596,28.24650001525879,1710.199951171875
2011-08-09,1.417072892189026,7.894100189208984,28.92770004272461,1740.0
2011-08-10,1.4383108615875244,7.887599945068359,29.837499618530273,1781.300048828125
2011-08-11,1.4124692678451538,7.8902997970581055,29.675199508666992,1748.800048828125
2011-08-12,1.4226369857788086,7.906300067901611,29.424400329589844,1740.199951171875
2011-08-15,1.4274091720581057,7.902400016784668,28.962600708007812,1755.5
2011-08-16,1.4438347816467283,7.821499824523926,28.611400604248047,1782.4000244140625
2011-08-17,1.439801812171936,7.887100219726563,28.63139915466309,1791.199951171875
2011-08-18,1.4429181814193726,7.907700061798096,28.7731990814209,1818.9000244140625
2011-08-19,1.4324390888214111,7.903800010681152,29.038400650024418,1848.9000244140625
2011-08-22,1.4369261264801023,7.853099822998047,28.980199813842773,1888.699951171875
2011-08-23,1.436100721359253,7.903299808502197,29.099599838256836,1858.300048828125
2011-08-24,1.4437098503112793,7.901400089263916,28.906999588012695,1754.0999755859375
2011-08-25,1.44123375415802,7.901700019836426,28.920400619506836,1759.800048828125
2011-08-26,1.4372979402542114,7.90339994430542,28.886199951171875,1794.0999755859375
2011-08-29,1.449506402015686,7.861800193786621,28.713199615478516,1788.4000244140625
2011-08-30,1.4524328708648682,7.898900032043457,28.70820045471191,1826.699951171875
2011-08-31,1.4433138370513916,7.897299766540527,28.84289932250977,1828.5
2011-09-01,1.4374631643295288,7.90939998626709,28.793100357055664,1826.0
2011-09-02,1.4262080192565918,7.898900032043457,28.941600799560547,1873.699951171875
2011-09-05,1.41576886177063,7.926199913024902,29.14229965209961,
2011-09-06,1.4063115119934082,7.911099910736084,29.46389961242676,1869.9000244140625
2011-09-07,1.4003249406814575,7.895599842071533,29.579700469970703,1814.199951171875
2011-09-08,1.4085696935653689,7.8892998695373535,29.39940071105957,1854.4000244140625
2011-09-09,1.390414476394653,7.885700225830078,29.59819984436035,1856.4000244140625
2011-09-12,1.3600815534591677,7.985899925231934,30.064199447631836,1809.9000244140625
2011-09-13,1.3660268783569336,7.901899814605713,30.21960067749023,1826.800048828125
2011-09-14,1.3686069250106812,7.901599884033203,30.19659996032715,1823.5
2011-09-15,1.374608278274536,7.885200023651123,30.391199111938477,1778.5
2011-09-16,1.3869048357009888,7.907000064849853,30.338300704956055,1812.0999755859375
2011-09-19,1.370144605636597,7.899199962615967,30.578500747680664,1776.4000244140625
2011-09-20,1.3605626821517944,7.896900177001953,31.27519989013672,1806.5999755859375
2011-09-21,1.369394063949585,7.896399974822998,31.390199661254883,1805.5
2011-09-22,1.3586033582687378,7.893099784851074,31.645200729370117,1739.199951171875
2011-09-23,1.348090410232544,7.888100147247315,32.04909896850586,1637.5
2011-09-26,1.3547013998031616,7.871699810028076,31.942699432373047,1592.5
2011-09-27,1.351807951927185,7.891499996185303,32.30609893798828,1650.5999755859375
2011-09-28,1.3582342863082886,7.883900165557861,31.675199508666992,1616.300048828125
2011-09-29,1.3537662029266355,7.898399829864502,31.715200424194336,1615.5
2011-09-30,1.3585848808288574,7.894899845123291,31.972700119018555,1620.4000244140625
2011-10-03,1.336094617843628,7.906300067901611,32.199100494384766,1656.0
2011-10-04,1.3195048570632937,7.895999908447266,32.56520080566406,1614.699951171875
2011-10-05,1.3330134153366089,7.798500061035156,32.707698822021484,1640.300048828125
2011-10-06,1.333991527557373,7.946199893951416,32.105499267578125,1651.9000244140625
2011-10-07,1.3428946733474731,7.902500152587891,32.2151985168457,1634.5
2011-10-10,1.3385984897613523,7.849699974060059,32.080299377441406,1669.5999755859375
2011-10-11,1.3635495901107788,7.894899845123291,31.54520034790039,1659.699951171875
2011-10-12,1.3645730018615725,7.871500015258789,31.507699966430664,1681.300048828125
2011-10-13,1.379196286201477,7.898799896240234,31.02519989013672,1667.300048828125
2011-10-14,1.3735508918762207,7.907000064849853,31.17020034790039,1681.800048828125
2011-10-17,1.387905836105347,7.862599849700928,30.87019920349121,1675.5
2011-10-18,1.3744003772735596,7.90310001373291,30.881500244140625,1651.699951171875
2011-10-19,1.374003767967224,7.901299953460693,30.89800071716309,1646.0
2011-10-20,1.376500368118286,7.899199962615967,31.024999618530273,1611.9000244140625
2011-10-21,1.377903938293457,7.911900043487549,31.412399291992188,1635.0999755859375
2011-10-24,1.384773015975952,7.817200183868408,31.030000686645508,1651.5
2011-10-25,1.3922340869903564,7.893099784851074,30.4950008392334,1699.5999755859375
2011-10-26,1.3904531002044678,7.895599842071533,30.465200424194336,1722.699951171875
2011-10-27,1.387694001197815,7.901000022888184,30.628700256347656,1746.699951171875
2011-10-28,1.4173942804336548,7.905900001525879,29.82270050048828,1746.199951171875
2011-10-31,1.4140071868896484,7.908100128173828,29.6825008392334,1724.199951171875
2011-11-01,1.386001467704773,7.908999919891357,30.304000854492188,1711.0
2011-11-02,1.3655978441238403,7.9145002365112305,30.782499313354492,1728.699951171875
2011-11-03,1.3690004348754885,7.916999816894531,30.52519989013672,1764.199951171875
2011-11-04,1.382991909980774,7.906099796295166,30.375200271606445,1755.300048828125
2011-11-07,1.3789299726486206,7.928400039672852,30.52389907836914,1790.300048828125
2011-11-08,1.376007914543152,7.913300037384033,30.29990005493164,1798.4000244140625
2011-11-09,1.3826478719711304,7.910399913787842,30.2052001953125,1790.9000244140625
2011-11-10,1.3526674509048462,7.918499946594238,30.645200729370117,1758.9000244140625
2011-11-11,1.3610072135925293,7.906899929046631,30.526500701904297,1787.5
2011-11-14,1.3787018060684204,7.83650016784668,30.0625,1777.800048828125
2011-11-15,1.362416386604309,7.907800197601318,30.503700256347656,1781.699951171875
2011-11-16,1.350712537765503,7.9028000831604,30.58370018005371,1773.800048828125
2011-11-17,1.3441040515899658,7.901500225067139,30.696199417114254,1719.800048828125
2011-11-18,1.3458044528961182,7.928500175476074,30.901199340820312,1724.699951171875
2011-11-21,1.3529969453811646,7.951300144195557,30.805200576782227,1678.300048828125
2011-11-22,1.348435878753662,7.897900104522705,31.079999923706055,1702.199951171875
2011-11-23,1.352191925048828,7.8917999267578125,31.011199951171875,1695.699951171875
2011-11-24,1.3352025747299194,7.907700061798096,31.38999938964844,
2011-11-25,1.3331022262573242,7.914400100708008,31.4424991607666,1685.5
2011-11-28,1.3313452005386353,7.917399883270264,31.47620010375977,1710.800048828125
2011-11-29,1.3316997289657593,7.950600147247315,31.364200592041016,1713.4000244140625
2011-11-30,1.3324095010757446,7.92549991607666,30.791000366210938,1745.5
2011-12-01,1.3443931341171265,7.910299777984619,30.6737003326416,1735.300048828125
2011-12-02,1.346692442893982,7.927000045776367,30.259700775146484,1747.0
2011-12-05,1.3419036865234375,7.986999988555908,30.934999465942383,1730.699951171875
2011-12-06,1.3386701345443726,7.905399799346924,30.95549964904785,1727.9000244140625
2011-12-07,1.3412017822265625,7.908299922943115,30.99850082397461,1740.9000244140625
2011-12-08,1.3403747081756592,7.901800155639648,30.875999450683594,1709.800048828125
2011-12-09,1.3345433473587036,7.904600143432617,31.0674991607666,1712.800048828125
2011-12-12,1.3371665477752686,7.924699783325195,31.41370010375977,1664.199951171875
2011-12-13,1.3171066045761108,7.953999996185303,31.582500457763672,1659.9000244140625
2011-12-14,1.3019137382507324,7.992599964141846,31.59869956970215,1584.300048828125
2011-12-15,1.2988024950027466,7.911099910736084,31.774999618530273,1574.5999755859375
2011-12-16,1.302965521812439,7.903299808502197,31.6737003326416,1595.5999755859375
2011-12-19,1.3036959171295166,7.889699935913086,31.883699417114254,1594.4000244140625
2011-12-20,1.3007792234420776,7.90310001373291,32.08470153808594,1615.5999755859375
2011-12-21,1.3087977170944214,7.910600185394287,31.907699584960938,1611.9000244140625
2011-12-22,1.3040019273757937,7.917900085449219,31.635000228881836,1608.9000244140625
2011-12-23,1.3056023120880127,7.914999961853027,31.3174991607666,1604.699951171875
2011-12-26,1.304495334625244,7.916399955749512,30.93269920349121,
2011-12-27,1.3050570487976074,7.928500175476074,31.037500381469727,1594.199951171875
2011-12-28,1.307206630706787,7.91379976272583,31.360200881958008,1562.9000244140625
2011-12-29,1.292724609375,7.922900199890137,31.72450065612793,1539.9000244140625
2011-12-30,1.2956053018569946,7.89169979095459,31.96419906616211,1565.800048828125
2012-01-02,1.2960082292556765,7.888299942016602,31.98870086669922,
2012-01-03,1.2940963506698608,7.903200149536133,31.98870086669922,1599.699951171875
2012-01-04,1.3056023120880127,7.902900218963623,31.749000549316406,1611.9000244140625
2012-01-05,1.2931424379348757,7.9359002113342285,31.751300811767575,1619.4000244140625
2012-01-06,1.279606819152832,7.930200099945068,32.002601623535156,1616.0999755859375
2012-01-09,1.2680377960205078,7.976399898529053,31.92289924621582,1607.5
2012-01-10,1.2775959968566897,7.923799991607666,31.843799591064453,1631.0
2012-01-11,1.2751848697662354,7.932499885559082,31.550199508666992,1639.199951171875
2012-01-12,1.272394061088562,7.935200214385986,31.695199966430664,1647.300048828125
2012-01-13,1.2820513248443604,7.885700225830078,31.46269989013672,1630.4000244140625
2012-01-16,1.264702081680298,7.97629976272583,31.224000930786133,
2012-01-17,1.2667046785354614,7.90939998626709,31.569000244140625,1655.199951171875
2012-01-18,1.27459979057312,7.94189977645874,31.54520034790039,1659.5
2012-01-19,1.286603927612305,7.942699909210205,31.357500076293945,1654.0999755859375
2012-01-20,1.2964956760406494,7.942699909210205,31.291200637817383,1663.699951171875
2012-01-23,1.2884771823883057,7.89769983291626,31.255599975585938,1678.0
2012-01-24,1.3026939630508425,7.912499904632568,30.825199127197266,1664.199951171875
2012-01-25,1.304103970527649,7.917900085449219,30.755199432373047,1699.800048828125
2012-01-26,1.3107362985610962,7.923399925231934,30.445199966430664,1726.300048828125
2012-01-27,1.3092775344848633,7.897600173950195,30.312700271606445,1731.800048828125
2012-01-30,1.3207945823669434,7.877699851989746,30.11359977722168,1731.0
2012-01-31,1.3139568567276,7.897600173950195,30.350000381469727,1737.800048828125
2012-02-01,1.3077024221420288,7.9207000732421875,30.048200607299805,1747.0999755859375
2012-02-02,1.317002534866333,7.937600135803223,30.125200271606445,1756.800048828125
2012-02-03,1.3137152194976809,7.94950008392334,30.158599853515625,1737.9000244140625
2012-02-06,1.31271493434906,7.9359002113342285,30.17340087890625,1722.800048828125
2012-02-07,1.3121638298034668,7.926199913024902,29.957500457763672,1746.4000244140625
2012-02-08,1.3248542547225952,7.929100036621094,29.74020004272461,1729.300048828125
2012-02-09,1.3248542547225952,7.938799858093262,29.725200653076172,1739.0
2012-02-10,1.3278449773788452,7.924200057983398,29.709199905395508,1723.300048828125
2012-02-13,1.3236793279647827,7.946800231933594,29.982200622558594,1723.0
2012-02-14,1.3157894611358645,7.925000190734863,29.901199340820312,1715.9000244140625
2012-02-15,1.3133701086044312,7.9257001876831055,30.033199310302734,1726.300048828125
2012-02-16,1.3058068752288818,7.915999889373779,30.081199645996097,1726.800048828125
2012-02-17,1.31268048286438,7.9222002029418945,30.03420066833496,1724.5
2012-02-20,1.3227163553237915,7.914199829101563,29.873199462890625,
2012-02-21,1.3204805850982666,7.92549991607666,29.77720069885254,1757.0999755859375
2012-02-22,1.324327826499939,7.900199890136719,29.733200073242188,1770.0
2012-02-23,1.325574278831482,7.905300140380859,29.678199768066406,1784.9000244140625
2012-02-24,1.337363362312317,7.900000095367432,29.531200408935547,1775.0999755859375
2012-02-27,1.3467106819152832,7.880300045013428,29.140199661254883,1773.5999755859375
2012-02-28,1.3406623601913452,7.893099784851074,28.998199462890625,1787.0
2012-02-29,1.3477997779846191,7.894999980926514,28.998199462890625,1709.9000244140625
2012-03-01,1.3320900201797483,7.896200180053711,29.18819999694824,1721.0999755859375
2012-03-02,1.3322675228118896,7.923799991607666,29.12019920349121,1708.800048828125
2012-03-05,1.318617582321167,7.948500156402588,29.3302001953125,1703.0
2012-03-06,1.3225764036178589,7.9309000968933105,29.336200714111328,1671.4000244140625
2012-03-07,1.312335968017578,7.930600166320801,29.632200241088867,1683.300048828125
2012-03-08,1.3139914274215698,7.92110013961792,29.608200073242188,1698.0999755859375
2012-03-09,1.327492356300354,7.918399810791016,29.34320068359375,1710.9000244140625
2012-03-12,1.312508225440979,7.91949987411499,29.44820022583008,1699.199951171875
2012-03-13,1.3168290853500366,7.921800136566162,29.608200073242188,1693.699951171875
2012-03-14,1.30804443359375,7.910999774932861,29.425199508666992,1642.5
2012-03-15,1.3022528886795044,7.911399841308594,29.568199157714844,1659.0999755859375
2012-03-16,1.3078734874725342,7.925300121307373,29.42020034790039,1655.5
2012-03-19,1.3177140951156616,7.858500003814697,29.20820045471191,1666.9000244140625
2012-03-20,1.3229262828826904,7.918900012969971,29.099199295043945,1646.699951171875
2012-03-21,1.323766827583313,7.920300006866455,29.239200592041016,1650.0
2012-03-22,1.3218770027160645,7.917200088500977,29.25200080871582,1642.300048828125
2012-03-23,1.3204805850982666,7.917900085449219,29.436199188232425,1662.300048828125
2012-03-26,1.328303575515747,7.89300012588501,29.270200729370117,1685.5
2012-03-27,1.3360053300857544,7.874199867248535,28.944000244140625,1684.800048828125
2012-03-28,1.3328713178634644,7.923399925231934,29.03219985961914,1657.9000244140625
2012-03-29,1.3326226472854614,7.921899795532227,29.35919952392578,1652.199951171875
2012-03-30,1.3313806056976318,7.927499771118164,29.40920066833496,1669.300048828125
2012-04-02,1.3358268737792969,7.924499988555908,29.336200714111328,1677.5
2012-04-03,1.3333333730697632,7.930099964141846,29.283199310302734,1670.0
2012-04-04,1.3225239515304563,7.943299770355225,29.272199630737305,1612.300048828125
2012-04-05,1.314405918121338,7.927999973297119,29.427200317382812,1628.5
2012-04-06,1.3065063953399658,7.927999973297119,29.379199981689453,
2012-04-09,1.3079075813293457,7.926400184631348,29.54319953918457,1642.5
2012-04-10,1.311131477355957,7.90939998626709,29.59320068359375,1659.5
2012-04-11,1.3073604106903076,7.91480016708374,29.82719993591309,1659.0
2012-04-12,1.311991572380066,7.916800022125244,29.6112003326416,1679.5
2012-04-13,1.318913221359253,7.91480016708374,29.401199340820312,1659.0999755859375
2012-04-16,1.30565345287323,7.966800212860107,29.629199981689453,1648.699951171875
2012-04-17,1.31268048286438,7.9145002365112305,29.588199615478516,1650.300048828125
2012-04-18,1.3135426044464111,7.916600227355957,29.488000869750977,1638.800048828125
2012-04-19,1.311991572380066,7.92519998550415,29.487199783325195,1640.5999755859375
2012-04-20,1.314578652381897,7.934700012207031,29.47620010375977,1642.0999755859375
2012-04-23,1.3204805850982666,7.9028000831604,29.426000595092773,1631.9000244140625
2012-04-24,1.3152011632919312,7.933499813079834,29.46820068359375,1643.0
2012-04-25,1.3197835683822632,7.926799774169922,29.34320068359375,1641.4000244140625
2012-04-26,1.323276400566101,7.92609977722168,29.33720016479492,1659.5999755859375
2012-04-27,1.319087266921997,7.943299770355225,29.310199737548828,1664.0
2012-04-30,1.3241524696350098,7.909999847412109,29.270200729370117,1663.4000244140625
2012-05-01,1.32397723197937,7.909999847412109,29.379199981689453,1661.699951171875
2012-05-02,1.32397723197937,7.927299976348877,29.303199768066406,1653.4000244140625
2012-05-03,1.3147515058517456,7.926300048828125,29.322999954223633,1634.199951171875
2012-05-04,1.3156163692474363,7.918000221252441,29.51919937133789,1644.699951171875
2012-05-07,1.297033667564392,7.955999851226807,29.75320053100586,1638.5999755859375
2012-05-08,1.306165099143982,7.927599906921387,30.00900077819824,1604.0
2012-05-09,1.299545168876648,7.924300193786621,30.12220001220703,1593.699951171875
2012-05-10,1.2936609983444214,7.926799774169922,30.353200912475582,1595.0999755859375
2012-05-11,1.2934937477111816,7.933199882507324,30.138200759887695,1583.5999755859375
2012-05-14,1.289989709854126,7.936100006103516,30.166200637817383,1560.5999755859375
2012-05-15,1.283202886581421,7.929699897766113,30.37420082092285,1556.800048828125
2012-05-16,1.273560881614685,7.926799774169922,30.66320037841797,1536.199951171875
2012-05-17,1.273074507713318,7.937399864196777,31.018199920654297,1574.5
2012-05-18,1.269841194152832,7.946199893951416,31.094200134277344,1591.5999755859375
2012-05-21,1.277302384376526,7.886499881744385,31.235200881958008,1588.4000244140625
2012-05-22,1.281065821647644,7.915900230407715,31.076200485229492,1576.300048828125
2012-05-23,1.2664639949798584,8.007200241088867,31.23710060119629,1548.0999755859375
2012-05-24,1.2561235427856443,7.997900009155273,31.63920021057129,1557.300048828125
2012-05-25,1.2536041736602783,8.005900382995605,31.75320053100586,1568.800048828125
2012-05-28,1.2569130659103394,7.99399995803833,32.049198150634766,
2012-05-29,1.25250506401062,7.992000102996826,32.07120132446289,1548.5999755859375
2012-05-30,1.2478163242340088,8.003000259399414,32.265201568603516,1563.4000244140625
2012-05-31,1.237470626831055,8.011300086975098,32.76620101928711,1562.5999755859375
2012-06-01,1.2362467050552368,7.99560022354126,33.314701080322266,1620.5
2012-06-04,1.2402331829071045,7.904300212860107,33.62369918823242,1612.199951171875
2012-06-05,1.2509382963180542,7.930099964141846,33.43920135498047,1615.199951171875
2012-06-06,1.2462612390518188,7.958799839019775,33.05860137939453,1632.800048828125
2012-06-07,1.2573871612548828,7.905700206756592,32.31919860839844,1586.5999755859375
2012-06-08,1.257071018218994,7.9857001304626465,32.41619873046875,1590.0999755859375
2012-06-11,1.2645422220230105,7.927199840545654,32.04119873046875,1595.5
2012-06-12,1.2478163242340088,8.038900375366211,32.731201171875,1612.699951171875
2012-06-13,1.2504688501358032,8.003600120544434,32.870201110839844,1618.0999755859375
2012-06-14,1.2573871612548828,7.959700107574463,32.470001220703125,1618.4000244140625
2012-06-15,1.262785792350769,7.943299770355225,32.496700286865234,1627.0
2012-06-18,1.27048659324646,7.932000160217285,32.327999114990234,1625.699951171875
2012-06-19,1.2597631216049194,7.992099761962891,32.37369918823242,1622.199951171875
2012-06-20,1.2680699825286863,7.918499946594238,32.303199768066406,1614.800048828125
2012-06-21,1.2680699825286863,7.957900047302246,32.55220031738281,1564.5
2012-06-22,1.255177617073059,8.046799659729004,33.168701171875,1566.0
2012-06-25,1.2537612915039062,7.958799839019775,33.09320068359375,1587.5
2012-06-26,1.2504688501358032,7.952700138092041,33.1697998046875,1574.0
2012-06-27,1.248751163482666,7.967100143432617,32.814701080322266,1577.5
2012-06-28,1.2473493814468384,7.981200218200684,32.948299407958984,1549.699951171875
2012-06-29,1.244090557098389,7.956900119781494,33.12590026855469,1603.5
2012-07-02,1.2655184268951416,7.915299892425537,32.27920150756836,1597.199951171875
2012-07-03,1.2581782341003418,7.991499900817871,32.58000183105469,1621.300048828125
2012-07-04,1.2605571746826172,7.955999851226807,32.20289993286133,
2012-07-05,1.2516272068023682,7.997900009155273,32.30820083618164,1608.9000244140625
2012-07-06,1.2391574382781982,8.04580020904541,32.579200744628906,1578.4000244140625
2012-07-09,1.227144479751587,8.034299850463867,32.950199127197266,1588.5999755859375
2012-07-10,1.2318304777145386,7.974400043487549,32.786800384521484,1579.300048828125
2012-07-11,1.2256402969360352,8.02299976348877,32.87070083618164,1575.199951171875
2012-07-12,1.2247247695922852,7.992000102996826,32.66320037841797,1564.9000244140625
2012-07-13,1.2192742824554443,7.951600074768066,32.737998962402344,1591.5999755859375
2012-07-16,1.2248897552490234,7.948500156402588,32.52320098876953,1591.199951171875
2012-07-17,1.2268433570861816,7.9207000732421875,32.4922981262207,1589.0999755859375
2012-07-18,1.2295585870742798,7.972300052642822,32.33209991455078,1570.4000244140625
2012-07-19,1.227747082710266,7.91349983215332,32.20920181274414,1580.0999755859375
2012-07-20,1.2276867628097534,7.984399795532227,31.820199966430664,1582.5
2012-07-23,1.2127091884613037,8.01669979095459,32.03419876098633,1577.0999755859375
2012-07-24,1.212415099143982,7.974400043487549,32.61709976196289,1576.0
2012-07-25,1.2061853408813477,7.983500003814697,32.91630172729492,1608.0
2012-07-26,1.2140341997146606,7.967199802398682,32.65190124511719,1615.0
2012-07-27,1.2280486822128296,7.940800189971924,32.28010177612305,1617.9000244140625
2012-07-30,1.230466365814209,7.974199771881104,32.02690124511719,1619.699951171875
2012-07-31,1.2259409427642822,7.985099792480469,32.158199310302734,1610.5
2012-08-01,1.2294074296951294,7.973700046539307,32.19919967651367,1603.699951171875
2012-08-02,1.2241400480270386,8.046299934387207,32.40019989013672,1587.4000244140625
2012-08-03,1.218026876449585,8.055800437927246,32.62810134887695,1606.0
2012-08-06,1.2428536415100098,7.932799816131592,32.019798278808594,1612.9000244140625
2012-08-07,1.2390038967132568,7.967000007629395,31.574199676513672,1609.699951171875
2012-08-08,1.2386969327926636,7.995800018310547,31.532800674438477,1612.9000244140625
2012-08-09,1.237332820892334,7.9721999168396,31.506200790405273,1617.0999755859375
2012-08-10,1.2294074296951294,7.982999801635742,31.66819953918457,1619.699951171875
2012-08-13,1.2277169227600098,7.972899913787842,31.801000595092773,1609.5999755859375
2012-08-14,1.2327415943145752,7.992199897766113,31.83320045471191,1599.4000244140625
2012-08-15,1.2325897216796875,8.007699966430664,31.815099716186523,1603.699951171875
2012-08-16,1.2289540767669678,7.986999988555908,31.785200119018555,1616.0999755859375
2012-08-17,1.2357884645462036,7.935200214385986,31.78019905090332,1616.300048828125
2012-08-20,1.233258605003357,8.002699851989746,31.9862003326416,1620.0999755859375
2012-08-21,1.2353304624557495,7.97629976272583,31.982200622558594,1639.9000244140625
2012-08-22,1.2476606369018557,7.952099800109863,31.74799919128418,1637.4000244140625
2012-08-23,1.2534469366073608,7.94320011138916,31.62529945373535,1669.5999755859375
2012-08-24,1.2561235427856443,7.981800079345703,31.75,1669.800048828125
2012-08-27,1.250437617301941,7.997000217437744,31.767200469970703,1672.4000244140625
2012-08-28,1.250156283378601,8.00730037689209,31.857200622558594,1666.5
2012-08-29,1.257228970527649,7.980899810791016,31.96699905395508,1659.800048828125
2012-08-30,1.2531328201293943,8.019599914550781,32.198001861572266,1653.5
2012-08-31,1.2510946989059448,8.029800415039062,32.537200927734375,1684.5999755859375
2012-09-03,1.257703423500061,8.026300430297852,32.27619934082031,
2012-09-04,1.2586532831192017,8.014399528503418,32.265201568603516,1692.9000244140625
2012-09-05,1.2534469366073608,8.08530044555664,32.312198638916016,1690.800048828125
2012-09-06,1.2602394819259644,7.970699787139893,32.23820114135742,1702.5999755859375
2012-09-07,1.263264298439026,7.981900215148926,31.93720054626465,1737.5
2012-09-10,1.2795906066894531,7.91480016708374,31.652000427246097,1728.699951171875
2012-09-11,1.2761613130569458,8.019000053405762,31.647300720214844,1731.800048828125
2012-09-12,1.2851818799972534,7.950600147247315,31.460100173950195,1730.5999755859375
2012-09-13,1.2903226613998413,8.004899978637695,31.420000076293945,1769.0999755859375
2012-09-14,1.299376368522644,7.9629998207092285,31.03969955444336,1769.800048828125
2012-09-17,1.3116475343704224,7.999499797821045,30.4960994720459,1767.699951171875
2012-09-18,1.3110111951828003,8.016799926757812,30.63999938964844,1768.4000244140625
2012-09-19,1.3046314716339111,8.025300025939941,30.887699127197266,1769.0
2012-09-20,1.3058239221572876,7.99429988861084,31.146900177001953,1767.699951171875
2012-09-21,1.2973533868789673,8.013099670410156,31.10420036315918,1775.5
2012-09-24,1.2968486547470093,8.0423002243042,31.037200927734375,1762.0999755859375
2012-09-25,1.2941633462905884,7.996600151062012,31.095199584960938,1763.800048828125
2012-09-26,1.2900062799453735,8.037300109863281,31.172700881958008,1750.5999755859375
2012-09-27,1.2881617546081543,8.032999992370605,31.291200637817383,1777.5999755859375
2012-09-28,1.2913223505020142,8.008999824523926,30.89929962158203,1771.0999755859375
2012-10-01,1.2809016704559326,8.079400062561035,31.176000595092773,1780.5
2012-10-02,1.2888258695602417,8.046299934387207,31.165199279785156,1772.699951171875
2012-10-03,1.2916558980941772,8.039999961853027,31.12019920349121,1777.300048828125
2012-10-04,1.2923235893249512,8.04010009765625,31.13400077819824,1794.0999755859375
2012-10-05,1.3017443418502808,7.997399806976318,30.90719985961914,1778.5999755859375
2012-10-08,1.301574945449829,8.0108003616333,31.006500244140625,1773.5
2012-10-09,1.2976900339126587,8.003399848937988,31.160200119018555,1763.0
2012-10-10,1.2858428955078125,8.053899765014648,31.132400512695312,1763.199951171875
2012-10-11,1.2858428955078125,8.022199630737305,31.118799209594727,1768.800048828125
2012-10-12,1.293326497077942,8.018799781799316,30.96839904785156,1758.0
2012-10-15,1.2943308353424072,8.038399696350098,31.106199264526367,1736.0
2012-10-16,1.2968486547470093,8.037699699401855,30.96500015258789,1744.699951171875
2012-10-17,1.310787796974182,7.998199939727783,30.793100357055664,1751.5
2012-10-18,1.3116475343704224,8.055299758911133,30.735200881958008,1743.300048828125
2012-10-19,1.306916117668152,8.081000328063965,30.754199981689453,1722.800048828125
2012-10-22,1.3022528886795044,8.06980037689209,30.855199813842773,1725.0999755859375
2012-10-23,1.3070186376571655,8.057900428771973,31.075000762939453,1708.300048828125
2012-10-24,1.2973533868789673,8.066800117492676,31.395000457763672,1700.5
2012-10-25,1.2965123653411863,8.033499717712402,31.40019989013672,1712.0
2012-10-26,1.2938284873962402,8.100799560546875,31.30769920349121,1710.9000244140625
2012-10-29,1.2924071550369265,8.020899772644043,31.346200942993164,
2012-10-30,1.2908222675323486,8.06760025024414,31.47599983215332,
2012-10-31,1.2962603569030762,8.055500030517578,31.338600158691406,1717.5
2012-11-01,1.2965123653411863,8.086999893188477,31.280000686645508,1714.0999755859375
2012-11-02,1.2948336601257324,8.093299865722656,31.243200302124023,1674.0999755859375
2012-11-05,1.2827913761138916,8.08590030670166,31.475200653076172,1682.199951171875
2012-11-06,1.2802459001541138,8.070899963378906,31.557199478149418,1714.0999755859375
2012-11-07,1.2808033227920532,8.072500228881836,31.366199493408203,1713.199951171875
2012-11-08,1.2759984731674194,8.102800369262695,31.535200119018555,1725.4000244140625
2012-11-09,1.274534821510315,8.075300216674805,31.453399658203125,1730.300048828125
2012-11-12,1.272394061088562,8.078700065612793,31.53019905090332,1730.300048828125
2012-11-13,1.2709709405899048,8.07699966430664,31.660999298095703,1724.199951171875
2012-11-14,1.2709709405899048,8.08489990234375,31.71820068359375,1729.5
2012-11-15,1.273236632347107,8.1141996383667,31.649599075317383,1713.300048828125
2012-11-16,1.2784454822540283,8.101699829101562,31.616199493408203,1714.300048828125
2012-11-19,1.2759497165679932,8.062000274658203,31.615800857543945,1734.0
2012-11-20,1.276943564414978,8.06470012664795,31.378999710083008,1723.199951171875
2012-11-21,1.281443476676941,8.052900314331055,31.290000915527344,1727.9000244140625
2012-11-22,1.2865046262741089,8.021200180053711,31.085599899291992,
2012-11-23,1.2875149250030518,8.030400276184082,31.140300750732425,1751.300048828125
2012-11-26,1.2965964078903198,8.000200271606445,31.00069999694824,1749.5
2012-11-27,1.298701286315918,8.014599800109863,30.974000930786133,1742.199951171875
2012-11-28,1.2938284873962402,8.070699691772461,31.05920028686523,1716.5
2012-11-29,1.2953367233276367,8.021300315856934,31.03919982910156,1727.199951171875
2012-11-30,1.2973533868789673,8.086299896240234,30.86520004272461,1710.9000244140625
2012-12-03,1.299680233001709,8.067700386047363,30.84320068359375,1719.5999755859375
2012-12-04,,8.067000389099121,30.867000579833984,1694.4000244140625
2012-12-05,1.3099292516708374,8.069999694824219,30.80109977722168,1692.4000244140625
2012-12-06,1.3070186376571655,8.079700469970703,30.763200759887695,1700.300048828125
2012-12-07,1.2963443994522097,8.13010025024414,30.901199340820312,1704.0
2012-12-10,1.2906056642532349,8.055500030517578,30.816200256347656,1713.0
2012-12-11,1.2938284873962402,7.997700214385986,30.76070022583008,1708.199951171875
2012-12-12,1.3013207912445068,7.9842000007629395,30.677000045776367,1716.5999755859375
2012-12-13,1.3066771030426023,7.958799839019775,30.541000366210938,1695.5999755859375
2012-12-14,1.3078734874725342,7.979000091552734,30.714500427246097,1695.800048828125
2012-12-17,1.3165863752365112,7.954999923706055,30.67639923095703,1697.0
2012-12-18,1.316482424736023,7.991399765014648,30.961999893188477,1669.5
2012-12-19,1.323101282119751,7.969299793243408,30.717300415039062,1666.5
2012-12-20,1.3215277194976809,8.033499717712402,30.70249938964844,1644.9000244140625
2012-12-21,1.323766827583313,7.9944000244140625,30.667200088500977,1659.0999755859375
2012-12-24,1.3182003498077393,7.967400074005127,30.807199478149418,1658.5999755859375
2012-12-25,1.3180439472198486,7.967400074005127,30.592199325561523,
2012-12-26,1.3180439472198486,7.929500102996826,30.619199752807617,1659.800048828125
2012-12-27,1.3225764036178589,7.905499935150147,30.43899917602539,1662.5999755859375
2012-12-28,1.3250298500061035,7.9770002365112305,30.2810001373291,1654.9000244140625
2012-12-31,1.3227688074111938,7.921199798583984,30.440200805664062,1674.800048828125
2013-01-01,1.32013201713562,7.935400009155273,30.50200080871582,
2013-01-02,1.3197835683822632,7.927299976348877,30.33720016479492,1687.9000244140625
2013-01-03,1.3182177543640137,7.982500076293945,30.1564998626709,1673.699951171875
2013-01-04,1.3032711744308472,7.956600189208984,30.270999908447266,1648.0999755859375
2013-01-07,1.3067454099655151,7.892300128936768,30.285499572753903,1645.5
2013-01-08,1.312508225440979,7.8805999755859375,30.358999252319336,1661.5
2013-01-09,1.308232665061951,7.958499908447266,30.274499893188477,1654.800048828125
2013-01-10,1.305483102798462,7.98859977722168,30.343299865722656,1677.300048828125
2013-01-11,1.327316164970398,7.90939998626709,30.129199981689453,1660.0
2013-01-14,1.3362016677856443,7.966000080108643,30.26460075378418,1668.9000244140625
2013-01-15,1.3377926349639893,8.026900291442871,30.146400451660156,1683.4000244140625
2013-01-16,1.330849051475525,8.065699577331543,30.295400619506836,1682.699951171875
2013-01-17,1.32908034324646,8.03600025177002,30.300500869750977,1690.4000244140625
2013-01-18,1.3372559547424316,8.0108003616333,30.15999984741211,1686.5999755859375
2013-01-21,1.3320013284683228,8.040300369262695,30.239500045776367,
2013-01-22,1.3311502933502195,8.017600059509277,30.255399703979492,1692.800048828125
2013-01-23,1.331398367881775,8.031399726867676,30.21619987487793,1686.300048828125
2013-01-24,1.330849051475525,8.035699844360352,30.15719985961914,1669.5
2013-01-25,1.3369340896606443,8.007800102233887,29.989900588989254,1656.4000244140625
2013-01-28,1.3466018438339231,8.002900123596191,29.986499786376953,1652.4000244140625
2013-01-29,1.3446282148361206,8.031100273132324,30.11549949645996,1660.699951171875
2013-01-30,1.34916353225708,8.005200386047363,30.002599716186523,1679.9000244140625
2013-01-31,1.3568336963653564,8.026700019836426,30.031999588012695,1660.5999755859375
2013-02-01,1.3610997200012207,8.023799896240234,30.003000259399418,1669.4000244140625
2013-02-04,1.3648709058761597,8.019399642944336,29.88330078125,1675.300048828125
2013-02-05,1.3511687517166138,8.06659984588623,30.06450080871582,1672.4000244140625
2013-02-06,1.3581420183181765,8.024800300598145,29.90279960632324,1677.699951171875
2013-02-07,1.3523930311203003,8.021100044250488,30.05150032043457,1670.4000244140625
2013-02-08,1.3389389514923096,8.134499549865723,30.15730094909668,1666.0
2013-02-11,1.3368269205093384,8.034799575805664,30.14620018005371,1648.199951171875
2013-02-12,1.340356707572937,7.994699954986572,30.08679962158203,1648.699951171875
2013-02-13,1.3452069759368896,7.9984002113342285,29.994400024414062,1644.199951171875
2013-02-14,1.3444474935531616,8.038000106811523,30.03660011291504,1634.699951171875
2013-02-15,1.3352917432785034,8.000399589538574,30.045900344848633,1608.800048828125
2013-02-18,1.3344007730484009,7.988100051879883,30.09600067138672,
2013-02-19,1.3347214460372925,8.008600234985352,30.107200622558594,1603.5999755859375
2013-02-20,1.3395847082138062,7.992199897766113,30.041200637817383,1577.5999755859375
2013-02-21,1.327316164970398,8.08489990234375,30.205699920654297,1578.199951171875
2013-02-22,1.3194352388381958,8.015000343322754,30.396299362182617,1572.4000244140625
2013-02-25,1.319591999053955,8.021100044250488,30.324199676513672,1586.199951171875
2013-02-26,1.3065063953399658,8.160599708557129,30.5492000579834,1615.199951171875
2013-02-27,1.3065917491912842,8.02560043334961,30.582199096679688,1595.199951171875
2013-02-28,1.3150973320007324,8.027000427246094,30.441999435424805,1577.699951171875
2013-03-01,1.3059945106506348,8.056300163269043,30.64299964904785,1571.9000244140625
2013-03-04,1.3016934394836426,8.045499801635742,30.63170051574707,1572.0999755859375
2013-03-05,1.3036110401153564,8.028300285339355,30.730199813842773,1574.5999755859375
2013-03-06,1.3048527240753174,8.0068998336792,30.571699142456055,1574.5999755859375
2013-03-07,1.297858476638794,8.072400093078613,30.71529960632324,1574.800048828125
2013-03-08,1.311131477355957,7.971399784088135,30.682199478149418,1576.5999755859375
2013-03-11,1.2988024950027466,8.09000015258789,30.75819969177246,1577.800048828125
2013-03-12,1.3032711744308472,8.00100040435791,30.68280029296875,1591.5
2013-03-13,1.3029316663742063,8.0024995803833,30.697200775146484,1588.300048828125
2013-03-14,1.2958402633666992,8.048800468444824,30.774900436401367,1590.5999755859375
2013-03-15,1.301236271858215,7.960899829864502,30.722999572753903,1592.5
2013-03-18,1.2892745733261108,8.008899688720703,30.87019920349121,1604.5999755859375
2013-03-19,1.2944984436035156,8.014399528503418,30.81279945373535,1611.300048828125
2013-03-20,1.2863887548446655,8.07509994506836,30.95389938354492,1607.5
2013-03-21,1.2941633462905884,8.012700080871582,30.78689956665039,1613.800048828125
2013-03-22,1.2904890775680542,8.042200088500977,30.932600021362305,1606.199951171875
2013-03-25,1.302405595779419,8.003600120544434,30.726299285888672,1604.5999755859375
2013-03-26,1.2858428955078125,8.10219955444336,30.91550064086914,1595.800048828125
2013-03-27,1.2860082387924194,8.03030014038086,30.852699279785156,1606.199951171875
2013-03-28,1.277791976928711,8.032600402832031,31.055999755859375,1594.800048828125
2013-03-29,1.2815911769866943,8.032600402832031,31.052799224853516,
2013-04-01,1.2805737257003784,8.031000137329102,31.009300231933594,1600.0
2013-04-02,1.2850167751312256,8.031000137329102,31.020299911499023,1575.0999755859375
2013-04-03,1.2820513248443604,8.054900169372559,31.26849937438965,1552.800048828125
2013-04-04,1.2850167751312256,8.008600234985352,31.618799209594727,1551.800048828125
2013-04-05,1.2928247451782229,7.958600044250488,31.54319953918457,1575.4000244140625
2013-04-08,1.2992074489593506,8.027600288391113,31.596099853515625,1572.0
2013-04-09,1.3029316663742063,8.039600372314453,31.189800262451172,1586.199951171875
2013-04-10,1.3080273866653442,8.002699851989746,31.001800537109375,1558.300048828125
2013-04-11,1.3055341243743896,8.04580020904541,30.83300018310547,1564.300048828125
2013-04-12,1.311475396156311,8.042099952697754,30.800500869750977,1501.0
2013-04-15,1.3099292516708374,7.999800205230713,31.04669952392578,1360.5999755859375
2013-04-16,1.3054660558700562,8.051600456237793,31.444299697875977,1386.800048828125
2013-04-17,1.3178702592849731,7.987500190734863,31.232200622558594,1382.199951171875
2013-04-18,1.3034920692443848,8.093899726867676,31.831199645996097,1392.0
2013-04-19,1.3053126335144043,8.081500053405762,31.493099212646484,1395.300048828125
2013-04-22,1.3055682182312012,8.055500030517578,31.616199493408203,1421.0
2013-04-23,1.306165099143982,8.016599655151367,31.499900817871097,1408.5999755859375
2013-04-24,1.2994438409805298,8.019100189208984,31.616199493408203,1423.4000244140625
2013-04-25,1.3017443418502808,8.027999877929688,31.41819953918457,1461.800048828125
2013-04-26,1.3007283210754397,8.074399948120117,31.12420082092285,1453.5999755859375
2013-04-29,1.3042571544647217,8.020000457763672,31.187700271606445,1467.4000244140625
2013-04-30,1.3095861673355105,8.022299766540527,30.930200576782227,1472.199951171875
2013-05-01,1.3168290853500366,7.953000068664551,30.999799728393555,1446.300048828125
2013-05-02,1.3182177543640137,8.008899688720703,31.287200927734375,1467.699951171875
2013-05-03,1.3065063953399658,8.059000015258789,31.132200241088867,1464.300048828125
2013-05-06,1.312335968017578,7.994800090789795,31.056400299072266,1468.0999755859375
2013-05-07,1.3070186376571655,8.008299827575684,30.972900390625,1449.0
2013-05-08,1.3077024221420288,8.056900024414062,31.059499740600582,1473.9000244140625
2013-05-09,1.3161357641220093,7.984600067138672,31.092100143432617,1468.800048828125
2013-05-10,1.303441047668457,8.073699951171875,31.13759994506836,1436.800048828125
2013-05-13,1.2965291738510132,8.009099960327148,31.36520004272461,1434.5
2013-05-14,1.2988024950027466,8.02649974822998,31.26070022583008,1424.699951171875
2013-05-15,1.2937111854553225,8.05620002746582,31.300600051879883,1396.5
2013-05-16,1.2882447242736816,8.023099899291992,31.444000244140625,1387.0999755859375
2013-05-17,1.2883278131484983,8.015999794006348,31.33930015563965,1364.9000244140625
2013-05-20,1.2835652828216553,8.057600021362305,31.40660095214844,1384.300048828125
2013-05-21,1.2891082763671875,8.036700248718262,31.230199813842773,1377.800048828125
2013-05-22,1.291906237602234,8.02810001373291,31.212400436401367,1367.5999755859375
2013-05-23,1.2842081785202026,8.09939956665039,31.34709930419922,1392.0
2013-05-24,1.2925074100494385,8.008000373840332,31.35919952392578,1386.800048828125
2013-05-27,1.2937781810760498,8.054400444030762,31.194299697875977,
2013-05-28,1.29339337348938,8.053500175476074,31.334199905395508,1379.0999755859375
2013-05-29,1.2846370935440063,8.092700004577637,31.482999801635746,1391.300048828125
2013-05-30,1.294783353805542,8.02400016784668,31.594200134277344,1411.5
2013-05-31,1.3043931722640991,7.999199867248535,31.656400680541992,1392.5999755859375
2013-06-03,1.299646496772766,8.036700248718262,31.8981990814209,1411.699951171875
2013-06-04,1.3072919845581057,8.006099700927734,31.775100708007812,1397.0999755859375
2013-06-05,1.307343363761902,8.05270004272461,31.89940071105957,1398.4000244140625
2013-06-06,1.3093289136886597,8.030400276184082,32.16109848022461,1415.699951171875
2013-06-07,1.3245558738708496,7.965199947357178,32.11320114135742,1383.0
2013-06-10,1.3224014043807983,7.965199947357178,32.11320114135742,1386.199951171875
2013-06-11,1.3224014043807983,7.965199947357178,32.24660110473633,1377.0
2013-06-12,1.3224014043807983,7.965199947357178,32.372501373291016,1391.800048828125
2013-06-13,1.3339558839797974,8.003399848937988,32.14350128173828,1377.5999755859375
2013-06-14,1.3367911577224731,8.021300315856934,31.896499633789062,1387.300048828125
2013-06-17,1.3348639011383057,8.028200149536133,31.70219993591309,1382.800048828125
2013-06-18,1.336308836936951,8.036499977111816,31.72369956970215,1366.5999755859375
2013-06-19,1.3389928340911863,8.043600082397461,31.96299934387207,1373.5999755859375
2013-06-20,1.329186201095581,8.119199752807617,32.43519973754883,1285.9000244140625
2013-06-21,1.323556661605835,8.045000076293945,32.86949920654297,1291.5999755859375
2013-06-24,1.3105300664901731,8.098899841308594,32.75,1276.800048828125
2013-06-25,1.313232183456421,8.03339958190918,32.720298767089844,1274.800048828125
2013-06-26,1.307976007461548,8.067099571228027,32.71329879760742,1229.5999755859375
2013-06-27,1.301337718963623,8.042900085449219,32.93989944458008,1211.4000244140625
2013-06-28,1.303593993186951,8.036999702453613,32.79069900512695,1223.800048828125
2013-07-01,1.3014055490493774,8.083900451660156,32.81050109863281,1255.9000244140625
2013-07-02,1.306762456893921,8.035799980163574,32.965599060058594,1243.5999755859375
2013-07-03,1.2978922128677368,8.07699966430664,33.16189956665039,1252.0999755859375
2013-07-04,1.30108380317688,8.014699935913086,33.14350128173828,
2013-07-05,1.2907721996307373,8.093500137329102,33.115299224853516,1212.9000244140625
2013-07-08,1.2829065322875977,8.077400207519531,33.29349899291992,1234.9000244140625
2013-07-09,1.2871006727218628,8.038100242614746,33.18050003051758,1245.9000244140625
2013-07-10,1.278183937072754,8.093799591064453,32.979000091552734,1247.4000244140625
2013-07-11,1.3187741041183472,7.942500114440918,32.5369987487793,1280.0999755859375
2013-07-12,1.3097747564315796,8.022600173950195,32.55799865722656,1277.800048828125
2013-07-15,1.3059945106506348,8.031900405883789,32.51620101928711,1283.800048828125
2013-07-16,1.3058750629425049,8.024299621582031,32.55690002441406,1290.800048828125
2013-07-17,1.3151146173477173,8.020999908447266,32.40340042114258,1277.9000244140625
2013-07-18,1.3116990327835083,8.061800003051758,32.296600341796875,1284.5999755859375
2013-07-19,1.3110626935958862,8.031200408935547,32.444000244140625,1293.300048828125
2013-07-22,1.3159972429275513,8.027299880981445,32.34920120239258,1336.4000244140625
2013-07-23,1.3190349340438845,8.037300109863281,32.313899993896484,1335.0999755859375
2013-07-24,1.3223315477371216,8.000399589538574,32.202701568603516,1319.699951171875
2013-07-25,1.319087266921997,8.047300338745117,32.41740036010742,1329.0
2013-07-26,1.3274219036102295,7.98199987411499,32.59980010986328,1321.699951171875
2013-07-29,1.3287447690963743,8.021200180053711,32.74480056762695,1328.4000244140625
2013-07-30,1.3263654708862305,8.038700103759766,32.82500076293945,1324.0
2013-07-31,1.3264886140823364,8.028200149536133,32.924198150634766,1312.4000244140625
2013-08-01,1.3301409482955933,7.976399898529053,32.92279815673828,1311.0
2013-08-02,1.3211959600448608,8.055899620056152,33.032798767089844,1310.5999755859375
2013-08-05,1.3278977870941162,7.985799789428711,32.81129837036133,1302.5999755859375
2013-08-06,1.3257501125335691,8.039799690246582,32.85639953613281,1283.199951171875
2013-08-07,1.3308136463165283,7.995299816131592,32.95280075073242,1286.0999755859375
2013-08-08,1.334098219871521,7.984899997711182,32.93259811401367,1310.699951171875
2013-08-09,1.3380074501037598,7.991199970245361,32.81639862060547,1312.9000244140625
2013-08-12,1.3339380025863647,8.028599739074707,32.846500396728516,1334.699951171875
2013-08-13,1.3292922973632812,8.011099815368652,32.99250030517578,1321.199951171875
2013-08-14,1.326559066772461,8.028900146484375,33.03960037231445,1334.0
2013-08-15,1.3264182806015017,8.003800392150879,33.02790069580078,1361.5999755859375
2013-08-16,1.33539879322052,7.974199771881104,32.88999938964844,1371.699951171875
2013-08-19,1.332906723022461,8.021900177001953,32.8650016784668,1366.199951171875
2013-08-20,1.3333866596221924,8.03439998626709,32.9547004699707,1373.0999755859375
2013-08-21,1.3421016931533811,8.002599716186523,32.91400146484375,1370.5999755859375
2013-08-22,1.334294080734253,8.045999526977539,33.11940002441406,1371.199951171875
2013-08-23,1.335505723953247,7.993000030517578,33.03020095825195,1395.699951171875
2013-08-26,1.33865225315094,8.009099960327148,33.0099983215332,1393.0
2013-08-27,1.3379179239273071,8.019000053405762,33.05329895019531,1420.5999755859375
2013-08-28,1.3392080068588257,7.98960018157959,32.950599670410156,1419.0
2013-08-29,1.3334933519363403,8.023099899291992,33.13059997558594,1412.9000244140625
2013-08-30,1.3236267566680908,8.029800415039062,33.2041015625,1396.0999755859375
2013-09-02,1.3208295106887815,8.043000221252441,33.2510986328125,
2013-09-03,1.319000244140625,8.042799949645996,33.35599899291992,1412.0
2013-09-04,1.317401647567749,8.03339958190918,33.498199462890625,1389.9000244140625
2013-09-05,1.320062279701233,8.027700424194336,33.278099060058594,1373.0999755859375
2013-09-06,1.3118367195129397,8.118000030517578,33.413299560546875,1386.699951171875
2013-09-09,1.3174188137054443,8.019100189208984,33.25849914550781,1386.800048828125
2013-09-10,1.3258028030395508,8.017399787902832,33.13690185546875,1364.0999755859375
2013-09-11,1.326629400253296,8.054300308227539,32.93069839477539,1363.9000244140625
2013-09-12,1.3315579891204834,8.025099754333496,32.73139953613281,1330.4000244140625
2013-09-13,1.3298933506011963,8.059499740600586,32.6255989074707,1308.4000244140625
2013-09-16,1.3359339237213137,8.0177001953125,32.345699310302734,1317.9000244140625
2013-09-17,1.3337956666946411,8.08080005645752,32.28409957885742,1309.5
2013-09-18,1.3357912302017212,8.080599784851074,32.18659973144531,1307.800048828125
2013-09-19,1.3523015975952148,7.987599849700928,31.77199935913086,1369.4000244140625
2013-09-20,1.353417992591858,8.082200050354004,31.64049911499023,1332.5
2013-09-23,1.3534547090530396,8.065299987792969,31.83799934387207,1326.9000244140625
2013-09-24,1.349892020225525,8.081999778747559,31.78969955444336,1316.0
2013-09-25,1.347182273864746,8.087200164794922,31.84199905395508,1335.9000244140625
2013-09-26,1.351698398590088,8.067999839782715,32.07830047607422,1323.5999755859375
2013-09-27,1.348617672920227,8.102399826049805,32.27920150756836,1338.4000244140625
2013-09-30,1.349545955657959,8.075400352478027,32.342098236083984,1326.5
2013-10-01,1.3525211811065674,8.072999954223633,32.4025993347168,1286.0
2013-10-02,1.352338194847107,8.089200019836426,32.23040008544922,1320.5999755859375
2013-10-03,1.3591018915176392,8.055299758911133,32.09700012207031,1317.4000244140625
2013-10-04,1.362416386604309,8.074199676513672,32.14289855957031,1309.699951171875
2013-10-07,1.356999397277832,8.095600128173828,32.15119934082031,1324.800048828125
2013-10-08,,,,1324.199951171875
2013-10-09,1.3598041534423828,8.065899848937988,32.36370086669922,1306.9000244140625
2013-10-10,1.352027416229248,8.077899932861328,32.288299560546875,1296.5999755859375
2013-10-11,1.3526674509048462,8.087200164794922,32.1786994934082,1268.0
2013-10-14,1.3556748628616333,8.090200424194336,32.159698486328125,1276.4000244140625
2013-10-15,1.3558586835861206,8.083399772644043,32.23590087890625,1273.0
2013-10-16,1.3521736860275269,8.060999870300293,32.14739990234375,1282.0
2013-10-17,1.3522467613220217,8.100099563598633,32.08829879760742,1322.699951171875
2013-10-18,1.366698980331421,8.059100151062012,31.8439998626709,1314.4000244140625
2013-10-21,1.3681949377059937,8.088899612426758,31.817399978637695,1315.699951171875
2013-10-22,1.36759614944458,8.083100318908691,31.947900772094727,1342.5
2013-10-23,1.3778469562530518,8.014800071716309,31.660400390625,1333.9000244140625
2013-10-24,1.3780938386917114,8.053400039672852,31.72089958190918,1350.199951171875
2013-10-25,1.380395531654358,8.077300071716309,31.667200088500977,1352.4000244140625
2013-10-28,1.3805290460586548,8.06980037689209,31.78179931640625,1352.0
2013-10-29,1.3789299726486206,8.077099800109863,31.85460090637207,1345.199951171875
2013-10-30,1.374306082725525,8.077400207519531,32.06999969482422,1349.0
2013-10-31,1.3724011182785034,8.10319995880127,31.956100463867188,1323.5999755859375
2013-11-01,1.3579760789871216,8.114800453186035,32.04069900512695,1313.0999755859375
2013-11-04,1.349400281906128,8.089599609375,32.339900970458984,1314.5999755859375
2013-11-05,1.351698398590088,8.090999603271484,32.34299850463867,1308.0
2013-11-06,1.3473094701766968,8.115799903869629,32.46739959716797,1317.699951171875
2013-11-07,1.351807951927185,8.082799911499023,32.359798431396484,1308.4000244140625
2013-11-08,1.3409138917922974,8.139800071716309,32.392799377441406,1284.5
2013-11-11,1.3347926139831543,8.129899978637695,32.6161003112793,1281.0
2013-11-12,1.3409318923950195,8.097000122070312,32.813899993896484,1271.0999755859375
2013-11-13,1.3439956903457642,8.082500457763672,32.872798919677734,1268.300048828125
2013-11-14,1.3489633798599243,8.044599533081055,32.72990036010742,1286.199951171875
2013-11-15,1.3448994159698486,8.087699890136719,32.7140998840332,1287.300048828125
2013-11-18,1.3483994007110596,8.05780029296875,32.542701721191406,1272.199951171875
2013-11-19,1.350438952445984,8.05780029296875,32.515098571777344,1273.4000244140625
2013-11-20,1.3567416667938232,8.05780029296875,32.66419982910156,1257.9000244140625
2013-11-21,1.3433817625045776,8.103400230407715,32.870601654052734,1243.5
2013-11-22,1.347182273864746,8.103400230407715,32.981201171875,1244.0
2013-11-25,1.355233907699585,8.088399887084961,32.51100158691406,1241.0999755859375
2013-11-26,1.3527590036392212,8.102399826049805,32.89619827270508,1241.4000244140625
2013-11-27,1.3567785024642944,8.102399826049805,32.904598236083984,1237.800048828125
2013-11-28,1.357367753982544,8.101900100708008,33.152000427246094,
2013-11-29,1.360396146774292,8.101900100708008,33.11920166015625,1250.5999755859375
2013-12-02,1.3585110902786257,8.129500389099121,33.14500045776367,1222.300048828125
2013-12-03,1.3542062044143677,8.124199867248535,33.2052001953125,1221.699951171875
2013-12-04,1.3590649366378784,8.115900039672852,33.259498596191406,1248.199951171875
2013-12-05,1.3586403131484983,8.144499778747559,33.13420104980469,1233.199951171875
2013-12-06,1.3669979572296145,8.112700462341309,32.92179870605469,1230.300048828125
2013-12-09,1.3706516027450562,8.092700004577637,32.750999450683594,1235.300048828125
2013-12-10,1.3740227222442627,8.069100379943848,32.69900131225586,1262.4000244140625
2013-12-11,1.37644362449646,8.152000427246094,32.668701171875,1258.5
2013-12-12,1.3786067962646484,8.167699813842773,32.7327995300293,1226.0
2013-12-13,1.375080704689026,8.184300422668457,32.77920150756836,1235.699951171875
2013-12-16,1.3739283084869385,8.169500350952148,32.869998931884766,1245.5
2013-12-17,1.3762919902801514,8.192099571228027,32.83789825439453,1231.199951171875
2013-12-18,1.3771259784698486,8.20930004119873,32.970001220703125,1236.0999755859375
2013-12-19,1.3684945106506348,8.190400123596191,32.804298400878906,1195.0
2013-12-20,1.3655791282653809,8.192500114440918,32.930198669433594,1205.0999755859375
2013-12-23,1.3678393363952637,8.114999771118164,32.977500915527344,1198.4000244140625
2013-12-24,1.3699944019317627,8.134699821472168,32.61980056762695,1205.0999755859375
2013-12-25,1.3681949377059937,8.134699821472168,32.49020004272461,
2013-12-26,1.3668484687805176,8.071700096130371,32.620201110839844,1214.0999755859375
2013-12-27,1.3696191310882568,8.06410026550293,32.63420104980469,1216.0999755859375
2013-12-30,1.3750240802764893,8.244500160217285,32.58100128173828,1203.0999755859375
2013-12-31,1.3810056447982788,8.13379955291748,32.68320083618164,1201.9000244140625
2014-01-01,1.3744947910308838,8.136300086975098,32.68320083618164,
2014-01-02,1.3766709566116333,8.152299880981445,32.70600128173828,1225.0
2014-01-03,1.3666616678237915,8.150799751281738,33.09519958496094,1238.4000244140625
2014-01-06,1.3596007823944092,8.142800331115723,33.165000915527344,1237.800048828125
2014-01-07,1.3631964921951294,8.132699966430664,33.1431999206543,1229.4000244140625
2014-01-08,1.3616372346878052,8.145700454711914,33.10319900512695,1225.300048828125
2014-01-09,1.3572019338607788,8.122099876403809,33.08769989013672,1229.300048828125
2014-01-10,1.360710859298706,8.147100448608398,33.14789962768555,1246.699951171875
2014-01-13,1.36718487739563,8.132200241088867,32.98749923706055,1250.9000244140625
2014-01-14,1.3669979572296145,8.208999633789062,33.23910140991211,1245.199951171875
2014-01-15,1.3668484687805176,8.245100021362305,33.29029846191406,1238.0999755859375
2014-01-16,1.359933614730835,8.226400375366211,33.399200439453125,1240.0
2014-01-17,1.3618041276931765,8.236100196838379,33.389198303222656,1251.699951171875
2014-01-20,1.3527590036392212,8.285900115966797,33.60749816894531,
2014-01-21,1.3549033403396606,8.27239990234375,33.745399475097656,1242.300048828125
2014-01-22,1.355913758277893,8.29800033569336,33.9552001953125,1239.0
2014-01-23,1.354224443435669,8.275300025939941,33.92219924926758,1262.5999755859375
2014-01-24,1.3689066171646118,8.295000076293945,34.06520080566406,1264.5
2014-01-27,1.3687942028045654,8.404000282287598,34.503700256347656,1263.5999755859375
2014-01-28,1.367465257644653,8.388699531555176,34.61539840698242,1251.0
2014-01-29,1.3655046224594116,8.424599647521973,34.58829879760742,1262.199951171875
2014-01-30,1.365859031677246,8.37600040435791,35.00149917602539,1242.199951171875
2014-01-31,1.3558770418167114,8.369099617004395,34.90330123901367,1240.0999755859375
2014-02-03,1.3488178253173828,8.55270004272461,35.150001525878906,1260.4000244140625
2014-02-04,1.3525028228759766,8.573399543762207,35.392398834228516,1251.699951171875
2014-02-05,1.3515887260437012,8.672499656677246,34.963199615478516,1257.300048828125
2014-02-06,1.3535096645355225,8.655099868774414,34.84579849243164,1257.5999755859375
2014-02-07,1.3592127561569214,8.800999641418457,34.66210174560547,1263.300048828125
2014-02-10,1.361933946609497,8.401200294494629,34.70800018310547,1274.800048828125
2014-02-11,1.364610195159912,8.330100059509277,34.72880172729492,1290.0999755859375
2014-02-12,1.363902926445007,8.508000373840332,34.72489929199219,1295.300048828125
2014-02-13,1.3590095043182373,8.60099983215332,34.79719924926758,1300.4000244140625
2014-02-14,1.3678767681121826,8.662500381469727,35.07939910888672,1319.0
2014-02-17,1.3699944019317627,8.692700386047363,35.08250045776367,
2014-02-18,1.3704450130462646,8.746000289916992,35.194801330566406,1324.699951171875
2014-02-19,1.376197338104248,8.756099700927734,35.41849899291992,1320.5999755859375
2014-02-20,1.373041749000549,8.847800254821777,35.72809982299805,1317.0999755859375
2014-02-21,1.372118592262268,8.84160041809082,35.71979904174805,1323.9000244140625
2014-02-24,1.3737962245941162,8.826299667358398,35.483699798583984,1338.300048828125
2014-02-25,1.373607516288757,9.074199676513672,35.49209976196289,1343.0
2014-02-26,1.374608278274536,9.69540023803711,35.69810104370117,1328.199951171875
2014-02-27,1.3681949377059937,10.04800033569336,36.01210021972656,1331.5999755859375
2014-02-28,1.3707455396652222,11.14900016784668,35.99089813232422,1321.4000244140625
2014-03-03,1.377695083618164,9.535499572753906,36.00149917602539,1350.0999755859375
2014-03-04,1.373701810836792,9.533100128173828,36.390899658203125,1337.800048828125
2014-03-05,1.374117136001587,9.233699798583984,36.011199951171875,1340.199951171875
2014-03-06,1.3734188079833984,9.12969970703125,36.02119827270508,1351.699951171875
2014-03-07,1.3863087892532349,9.075300216674805,36.083099365234375,1338.0999755859375
2014-03-10,1.3878673315048218,8.909299850463867,36.435001373291016,1341.4000244140625
2014-03-11,1.3878865242004397,9.014300346374512,36.37799835205078,1346.5
2014-03-12,1.385809302330017,9.009900093078612,36.434200286865234,1370.300048828125
2014-03-13,1.3904531002044678,9.10610008239746,36.43960189819336,1372.199951171875
2014-03-14,1.3865394592285156,9.48490047454834,36.511199951171875,1379.0
2014-03-17,1.39130437374115,9.613499641418455,36.53620147705078,1372.9000244140625
2014-03-18,1.3926606178283691,9.53380012512207,36.19300079345703,1359.0
2014-03-19,1.3930875062942505,9.813400268554688,36.2307014465332,1341.4000244140625
2014-03-20,1.381921648979187,9.885000228881836,36.16619873046875,1330.5
2014-03-21,1.378207802772522,10.135000228881836,36.28799819946289,1336.0
2014-03-24,1.3795576095581057,10.331000328063965,36.22520065307617,1311.199951171875
2014-03-25,1.3838915824890137,10.581000328063965,36.085201263427734,1311.4000244140625
2014-03-26,1.3819025754928589,10.727999687194824,35.50619888305664,1303.4000244140625
2014-03-27,1.378207802772522,10.93299961090088,35.525001525878906,1294.699951171875
2014-03-28,1.3741360902786257,10.984999656677246,35.54719924926758,1293.800048828125
2014-03-31,1.3752131462097168,10.866999626159668,35.55149841308594,1283.4000244140625
2014-04-01,1.3775053024291992,11.156999588012695,35.14870071411133,1279.5999755859375
2014-04-02,1.379481554031372,11.128999710083008,35.00550079345703,1290.5
2014-04-03,1.376822590827942,11.144000053405762,35.424198150634766,1284.4000244140625
2014-04-04,1.3723821640014648,11.237000465393066,35.52119827270508,1303.199951171875
2014-04-07,1.3704074621200562,11.378000259399414,34.95000076293945,1298.0
2014-04-08,1.374306082725525,11.47599983215332,35.55339813232422,1308.699951171875
2014-04-09,1.3793293237686155,11.58199977874756,35.6619987487793,1305.5
2014-04-10,1.3855020999908447,11.93299961090088,35.49169921875,1320.0999755859375
2014-04-11,1.3886381387710571,11.935999870300291,35.55419921875,1318.699951171875
2014-04-14,1.3846195936203003,12.53600025177002,35.60020065307617,1327.199951171875
2014-04-15,1.381711721420288,12.932000160217283,35.922698974609375,1300.0
2014-04-16,1.38119637966156,11.753999710083008,36.16939926147461,1303.0999755859375
2014-04-17,1.3827050924301147,11.081000328063965,35.993099212646484,1293.4000244140625
2014-04-18,1.3812155723571775,10.932000160217283,35.431400299072266,
2014-04-21,1.3815207481384275,10.963000297546388,35.417198181152344,1288.0
2014-04-22,1.3795006275177002,10.956000328063965,35.649200439453125,1280.5999755859375
2014-04-23,1.3810056447982788,11.456000328063965,35.66120147705078,1284.199951171875
2014-04-24,1.381921648979187,11.409000396728516,35.66339874267578,1290.5
2014-04-25,1.3832024335861206,11.154999732971191,35.71419906616211,1300.699951171875
2014-04-28,1.384063959121704,11.28600025177002,36.01499938964844,1298.9000244140625
2014-04-29,1.3852909803390503,11.33199977874756,35.8296012878418,1296.0
2014-04-30,1.3813681602478027,11.333000183105469,35.620399475097656,1295.5999755859375
2014-05-01,1.386924147605896,11.383000373840332,35.593101501464844,1283.0999755859375
2014-05-02,1.3870972394943235,11.336999893188477,35.35749816894531,1302.5999755859375
2014-05-05,1.387270450592041,11.385000228881836,35.66619873046875,1309.0
2014-05-06,1.387597680091858,11.427000045776367,35.65599822998047,1308.300048828125
2014-05-07,1.3930680751800537,11.583999633789062,35.4031982421875,1288.5999755859375
2014-05-08,1.3911689519882202,11.72599983215332,34.8931999206543,1287.4000244140625
2014-05-09,1.3844279050827026,11.4399995803833,35.022300720214844,1287.300048828125
2014-05-12,1.376064658164978,11.440999984741213,35.18119812011719,1295.5999755859375
2014-05-13,1.3756672143936155,11.52400016784668,34.99319839477539,1294.5999755859375
2014-05-14,1.3709522485733032,11.60200023651123,34.783199310302734,1305.699951171875
2014-05-15,1.372005581855774,11.708999633789062,34.5989990234375,1293.5
2014-05-16,1.3716480731964111,11.607000350952148,34.74580001831055,1293.300048828125
2014-05-19,1.3703323602676392,11.72599983215332,34.662200927734375,1293.699951171875
2014-05-20,1.3713847398757937,11.729999542236328,34.51919937133789,1294.5
2014-05-21,1.3704074621200562,11.730999946594238,34.498199462890625,1288.0
2014-05-22,1.3681762218475342,11.708999633789062,34.27069854736328,1294.9000244140625
2014-05-23,1.3654487133026123,11.734000205993652,34.322200775146484,1291.5999755859375
2014-05-26,1.3628805875778198,11.718999862670898,34.053199768066406,
2014-05-27,1.3651318550109863,11.69499969482422,34.164398193359375,1265.4000244140625
2014-05-28,1.3636983633041382,11.689000129699709,34.36119842529297,1259.300048828125
2014-05-29,1.359342098236084,11.6850004196167,34.52320098876953,1256.300048828125
2014-05-30,1.360451579093933,11.614999771118164,34.617698669433594,1245.5999755859375
2014-06-02,1.36280620098114,11.581000328063965,34.864200592041016,1243.699951171875
2014-06-03,1.3598966598510742,11.678000450134276,34.88420104980469,1244.300048828125
2014-06-04,1.3621008396148682,11.727999687194824,35.04899978637695,1244.0
2014-06-05,1.3604146242141724,11.696999549865724,34.94350051879883,1253.0
2014-06-06,1.3661948442459106,11.611000061035156,34.685001373291016,1252.0999755859375
2014-06-09,1.3642936944961548,11.605999946594238,34.39720153808594,1253.5
2014-06-10,1.3592681884765625,11.55500030517578,34.2932014465332,1259.800048828125
2014-06-11,1.3540961742401123,11.42300033569336,34.28919982910156,1260.800048828125
2014-06-12,1.3537112474441528,11.479999542236328,34.34109878540039,1273.5999755859375
2014-06-13,1.3554543256759644,11.473999977111816,34.33649826049805,1273.699951171875
2014-06-16,1.3538029193878174,11.57800006866455,34.36320114135742,1274.9000244140625
2014-06-17,1.357717990875244,11.652000427246094,34.593101501464844,1271.699951171875
2014-06-18,1.3547931909561155,11.678000450134276,34.803199768066406,1272.4000244140625
2014-06-19,1.3590649366378784,11.725000381469728,34.331199645996094,1313.699951171875
2014-06-20,1.361136794090271,11.666999816894531,34.34320068359375,1316.199951171875
2014-06-23,1.3593051433563232,11.68299961090088,34.437198638916016,1318.0
2014-06-24,1.3601926565170288,11.647000312805176,34.08720016479492,1320.9000244140625
2014-06-25,1.3605812788009644,11.704999923706056,33.76649856567383,1322.199951171875
2014-06-26,1.3628991842269895,11.708000183105469,33.757198333740234,1316.0999755859375
2014-06-27,1.3613035678863523,11.664999961853027,33.622398376464844,1319.0
2014-06-30,1.3644425868988037,11.529000282287598,33.72719955444336,1321.800048828125
2014-07-01,1.3693565130233765,11.529999732971191,33.84400177001953,1326.4000244140625
2014-07-02,1.3680826425552368,11.612000465393066,34.31719970703125,1330.699951171875
2014-07-03,1.3652995824813845,11.645999908447266,34.2932014465332,1320.4000244140625
2014-07-04,1.3610072135925293,11.616000175476074,34.150699615478516,
2014-07-07,1.3588433265686035,11.597000122070312,34.34320068359375,1316.5
2014-07-08,1.360618233680725,11.534000396728516,34.390201568603516,1316.0
2014-07-09,1.3617113828659058,11.449000358581545,34.19269943237305,1323.800048828125
2014-07-10,1.3642936944961548,11.479000091552734,33.63750076293945,1338.699951171875
2014-07-11,1.360507249832153,11.493000030517578,33.899200439453125,1337.0
2014-07-14,1.360377550125122,11.465999603271484,34.1974983215332,1306.300048828125
2014-07-15,1.3621751070022583,11.482999801635742,34.31039810180664,1296.9000244140625
2014-07-16,1.3572019338607788,11.482000350952148,34.36320114135742,1299.5999755859375
2014-07-17,1.3529969453811646,11.54699993133545,34.615501403808594,1316.699951171875
2014-07-18,1.3518811464309692,11.48799991607666,35.14820098876953,1309.199951171875
2014-07-21,1.3532166481018066,11.40999984741211,35.06919860839844,1313.699951171875
2014-07-22,1.3527040481567385,11.449000358581545,35.153099060058594,1306.0999755859375
2014-07-23,1.3468012809753418,11.482000350952148,34.91999816894531,1304.5
2014-07-24,1.346293568611145,11.44200038909912,34.792598724365234,1290.5999755859375
2014-07-25,1.3464748859405518,11.529000282287598,35.02750015258789,1303.0999755859375
2014-07-28,1.3428946733474731,11.652000427246094,35.10419845581055,1303.300048828125
2014-07-29,1.3439054489135742,11.82699966430664,35.58769989013672,1298.300048828125
2014-07-30,1.3411117792129517,11.927000045776367,35.60459899902344,1294.9000244140625
2014-07-31,1.3396027088165283,11.972000122070312,35.560001373291016,1281.300048828125
2014-08-01,1.3389928340911863,12.027000427246094,35.63010025024414,1293.5999755859375
2014-08-04,1.3428946733474731,12.12600040435791,35.72520065307617,1287.699951171875
2014-08-05,1.342209815979004,12.12600040435791,35.69139862060547,1284.0
2014-08-06,1.337238073348999,12.144000053405762,36.00320053100586,1306.699951171875
2014-08-07,1.3382940292358398,12.20699977874756,36.081600189208984,1310.800048828125
2014-08-08,1.3358268737792969,12.37600040435791,36.28919982910156,1308.9000244140625
2014-08-11,1.3405184745788574,12.277000427246094,36.12820053100586,1308.5
2014-08-12,1.3384909629821775,12.576000213623049,35.88079833984375,1308.800048828125
2014-08-13,1.3366124629974363,13.222000122070312,36.144798278808594,1312.800048828125
2014-08-14,1.3367911577224731,12.675000190734863,35.99620056152344,1313.9000244140625
2014-08-15,1.3363981246948242,12.79599952697754,35.99720001220703,1304.5
2014-08-18,1.339046597480774,12.887999534606934,36.05120086669922,1297.699951171875
2014-08-19,1.336112380027771,12.805999755859377,36.013099670410156,1295.0999755859375
2014-08-20,1.332196593284607,12.805999755859377,36.14120101928711,1293.4000244140625
2014-08-21,1.3260489702224731,13.071999549865724,36.14670181274414,1273.699951171875
2014-08-22,1.3279330730438232,13.22599983215332,35.96030044555664,1278.5999755859375
2014-08-25,1.3198705911636353,13.223999977111816,36.04819869995117,1277.300048828125
2014-08-26,1.3188958168029783,13.331000328063965,36.04109954833984,1283.800048828125
2014-08-27,1.3170199394226074,13.371999740600586,35.995201110839844,1281.9000244140625
2014-08-28,1.319087266921997,13.701000213623049,36.11750030517578,1288.699951171875
2014-08-29,1.3184958696365356,13.263999938964844,36.61809921264648,1285.800048828125
2014-09-01,1.3127838373184204,13.302000045776367,36.94419860839844,
2014-09-02,1.3131976127624512,12.32699966430664,37.28820037841797,1263.699951171875
2014-09-03,1.3131976127624512,12.055999755859377,37.42919921875,1268.9000244140625
2014-09-04,1.3150973320007324,12.173999786376951,36.77109909057617,1265.0999755859375
2014-09-05,1.2932761907577517,12.602999687194824,36.8671989440918,1265.800048828125
2014-09-08,1.2953367233276367,12.571000099182127,36.89820098876953,1252.699951171875
2014-09-09,1.2891082763671875,12.567999839782717,36.92649841308594,1246.800048828125
2014-09-10,1.294196844100952,12.368000030517578,37.0276985168457,1243.5
2014-09-11,1.2917059659957886,12.70400047302246,37.27519989013672,1237.4000244140625
2014-09-12,1.2923569679260254,12.741999626159668,37.39799880981445,1229.9000244140625
2014-09-15,1.2960082292556765,12.708000183105469,37.752201080322266,1233.5999755859375
2014-09-16,1.2939791679382324,12.704999923706056,38.335201263427734,1235.199951171875
2014-09-17,1.2959076166152954,12.708999633789062,38.299198150634766,1234.4000244140625
2014-09-18,1.285000205039978,12.730999946594238,38.36819839477539,1225.699951171875
2014-09-19,1.2920063734054563,12.572999954223633,38.3473014831543,1215.300048828125
2014-09-22,1.2841421365737915,14.204999923706056,38.356201171875,1216.800048828125
2014-09-23,1.285148859024048,13.008999824523926,38.62630081176758,1221.0
2014-09-24,1.2853965759277344,13.05500030517578,38.54019927978515,1218.5999755859375
2014-09-25,1.2778083086013794,12.729000091552734,38.14419937133789,1221.199951171875
2014-09-26,1.2757054567337036,12.678000450134276,38.47019958496094,1214.0999755859375
2014-09-29,1.2673146724700928,12.722999572753906,39.05619812011719,1217.5
2014-09-30,1.269083857536316,12.708999633789062,39.325199127197266,1210.5
2014-10-01,1.262833595275879,12.675000190734863,39.56159973144531,1214.5999755859375
2014-10-02,1.2624191045761108,12.687999725341797,39.70000076293945,1214.199951171875
2014-10-03,1.2670577764511108,12.708999633789062,39.4911994934082,1192.199951171875
2014-10-06,1.2513607740402222,12.819000244140623,40.098201751708984,1206.699951171875
2014-10-07,1.264606237411499,12.602999687194824,39.70220184326172,1211.699951171875
2014-10-08,1.266800880432129,12.63599967956543,39.72370147705078,1205.300048828125
2014-10-09,1.2743074893951416,12.711000442504885,39.942901611328125,1224.5999755859375
2014-10-10,1.2689067125320437,12.788000106811523,40.02320098876953,1221.0
2014-10-13,1.263982892036438,12.753999710083008,40.34920120239258,1229.300048828125
2014-10-14,1.272394061088562,12.604999542236328,40.4031982421875,1233.5999755859375
2014-10-15,1.2639029026031494,12.65999984741211,40.89419937133789,1244.0999755859375
2014-10-16,1.2821663618087769,12.484000205993652,40.49620056152344,1240.5
2014-10-17,1.280442476272583,12.604999542236328,40.7156982421875,1238.300048828125
2014-10-20,1.274957299232483,12.663999557495115,40.6161994934082,1244.0
2014-10-21,1.2795250415802002,12.65999984741211,40.94229888916016,1251.0
2014-10-22,1.2714719772338867,12.776000022888184,40.85219955444336,1244.800048828125
2014-10-23,1.2641425132751465,12.744000434875488,41.32889938354492,1228.5
2014-10-24,1.2654062509536743,12.781999588012695,41.6421012878418,1231.199951171875
2014-10-27,1.2676681280136108,12.746000289916992,41.87220001220703,1229.0999755859375
2014-10-28,1.270147681236267,12.73900032043457,42.22779846191406,1229.199951171875
2014-10-29,1.273836612701416,12.626999855041504,42.41519927978515,1224.300048828125
2014-10-30,1.2632802724838257,12.862000465393066,43.00809860229492,1198.0999755859375
2014-10-31,1.2613362073898315,12.77299976348877,41.01300048828125,1171.0999755859375
2014-11-03,1.250312566757202,12.822999954223633,42.94820022583008,1169.4000244140625
2014-11-04,1.2495938539505005,12.85200023651123,43.36130142211914,1167.4000244140625
2014-11-05,1.255256414413452,12.725000381469728,43.741600036621094,1145.4000244140625
2014-11-06,1.2480031251907349,13.411999702453612,44.81119918823242,1142.300048828125
2014-11-07,1.238006830215454,13.88700008392334,46.88520050048828,1169.5999755859375
2014-11-10,1.246137022972107,13.69499969482422,46.41600036621094,1159.5999755859375
2014-11-11,1.242992639541626,14.35200023651123,46.154998779296875,1162.800048828125
2014-11-12,1.2475829124450684,15.531999588012695,46.43519973754883,1158.9000244140625
2014-11-13,1.242992639541626,15.642999649047852,45.918701171875,1161.0999755859375
2014-11-14,1.2475982904434204,15.274999618530272,46.685001373291016,1185.0
2014-11-17,1.251846432685852,15.1899995803833,47.279998779296875,1183.0
2014-11-18,1.2448959350585938,15.338000297546388,47.1150016784668,1196.699951171875
2014-11-19,1.253337025642395,15.286999702453612,46.859500885009766,1193.5999755859375
2014-11-20,1.2540757656097412,14.956000328063965,46.8125,1190.699951171875
2014-11-21,1.2545005083084106,14.951000213623049,46.125,1197.5
2014-11-24,1.2375012636184692,14.949000358581545,45.66450119018555,1195.5
2014-11-25,1.2433171272277832,14.822999954223633,45.003700256347656,1197.0999755859375
2014-11-26,1.24806547164917,14.8149995803833,46.255001068115234,1196.5999755859375
2014-11-27,1.2505940198898315,14.798999786376951,47.40999984741211,
2014-11-28,1.246199131011963,14.876999855041504,49.257999420166016,1175.199951171875
2014-12-01,1.2438275814056396,14.809000015258787,50.26250076293945,1218.0
2014-12-02,1.247007131576538,14.80500030517578,50.93000030517578,1199.199951171875
2014-12-03,1.2388503551483154,14.932000160217283,53.85499954223633,1208.5
2014-12-04,1.231663703918457,14.90999984741211,53.079498291015625,1207.5
2014-12-05,1.2386661767959597,14.800000190734863,54.22370147705078,1190.0999755859375
2014-12-08,1.2294074296951294,15.10099983215332,52.67499923706055,1194.699951171875
2014-12-09,1.2315119504928589,15.404999732971191,53.76020050048828,1231.5
2014-12-10,1.2394952774047852,15.30799961090088,54.060001373291016,1228.9000244140625
2014-12-11,1.2473959922790527,15.381999969482422,54.85499954223633,1225.0999755859375
2014-12-12,1.2394952774047852,15.46500015258789,54.6254997253418,1222.0
2014-12-15,1.2463544607162476,15.482999801635742,58.185001373291016,1207.199951171875
2014-12-16,1.2443537712097168,15.512999534606934,65.5094985961914,1193.9000244140625
2014-12-17,1.2512043714523315,15.56700038909912,68.0250015258789,1194.300048828125
2014-12-18,1.233897686004639,15.579999923706056,65.0199966430664,1194.699951171875
2014-12-19,1.229044795036316,15.595999717712402,62.03049850463867,1195.9000244140625
2014-12-22,1.2225985527038574,15.572999954223633,58.858001708984375,1179.699951171875
2014-12-23,1.2223743200302124,15.569000244140623,55.849998474121094,1177.9000244140625
2014-12-24,1.217492938041687,15.66800022125244,54.619998931884766,1173.5
2014-12-25,1.2198543548583984,15.66800022125244,54.04999923706055,
2014-12-26,1.2210012674331665,15.66800022125244,51.18000030517578,1195.300048828125
2014-12-29,1.216944694519043,15.465999603271484,53.474998474121094,1181.699951171875
2014-12-30,1.215347409248352,15.571000099182127,57.83000183105469,1200.199951171875
2014-12-31,1.2162047624588013,15.586999893188477,56.560001373291016,1183.9000244140625
2015-01-01,1.2098628282546997,15.572999954223633,60.70000076293945,
2015-01-02,1.2089413404464722,15.645000457763672,58.32500076293945,1186.0
2015-01-05,1.194643259048462,15.572999954223633,58.75,1203.9000244140625
2015-01-06,1.193901538848877,15.562999725341797,60.832000732421875,1219.300048828125
2015-01-07,1.1875356435775757,15.564000129699709,63.15999984741211,1210.5999755859375
2015-01-08,1.1836000680923462,15.562000274658203,62.650001525878906,1208.4000244140625
2015-01-09,1.1796069145202637,15.585000038146973,60.25,1216.0
2015-01-12,1.187070369720459,15.545000076293944,61.43000030517578,1232.699951171875
2015-01-13,1.1831519603729248,15.55500030517578,63.185001373291016,1234.300048828125
2015-01-14,1.1778285503387451,15.550999641418455,65.18499755859375,1234.4000244140625
2015-01-15,1.178592085838318,15.359999656677246,64.05500030517578,1264.699951171875
2015-01-16,1.1637378931045532,15.567999839782717,64.68000030517578,1276.9000244140625
2015-01-19,1.1566041707992554,15.562000274658203,65.26000213623047,
2015-01-20,1.1597968339920044,15.57699966430664,64.80670166015625,1294.199951171875
2015-01-21,1.154694437980652,15.590999603271484,64.97000122070312,1293.699951171875
2015-01-22,1.161534547805786,15.564000129699709,65.2699966430664,1300.699951171875
2015-01-23,1.1346745491027832,15.571000099182127,64.30500030517578,1292.5999755859375
2015-01-26,1.1125450134277344,15.496999740600586,64.01000213623047,1279.4000244140625
2015-01-27,1.1247708797454834,15.35200023651123,67.80999755859375,1291.699951171875
2015-01-28,1.1367381811141968,15.348999977111816,67.95500183105469,1285.9000244140625
2015-01-29,1.1281461715698242,15.592000007629396,67.79000091552734,1254.5999755859375
2015-01-30,1.13355553150177,15.656999588012695,68.73500061035156,1278.5
2015-02-02,1.1309019327163696,15.722000122070312,70.03500366210938,1276.199951171875
2015-02-03,1.1341726779937744,15.822999954223633,68.3499984741211,1259.699951171875
2015-02-04,1.145737886428833,15.913000106811523,65.08499908447266,1263.800048828125
2015-02-05,1.131874680519104,16.08099937438965,67.76499938964844,1262.0
2015-02-06,1.147196888923645,24.224000930786133,66.37249755859375,1233.9000244140625
2015-02-09,1.1314393281936646,18.979999542236328,66.98999786376953,1240.800048828125
2015-02-10,1.1326953172683716,24.718000411987305,65.68499755859375,1231.5999755859375
2015-02-11,1.1321951150894165,24.72100067138672,65.31500244140625,1219.0
2015-02-12,1.131196141242981,25.711999893188477,65.02999877929688,1220.0999755859375
2015-02-13,1.140393853187561,26.3799991607666,65.25,1226.5
2015-02-16,1.1400039196014404,25.44499969482422,63.33000183105469,
2015-02-17,1.1334012746810913,26.13599967956543,63.084999084472656,1208.0999755859375
2015-02-18,1.1404719352722168,26.166000366210938,63.724998474121094,1199.699951171875
2015-02-19,1.1400039196014404,26.82799911499023,61.63999938964844,1207.0999755859375
2015-02-20,1.1366735696792605,26.945999145507812,61.875,1204.4000244140625
2015-02-23,1.1381484270095823,27.704999923706055,61.65999984741211,1200.300048828125
2015-02-24,1.1332985162734983,27.733999252319336,63.56999969482422,1196.9000244140625
2015-02-25,1.1339025497436523,32.22200012207031,62.73500061035156,1201.0
2015-02-26,1.1363636255264282,24.232999801635746,61.470001220703125,1209.5999755859375
2015-02-27,1.1205360889434814,33.499000549316406,61.1349983215332,1212.5999755859375
2015-03-02,1.1161960363388062,26.972999572753903,61.15999984741211,1207.699951171875
2015-03-03,1.1179054975509644,26.229999542236328,62.66999816894531,1204.0
2015-03-04,1.118217945098877,23.97800064086914,61.845001220703125,1200.5999755859375
2015-03-05,1.1082050800323486,22.225000381469727,61.83000183105469,1195.9000244140625
2015-03-06,1.1032048463821411,22.729999542236328,60.91999816894531,1164.0999755859375
2015-03-09,1.0845986604690552,22.458999633789062,60.380001068115234,1166.4000244140625
2015-03-10,1.0833414793014526,22.4689998626709,60.77000045776367,1160.0999755859375
2015-03-11,1.0708701610565186,21.20199966430664,62.04499816894531,1150.699951171875
2015-03-12,1.0548745393753052,21.71299934387207,62.36000061035156,1152.0999755859375
2015-03-13,1.0626314878463743,21.326000213623047,61.2599983215332,1152.5999755859375
2015-03-16,1.0481630563735962,21.36599922180176,62.345001220703125,1153.300048828125
2015-03-17,1.0572947263717651,21.604000091552734,62.25,1148.300048828125
2015-03-18,1.0598047971725464,21.510000228881836,61.41669845581055,1151.4000244140625
2015-03-19,1.0849988460540771,23.34600067138672,59.345001220703125,1169.0999755859375
2015-03-20,1.066894292831421,23.106000900268555,60.03499984741211,1184.800048828125
2015-03-23,1.0826611518859863,21.674999237060547,59.23500061035156,1188.0
2015-03-24,1.094499111175537,21.54599952697754,58.70500183105469,1191.699951171875
2015-03-25,1.0902034044265747,21.54599952697754,57.7400016784668,1197.300048828125
2015-03-26,1.0960465669631958,21.493000030517575,57.40250015258789,1205.0999755859375
2015-03-27,1.0886367559432983,23.121000289916992,57.310001373291016,1199.800048828125
2015-03-30,1.0884946584701538,23.16200065612793,57.89500045776367,1184.800048828125
2015-03-31,1.0830246210098269,23.118999481201172,57.525001525878906,1183.0999755859375
2015-04-01,1.073814034461975,23.173999786376953,58.152000427246094,1208.0999755859375
2015-04-02,1.0769942998886108,23.166000366210938,57.553001403808594,1200.9000244140625
2015-04-03,1.087074637413025,23.108999252319336,56.55099868774414,
2015-04-06,1.100134253501892,23.117000579833984,56.69100189208984,1218.5999755859375
2015-04-07,1.0934817790985107,22.902000427246097,55.44900131225586,1210.5999755859375
2015-04-08,1.0824151039123535,23.256999969482425,54.91999816894531,1203.0999755859375
2015-04-09,1.078527569770813,23.25200080871582,53.64500045776367,1193.5999755859375
2015-04-10,1.0669056177139282,23.058000564575195,51.983001708984375,1204.5999755859375
2015-04-13,1.060985445976257,22.2549991607666,52.239498138427734,1199.300048828125
2015-04-14,1.0572947263717651,22.263999938964844,52.08269882202149,1192.800048828125
2015-04-15,1.0647132396697998,22.52300071716309,50.9900016784668,1201.5
2015-04-16,1.0676802396774292,20.950000762939453,49.797000885009766,1198.0
2015-04-17,1.0755579471588137,20.56599998474121,49.76399993896485,1202.9000244140625
2015-04-20,1.0810226202011108,20.697999954223633,51.98500061035156,1193.5
2015-04-21,1.0747487545013428,22.555999755859375,53.369998931884766,1202.9000244140625
2015-04-22,1.074171543121338,22.270999908447266,53.57699966430664,1186.9000244140625
2015-04-23,1.0725815296173096,22.332000732421875,51.79999923706055,1194.4000244140625
2015-04-24,1.0815019607543943,22.218000411987305,50.810001373291016,1175.199951171875
2015-04-27,1.086897373199463,22.409000396728516,50.85900115966797,1203.300048828125
2015-04-28,1.087795972824097,22.694000244140625,51.90299987792969,1214.0
2015-04-29,1.096912145614624,22.33799934387207,51.099998474121094,1209.800048828125
2015-04-30,1.1114321947097778,21.99799919128418,50.98970031738281,1182.4000244140625
2015-05-01,1.1214659214019775,20.836000442504883,51.584999084472656,1174.5
2015-05-04,1.1185932159423828,20.780000686645508,51.37020111083984,1186.800048828125
2015-05-05,1.1149141788482666,20.965999603271484,51.96860122680664,1193.199951171875
2015-05-06,1.1186307668685913,20.625999450683594,50.553001403808594,1190.300048828125
2015-05-07,1.1341469287872314,20.72599983215332,50.89870071411133,1182.4000244140625
2015-05-08,1.1246949434280396,20.28499984741211,50.25899887084961,1189.0999755859375
2015-05-11,1.1194071769714355,20.211000442504883,50.91899871826172,1183.199951171875
2015-05-12,1.114441990852356,20.7189998626709,51.15340042114258,1192.5999755859375
2015-05-13,1.1221455335617063,20.445999145507812,49.98899841308594,1218.4000244140625
2015-05-14,1.1350480318069458,20.429000854492188,49.30899810791016,1225.4000244140625
2015-05-15,1.1404979228973389,20.26099967956543,50.05699920654297,1225.5
2015-05-18,1.144505262374878,20.733999252319336,49.42649841308594,1227.800048828125
2015-05-19,1.1326183080673218,21.996000289916992,49.07600021362305,1206.9000244140625
2015-05-20,1.1146656274795532,20.863000869750977,49.50350189208984,1208.9000244140625
2015-05-21,1.1100751161575315,20.45599937438965,49.51399993896485,1204.4000244140625
2015-05-22,1.1111851930618286,20.48699951171875,49.90999984741211,1204.300048828125
2015-05-25,1.0992997884750366,20.48699951171875,49.96500015258789,
2015-05-26,1.0971167087554932,20.469999313354492,49.952999114990234,1187.199951171875
2015-05-27,1.08888578414917,21.263999938964844,50.88899993896485,1185.9000244140625
2015-05-28,1.0900014638900757,21.263999938964844,51.97999954223633,1188.0999755859375
2015-05-29,1.0960345268249512,20.964000701904297,52.529998779296875,1189.4000244140625
2015-06-01,1.0957943201065063,20.816999435424805,52.31600189208984,1188.300048828125
2015-06-02,1.0922993421554563,20.77300071716309,53.542999267578125,1194.0999755859375
2015-06-03,1.115001201629639,20.701000213623047,52.7056999206543,1184.699951171875
2015-06-04,1.1257838010787964,20.68199920654297,54.25699996948242,1174.9000244140625
2015-06-05,1.120787262916565,20.79199981689453,56.354000091552734,1167.800048828125
2015-06-08,1.110814929008484,20.756999969482425,56.23970031738281,1173.199951171875
2015-06-09,1.128095269203186,20.8439998626709,55.939998626708984,1177.300048828125
2015-06-10,1.1299052238464355,20.923999786376953,55.54349899291992,1186.0999755859375
2015-06-11,1.131196141242981,20.805999755859375,54.29999923706055,1179.9000244140625
2015-06-12,1.1240627765655518,20.761999130249023,54.68370056152344,1178.800048828125
2015-06-15,1.1219944953918457,20.77400016784668,55.010501861572266,1185.300048828125
2015-06-16,1.1277008056640625,21.48900032043457,54.50550079345703,1180.5
2015-06-17,1.124201774597168,21.46299934387207,53.6609992980957,1176.4000244140625
2015-06-18,1.1369967460632324,21.266000747680664,53.66999816894531,1201.5
2015-06-19,1.1370742321014404,20.87299919128418,53.2400016784668,1201.5
2015-06-22,1.1372941732406616,21.625,54.040000915527344,1183.699951171875
2015-06-23,1.13490629196167,21.46500015258789,53.91999816894531,1176.199951171875
2015-06-24,1.1172186136245728,21.413999557495117,53.77000045776367,1172.5999755859375
2015-06-25,1.1206992864608765,20.910999298095703,54.4900016784668,1171.5
2015-06-26,1.1202975511550903,20.881999969482425,54.678001403808594,1172.9000244140625
2015-06-29,1.0975021123886108,20.743000030517575,54.81050109863281,1178.5
2015-06-30,1.122296690940857,20.738000869750977,55.65069961547851,1171.5
2015-07-01,1.1134989261627195,20.742000579833984,55.214698791503906,1169.0
2015-07-02,1.103363037109375,20.73500061035156,55.80419921875,1163.0
2015-07-03,1.1086965799331665,20.70400047302246,55.487998962402344,
2015-07-06,1.0995051860809326,20.72800064086914,55.95550155639648,1172.9000244140625
2015-07-07,1.1048991680145264,21.10199928283691,56.85350036621094,1152.4000244140625
2015-07-08,1.1009942293167114,21.256000518798828,56.625,1163.300048828125
2015-07-09,1.1071009635925293,21.31800079345703,57.470001220703125,1159.0
2015-07-10,1.1063048839569092,21.69300079345703,57.21950149536133,1157.699951171875
2015-07-13,1.1129041910171509,21.656999588012695,56.2599983215332,1155.199951171875
2015-07-14,1.099045991897583,21.604000091552734,56.51070022583008,1153.300048828125
2015-07-15,1.1008002758026123,21.76099967956543,56.43000030517578,1147.199951171875
2015-07-16,1.0943553447723389,21.67799949645996,56.86000061035156,1143.800048828125
2015-07-17,1.0886012315750122,21.816999435424805,56.904998779296875,1131.800048828125
2015-07-20,1.0830246210098269,22.305999755859375,56.939998626708984,1106.699951171875
2015-07-21,1.0835410356521606,21.77400016784668,56.93199920654297,1103.4000244140625
2015-07-22,1.0939961671829224,21.77300071716309,56.91999816894531,1091.4000244140625
2015-07-23,1.0927051305770874,21.802000045776367,57.13999938964844,1094.0
2015-07-24,1.0989010334014893,21.799999237060547,57.8306999206543,1085.5999755859375
2015-07-27,1.0972371101379397,21.834999084472656,58.34600067138672,1096.5
2015-07-28,1.109004020690918,21.780000686645508,59.573001861572266,1096.300048828125
2015-07-29,1.1065986156463623,21.80299949645996,59.90349960327149,1092.699951171875
2015-07-30,1.098406195640564,21.795000076293945,58.52000045776367,1088.4000244140625
2015-07-31,1.0939244031906128,20.82200050354004,59.675498962402344,1094.9000244140625
2015-08-03,1.0969001054763794,20.961999893188477,61.63069915771485,1089.4000244140625
2015-08-04,1.09560227394104,20.972999572753903,63.5,1090.699951171875
2015-08-05,1.0888975858688354,21.11400032043457,63.11000061035156,1085.699951171875
2015-08-06,1.0903104543685913,21.39299964904785,63.382999420166016,1090.199951171875
2015-08-07,1.0927051305770874,21.07799911499023,64.4800033569336,1094.0999755859375
2015-08-10,1.0965032577514648,21.07799911499023,64.4800033569336,1104.199951171875
2015-08-11,1.1016976833343506,20.847999572753903,62.88999938964844,1107.5999755859375
2015-08-12,1.104203701019287,21.280000686645508,64.12200164794922,1123.199951171875
2015-08-13,1.1160963773727417,21.072999954223633,64.12120056152344,1115.699951171875
2015-08-14,1.1160963773727417,21.320999145507812,64.52200317382812,1112.9000244140625
2015-08-17,1.1092993021011353,21.89800071716309,64.90670013427734,1118.5999755859375
2015-08-18,1.107800006866455,21.535999298095703,65.38819885253906,1117.0999755859375
2015-08-19,1.1030831336975098,21.82799911499023,65.78500366210938,1128.0999755859375
2015-08-20,1.1118029356002808,21.665000915527344,66.53569793701172,1153.0
2015-08-21,1.1236965656280518,21.917999267578125,68.12999725341797,1159.5999755859375
2015-08-24,1.1376951932907104,21.969999313354492,69.10749816894531,1153.4000244140625
2015-08-25,1.1583056449890137,22.275999069213867,70.75150299072266,1138.199951171875
2015-08-26,1.1550945043563845,22.465999603271484,69.30919647216797,1124.5999755859375
2015-08-27,1.134005427360535,20.934999465942383,68.90499877929688,1122.4000244140625
2015-08-28,1.1247961521148682,20.836999893188477,66.06900024414062,1133.0999755859375
2015-08-31,1.1214030981063845,20.90999984741211,65.29499816894531,1131.5999755859375
2015-09-01,1.1225864887237549,21.785999298095703,64.28070068359375,1138.699951171875
2015-09-02,1.1293437480926514,21.59600067138672,66.48269653320312,1132.5
2015-09-03,1.121604323387146,21.94700050354004,66.77169799804688,1123.699951171875
2015-09-04,1.1125946044921875,21.982999801635746,67.14070129394531,1120.5999755859375
2015-09-07,1.115200161933899,21.781999588012695,68.39250183105469,
2015-09-08,1.1163954734802246,21.729999542236328,69.14900207519531,1120.4000244140625
2015-09-09,1.1207369565963743,21.920000076293945,67.86119842529297,1102.199951171875
2015-09-10,1.1220699548721311,21.78300094604492,68.40650177001953,1109.5
2015-09-11,1.1290887594223022,21.395000457763672,67.68450164794922,1103.5
2015-09-14,1.1344043016433716,21.541000366210938,67.76319885253906,1107.699951171875
2015-09-15,1.1307612657546997,21.694000244140625,67.54000091552734,1102.800048828125
2015-09-16,1.1271796226501465,21.676000595092773,66.78250122070312,1119.199951171875
2015-09-17,1.12920343875885,21.499000549316406,65.25769805908203,1117.300048828125
2015-09-18,1.1400948762893677,21.232999801635746,65.39749908447266,1138.0999755859375
2015-09-21,1.12920343875885,21.579999923706055,66.44000244140625,1133.0999755859375
2015-09-22,1.1190940141677856,21.43600082397461,66.04100036621094,1125.0
2015-09-23,1.1120749711990356,21.374000549316406,65.81999969482422,1131.5999755859375
2015-09-24,1.1189937591552734,21.232999801635746,66.0199966430664,1153.800048828125
2015-09-25,1.1178929805755615,21.138999938964844,66.08000183105469,1146.0
2015-09-28,1.1201720237731934,21.542999267578125,65.44499969482422,1132.0
2015-09-29,1.123103380203247,21.25900077819824,66.05919647216797,1127.0999755859375
2015-09-30,1.1255937814712524,21.183000564575195,65.70999908447266,1115.5
2015-10-01,1.11720609664917,20.8700008392334,65.38749694824219,1114.199951171875
2015-10-02,1.1193444728851318,20.82200050354004,65.62570190429688,1137.0999755859375
2015-10-05,1.1226998567581177,20.857999801635746,65.99199676513672,1138.0999755859375
2015-10-06,1.1195199489593506,20.950000762939453,64.77220153808594,1146.800048828125
2015-10-07,1.1267986297607422,20.92099952697754,63.39149856567383,1149.0
2015-10-08,1.1239995956420898,20.999000549316406,62.25,1144.699951171875
2015-10-09,1.1286935806274414,21.05299949645996,61.307498931884766,1156.300048828125
2015-10-12,1.1369967460632324,21.46299934387207,61.662498474121094,1164.9000244140625
2015-10-13,1.135550618171692,21.55500030517578,62.219200134277344,1165.800048828125
2015-10-14,1.138498306274414,21.465999603271484,63.002498626708984,1180.0999755859375
2015-10-15,1.147552251815796,21.22599983215332,62.58250045776367,1187.9000244140625
2015-10-16,1.1368157863616943,21.429000854492188,61.358001708984375,1183.5999755859375
2015-10-19,1.1361054182052612,21.06599998474121,61.1875,1173.300048828125
2015-10-20,1.132900595664978,21.35300064086914,62.380001068115234,1178.0
2015-10-21,1.1353960037231443,21.88800048828125,62.04520034790039,1167.5999755859375
2015-10-22,1.134803295135498,22.14800071716309,62.95000076293945,1166.5999755859375
2015-10-23,1.108094573020935,22.347999572753903,62.50749969482422,1163.300048828125
2015-10-26,1.1020376682281494,22.447999954223633,62.32170104980469,1167.0
2015-10-27,1.1065986156463623,22.704999923706055,62.95000076293945,1166.800048828125
2015-10-28,1.1037039756774902,22.584999084472656,65.41999816894531,1177.0999755859375
2015-10-29,1.0928961038589478,22.660999298095703,63.935001373291016,1147.199951171875
2015-10-30,1.099384307861328,22.70800018310547,64.19000244140625,1141.5
2015-11-02,1.102596640586853,22.684999465942383,64.12000274658203,1135.800048828125
2015-11-03,1.1016006469726562,22.77899932861328,63.60499954223633,1114.199951171875
2015-11-04,1.0963950157165527,22.871999740600582,62.630001068115234,1106.5
2015-11-05,1.086802959442139,22.7549991607666,63.084999084472656,1104.4000244140625
2015-11-06,1.0883997678756714,22.489999771118164,62.25,1087.5999755859375
2015-11-09,1.0733413696289062,22.42799949645996,64.40499877929688,1087.9000244140625
2015-11-10,1.0759514570236206,22.481000900268555,64.59500122070312,1088.199951171875
2015-11-11,1.0737563371658323,22.39299964904785,64.41500091552734,1084.699951171875
2015-11-12,1.0762988328933716,22.47599983215332,65.36499786376953,1080.800048828125
2015-11-13,1.0815019607543943,22.49099922180176,66.45349884033203,1080.800048828125
2015-11-16,1.06999933719635,22.858999252319336,66.81999969482422,1083.699951171875
2015-11-17,1.068798542022705,23.027000427246097,65.0875015258789,1068.699951171875
2015-11-18,1.064384698867798,23.73500061035156,64.9175033569336,1068.800048828125
2015-11-19,1.066996693611145,23.66900062561035,64.84500122070312,1078.0
2015-11-20,1.0726161003112793,23.584999084472656,64.54499816894531,1076.4000244140625
2015-11-23,1.0641014575958252,23.843000411987305,64.62000274658203,1066.800048828125
2015-11-24,1.0642033815383911,23.71500015258789,66.05999755859375,1074.300048828125
2015-11-25,1.064384698867798,23.667999267578125,65.44499969482422,1070.5
2015-11-26,1.0624960660934448,23.339000701904297,65.55500030517578,
2015-11-27,1.0604453086853027,23.13400077819824,65.55999755859375,1056.199951171875
2015-11-30,1.05830180644989,23.613000869750977,66.41999816894531,1065.800048828125
2015-12-01,1.0572947263717651,23.663000106811523,66.41000366210938,1063.800048828125
2015-12-02,1.0625863075256348,23.628000259399418,66.63999938964844,1054.199951171875
2015-12-03,1.0613007545471191,23.090999603271484,67.4000015258789,1061.699951171875
2015-12-04,1.0915957689285278,22.02400016784668,67.5824966430664,1084.5
2015-12-07,1.0883997678756714,23.586999893188477,68.06999969482422,1076.4000244140625
2015-12-08,1.0834001302719116,22.965999603271484,69.37000274658203,1076.300048828125
2015-12-09,1.0893957614898682,22.54599952697754,69.30000305175781,1077.5999755859375
2015-12-10,1.1017948389053345,22.42200088500977,69.31999969482422,1073.0999755859375
2015-12-11,1.0948106050491333,23.266000747680664,66.17150115966797,1076.9000244140625
2015-12-14,1.0983941555023191,23.51300048828125,70.20999908447266,1064.699951171875
2015-12-15,1.0992997884750366,23.47699928283691,70.54000091552734,1062.9000244140625
2015-12-16,1.0936251878738403,23.503999710083008,70.4885025024414,1078.0
2015-12-17,1.087453007698059,23.36000061035156,70.0,1050.800048828125
2015-12-18,1.0844104290008545,23.207000732421875,70.91500091552734,1066.199951171875
2015-12-21,1.0869920253753662,23.23699951171875,70.92500305175781,1081.9000244140625
2015-12-22,1.09129798412323,22.996999740600582,70.83999633789062,1074.800048828125
2015-12-23,1.0950024127960205,22.652000427246097,71.30000305175781,1069.4000244140625
2015-12-24,1.0909169912338257,22.722999572753903,69.51499938964844,1077.199951171875
2015-12-25,1.0969964265823364,22.621000289916992,69.51499938964844,
2015-12-28,1.0965994596481323,22.5939998626709,70.24500274658203,1070.5
2015-12-29,1.0975261926651,23.51799964904785,72.18499755859375,1077.5
2015-12-30,1.0928006172180176,23.74799919128418,72.19750213623047,1060.0999755859375
2015-12-31,1.093398094177246,23.72100067138672,73.2300033569336,1060.300048828125
2016-01-01,1.0859060287475586,23.826000213623047,73.2300033569336,
2016-01-04,1.085399150848389,23.81999969482422,73.4000015258789,1075.0999755859375
2016-01-05,1.0827549695968628,23.97100067138672,73.12249755859375,1078.4000244140625
2016-01-06,1.0751993656158447,23.767000198364254,0.7161999940872192,1091.9000244140625
2016-01-07,1.0778998136520386,23.054000854492188,74.59500122070312,1107.699951171875
2016-01-08,1.0925976037979126,22.954999923706055,74.59500122070312,1097.800048828125
2016-01-11,1.0941038131713867,23.628000259399418,74.79499816894531,1096.5
2016-01-12,1.0857999324798584,23.207000732421875,76.00199890136719,1085.5999755859375
2016-01-13,1.0843987464904783,22.795000076293945,76.5250015258789,1087.5
2016-01-14,1.0886012315750122,23.274999618530273,76.21299743652344,1073.9000244140625
2016-01-15,1.085894227027893,23.718000411987305,76.29299926757812,1091.5
2016-01-18,1.0920010805130005,23.900999069213867,77.70700073242188,
2016-01-19,1.0895025730133057,24.33099937438965,79.36000061035156,1089.9000244140625
2016-01-20,1.09129798412323,24.32200050354004,78.61250305175781,1107.0999755859375
2016-01-21,1.0877013206481934,24.214000701904297,81.81999969482422,1099.0999755859375
2016-01-22,1.0862009525299072,24.399999618530273,82.9000015258789,1097.199951171875
2016-01-25,1.079901933670044,24.499000549316406,78.37000274658203,1106.199951171875
2016-01-26,1.0853049755096436,24.45400047302246,79.83999633789062,1121.699951171875
2016-01-27,1.086495876312256,24.524999618530273,78.2300033569336,1116.0999755859375
2016-01-28,1.090798020362854,24.6200008392334,77.8489990234375,1115.5999755859375
2016-01-29,1.0936970710754397,24.81999969482422,76.55000305175781,1116.4000244140625
2016-02-01,1.0825908184051514,25.520000457763672,75.44000244140625,1127.9000244140625
2016-02-02,1.0897282361984253,25.24099922180176,77.26000213623047,1127.300048828125
2016-02-03,1.0922038555145264,25.624000549316406,79.71499633789062,1141.300048828125
2016-02-04,1.1091023683547974,24.96299934387207,76.93000030517578,1157.5999755859375
2016-02-05,1.119996428489685,25.566999435424805,76.7699966430664,1157.800048828125
2016-02-08,1.114504098892212,25.684999465942383,77.25,1197.9000244140625
2016-02-09,1.1189812421798706,25.625999450683594,78.94000244140625,1198.699951171875
2016-02-10,1.1289994716644287,25.513999938964844,79.58999633789062,1194.699951171875
2016-02-11,1.128095269203186,25.698999404907227,78.37000274658203,1247.9000244140625
2016-02-12,1.1317979097366333,25.788000106811523,79.76750183105469,1239.0999755859375
2016-02-15,1.1225990056991575,25.958999633789062,78.30999755859375,
2016-02-16,1.1174057722091677,26.575000762939453,77.5,1207.9000244140625
2016-02-17,1.1147029399871826,26.42300033569336,77.80999755859375,1211.0999755859375
2016-02-18,1.112297534942627,26.832000732421875,74.86000061035156,1226.0999755859375
2016-02-19,1.1110987663269043,26.007999420166016,76.3499984741211,1230.4000244140625
2016-02-22,1.1123965978622437,26.636999130249023,77.37000274658203,1209.5
2016-02-23,1.102803349494934,26.861000061035156,77.37000274658203,1222.300048828125
2016-02-24,1.1027060747146606,27.024999618530273,76.0999984741211,1238.699951171875
2016-02-25,1.1013944149017334,26.83799934387207,75.73500061035156,1238.199951171875
2016-02-26,1.1024993658065796,26.996999740600582,75.18000030517578,1219.800048828125
2016-02-29,1.0923947095870972,27.08099937438965,76.33999633789062,1233.9000244140625
2016-03-01,1.0888975858688354,26.959999084472656,74.40499877929688,1230.300048828125
2016-03-02,1.0875948667526243,26.88400077819824,73.27999877929688,1241.0999755859375
2016-03-03,1.086897373199463,26.325000762939453,73.3499984741211,1257.4000244140625
2016-03-04,1.094894528388977,25.45400047302246,73.08999633789062,1269.9000244140625
2016-03-07,1.0993964672088623,25.92300033569336,73.08999633789062,1263.199951171875
2016-03-08,1.1016006469726562,25.961000442504883,73.08999633789062,1262.0999755859375
2016-03-09,1.1004005670547483,25.992000579833984,71.87000274658203,1256.5999755859375
2016-03-10,1.0989010334014893,25.902000427246097,70.98200225830078,1272.0
2016-03-11,1.1178430318832395,25.267000198364254,71.14800262451172,1258.699951171875
2016-03-14,1.1167943477630615,24.88599967956543,69.90499877929688,1244.4000244140625
2016-03-15,1.1101982593536377,26.239999771118164,70.26000213623047,1230.4000244140625
2016-03-16,1.1109012365341189,26.65800094604492,71.08999633789062,1229.300048828125
2016-03-17,1.1218937635421753,26.367000579833984,69.83499908447266,1264.5
2016-03-18,1.1317979097366333,26.257999420166016,68.12000274658203,1253.800048828125
2016-03-21,1.1279042959213257,26.347999572753903,68.33000183105469,1243.800048828125
2016-03-22,1.1235954761505127,26.097999572753903,67.86000061035156,1248.199951171875
2016-03-23,1.122296690940857,25.929000854492188,67.25,1223.699951171875
2016-03-24,1.118105411529541,25.947999954223633,68.71499633789062,1221.4000244140625
2016-03-25,1.1167943477630615,25.959999084472656,68.58000183105469,
2016-03-28,1.1159967184066772,25.95199966430664,68.23999786376953,1219.9000244140625
2016-03-29,1.1202723979949951,25.95400047302246,68.41000366210938,1235.5999755859375
2016-03-30,1.12920343875885,26.13400077819824,68.06500244140625,1226.9000244140625
2016-03-31,1.1334655284881592,26.006999969482425,67.68000030517578,1234.199951171875
2016-04-01,1.1379671096801758,26.003999710083008,67.0,1222.199951171875
2016-04-04,1.1390039920806885,25.843000411987305,67.5,1218.0
2016-04-05,1.1389002799987793,25.881000518798828,68.6500015258789,1228.4000244140625
2016-04-06,1.138200283050537,25.68600082397461,68.75,1222.5
2016-04-07,1.1404979228973389,25.58099937438965,67.8499984741211,1236.199951171875
2016-04-08,1.1373976469039917,25.54199981689453,68.02999877929688,1242.5
2016-04-11,1.1403028964996338,25.375999450683594,67.07499694824219,1256.699951171875
2016-04-12,1.141291856765747,25.34000015258789,66.75,1259.4000244140625
2016-04-13,1.138498306274414,25.19499969482422,65.18499755859375,1246.800048828125
2016-04-14,1.1279042959213257,25.222000122070312,65.98999786376953,1225.0
2016-04-15,1.1270017623901367,25.31599998474121,65.93000030517578,1233.0999755859375
2016-04-18,1.1299946308135986,25.174999237060547,66.5,1233.5999755859375
2016-04-19,1.1309019327163696,25.225000381469727,66.44999694824219,1253.0
2016-04-20,1.1359634399414062,25.163999557495117,65.87999725341797,1253.199951171875
2016-04-21,1.1305055618286133,25.132999420166016,65.67500305175781,1249.0
2016-04-22,1.12920343875885,25.152000427246097,66.66000366210938,1228.699951171875
2016-04-25,1.123406171798706,25.07799911499023,66.76000213623047,1238.9000244140625
2016-04-26,1.1269001960754397,25.07799911499023,66.55999755859375,1242.199951171875
2016-04-27,1.1299052238464355,25.00900077819824,65.76499938964844,1249.199951171875
2016-04-28,1.132900595664978,24.92099952697754,65.11000061035156,1265.5
2016-04-29,1.135589361190796,24.937000274658203,64.55999755859375,1289.199951171875
2016-05-02,1.146302580833435,24.82799911499023,64.55999755859375,1294.699951171875
2016-05-03,1.1524986028671265,24.874000549316406,64.55999755859375,1290.699951171875
2016-05-04,1.1504037380218506,25.04400062561035,66.3499984741211,1273.300048828125
2016-05-05,1.1493064165115356,24.875999450683594,66.58399963378906,1271.4000244140625
2016-05-06,1.1406019926071167,24.92799949645996,65.9739990234375,1292.9000244140625
2016-05-09,1.13879656791687,24.91200065612793,65.86199951171875,1265.5999755859375
2016-05-10,1.13879656791687,24.926000595092773,66.29000091552734,1263.9000244140625
2016-05-11,1.1374363899230957,24.974000930786133,66.09600067138672,1274.5999755859375
2016-05-12,1.142700433731079,25.07900047302246,65.04499816894531,1270.300048828125
2016-05-13,1.1376951932907104,25.090999603271484,64.83000183105469,1271.9000244140625
2016-05-16,1.1316953897476196,25.23500061035156,65.48200225830078,1273.4000244140625
2016-05-17,1.1316057443618774,25.125999450683594,64.88400268554688,1276.199951171875
2016-05-18,1.1316057443618774,25.01099967956543,64.71900177001953,1273.699951171875
2016-05-19,1.122296690940857,24.95299911499023,65.74500274658203,1254.199951171875
2016-05-20,1.1205987930297852,24.9689998626709,66.72000122070312,1252.4000244140625
2016-05-23,1.1221708059310913,24.891000747680664,66.84500122070312,1251.0999755859375
2016-05-24,1.121604323387146,24.83099937438965,66.78700256347656,1228.9000244140625
2016-05-25,1.113796591758728,24.858999252319336,66.41000366210938,1223.5
2016-05-26,1.1158970594406128,24.840999603271484,65.42500305175781,1220.0999755859375
2016-05-27,1.1192066669464111,24.834999084472656,65.82499694824219,1213.800048828125
2016-05-30,1.1110000610351562,24.878999710083008,66.1500015258789,
2016-05-31,1.1148396730422974,24.905000686645508,65.66899871826172,1214.800048828125
2016-06-01,1.113598108291626,24.819000244140625,66.8270034790039,1211.9000244140625
2016-06-02,1.1189061403274536,24.812000274658203,66.91000366210938,1209.800048828125
2016-06-03,1.115200161933899,24.868999481201172,67.05999755859375,1240.0999755859375
2016-06-06,1.1350995302200315,24.67799949645996,65.65399932861328,1244.5999755859375
2016-06-07,1.1364023685455322,24.68000030517578,65.23999786376953,1244.4000244140625
2016-06-08,1.1357828378677368,24.70599937438965,64.62000274658203,1259.800048828125
2016-06-09,1.140706181526184,24.680999755859375,63.71889877319336,1270.199951171875
2016-06-10,1.131503343582153,24.73200035095215,64.19599914550781,1273.4000244140625
2016-06-13,1.1239995956420898,24.718000411987305,65.302001953125,1284.4000244140625
2016-06-14,1.1291015148162842,24.61599922180176,65.68499755859375,1285.5999755859375
2016-06-15,1.1213024854660034,24.656999588012695,66.05999755859375,1285.800048828125
2016-06-16,1.1262656450271606,24.54700088500977,65.25299835205078,1296.0999755859375
2016-06-17,1.1252011060714722,24.66900062561035,65.57499694824219,1292.5
2016-06-20,1.13490629196167,24.451000213623047,64.75,1290.0
2016-06-21,1.1322976350784302,24.656999588012695,64.26499938964844,1270.5
2016-06-22,1.1250618696212769,24.7810001373291,63.93600082397461,1268.0
2016-06-23,1.1328235864639282,24.506999969482425,64.76899719238281,1261.199951171875
2016-06-24,1.1324002742767334,24.628000259399418,63.76499938964844,1320.0
2016-06-27,1.103594422340393,24.46699905395508,65.2874984741211,1322.5
2016-06-28,1.1015034914016724,24.60300064086914,65.4000015258789,1315.300048828125
2016-06-29,1.1073951721191406,24.670000076293945,64.04000091552734,1323.9000244140625
2016-06-30,1.1128050088882446,24.51499938964844,63.814998626708984,1318.4000244140625
2016-07-01,1.1106051206588743,24.635000228881836,63.959999084472656,1336.699951171875
2016-07-04,1.1131023168563845,24.51799964904785,63.790000915527344,
2016-07-05,1.1146035194396973,24.48699951171875,63.83000183105469,1356.4000244140625
2016-07-06,1.1065007448196411,24.766000747680664,64.43499755859375,1364.9000244140625
2016-07-07,1.1099025011062622,24.4950008392334,64.26499938964844,1360.0999755859375
2016-07-08,1.1065741777420044,24.56999969482422,64.67900085449219,1356.5999755859375
2016-07-11,1.1043988466262815,24.594999313354492,63.834999084472656,1355.0
2016-07-12,1.1058032512664795,24.55299949645996,64.18000030517578,1334.0999755859375
2016-07-13,1.1062926054000854,24.628999710083008,63.79999923706055,1342.4000244140625
2016-07-14,1.1094961166381836,24.47800064086914,63.849998474121094,1331.300048828125
2016-07-15,1.1106051206588743,24.475000381469727,62.88750076293945,1326.5
2016-07-18,1.1053143739700315,24.801000595092773,63.34000015258789,1328.4000244140625
2016-07-19,1.1071866750717163,24.503000259399418,62.8120002746582,1331.5
2016-07-20,1.1013579368591309,24.638999938964844,63.62799835205078,1318.800048828125
2016-07-21,1.1019526720046997,24.52400016784668,63.79999923706055,1330.5
2016-07-22,1.1032899618148804,24.51300048828125,64.36799621582031,1323.0999755859375
2016-07-25,1.097044587135315,24.618000030517575,64.81500244140625,1319.300048828125
2016-07-26,1.09911847114563,24.51099967956543,65.43599700927734,1320.699951171875
2016-07-27,1.098780393600464,24.55699920654297,65.80000305175781,1326.5999755859375
2016-07-28,1.1073460578918457,24.39699935913086,65.79750061035156,1332.300048828125
2016-07-29,1.108438491821289,24.54800033569336,66.58300018310547,1349.0
2016-08-01,1.1168068647384644,24.40399932861328,65.98750305175781,1351.4000244140625
2016-08-02,1.1168068647384644,24.552000045776367,66.93000030517578,1364.4000244140625
2016-08-03,1.121906280517578,24.5,66.70999908447266,1356.0999755859375
2016-08-04,1.1151504516601562,24.64800071716309,66.19999694824219,1358.800048828125
2016-08-05,1.1134741306304932,24.53499984741211,65.70999908447266,1336.4000244140625
2016-08-08,1.1089547872543335,24.673999786376953,65.5469970703125,1333.4000244140625
2016-08-09,1.108364820480347,24.549999237060547,64.5999984741211,1339.0
2016-08-10,1.111580491065979,24.472999572753903,64.76000213623047,1344.300048828125
2016-08-11,1.1186434030532837,24.51799964904785,64.9000015258789,1342.5
2016-08-12,1.113908290863037,24.60300064086914,64.3499984741211,1335.800048828125
2016-08-15,1.1166945695877075,24.808000564575195,64.36080169677734,1340.300048828125
2016-08-16,1.11840558052063,24.75,64.00769805908203,1350.5
2016-08-17,1.1275991201400757,24.736000061035156,63.83489990234375,1342.699951171875
2016-08-18,1.1298924684524536,24.82799911499023,63.83919906616211,1351.199951171875
2016-08-19,1.1349449157714844,24.878000259399418,63.6411018371582,1340.4000244140625
2016-08-22,1.1298158168792725,24.98500061035156,63.75,1337.699951171875
2016-08-23,1.1319260597229004,24.972000122070312,64.77149963378906,1340.5999755859375
2016-08-24,1.1300839185714722,25.11400032043457,64.59239959716797,1324.4000244140625
2016-08-25,1.1263798475265503,25.108999252319336,65.08580017089844,1320.0999755859375
2016-08-26,1.1290504932403564,25.184999465942383,64.80879974365234,1321.5
2016-08-29,1.1199462413787842,25.433000564575195,64.71260070800781,1322.9000244140625
2016-08-30,1.1192818880081177,25.231000900268555,64.61859893798828,1311.699951171875
2016-08-31,1.1153244972229004,25.5310001373291,65.30970001220703,1306.9000244140625
2016-09-01,1.116071343421936,25.92200088500977,65.28070068359375,1312.199951171875
2016-09-02,1.1200717687606812,26.32200050354004,65.85399627685547,1322.0999755859375
2016-09-05,1.1161960363388062,26.448999404907227,65.1980972290039,
2016-09-06,1.1153244972229004,26.51799964904785,64.83000183105469,1349.4000244140625
2016-09-07,1.1253657341003418,26.385000228881836,64.42669677734375,1344.300048828125
2016-09-08,1.1241008043289185,26.44499969482422,64.1852035522461,1336.800048828125
2016-09-09,1.1271415948867798,26.42099952697754,63.991600036621094,1330.0999755859375
2016-09-12,1.1241133213043213,26.465999603271484,64.55049896240234,1321.0
2016-09-13,1.124353528022766,26.319000244140625,64.69419860839844,1319.0
2016-09-14,1.12186861038208,26.042999267578125,65.36509704589844,1321.5
2016-09-15,1.1247328519821167,25.97800064086914,65.14440155029297,1313.5
2016-09-16,1.124593734741211,25.87700080871582,64.48290252685547,1305.800048828125
2016-09-19,1.11584734916687,25.732999801635746,65.04149627685547,1313.5
2016-09-20,1.118067979812622,25.44499969482422,64.59010314941406,1313.699951171875
2016-09-21,1.1153992414474487,25.69499969482422,64.72149658203125,1326.9000244140625
2016-09-22,1.1193194389343262,25.57200050354004,63.89120101928711,1340.4000244140625
2016-09-23,1.1210134029388428,25.724000930786133,63.636600494384766,1337.199951171875
2016-09-26,1.123923897743225,25.707000732421875,64.02670288085938,1339.699951171875
2016-09-27,1.124985933303833,25.625,63.85409927368164,1325.9000244140625
2016-09-28,1.121956706047058,25.60700035095215,63.885501861572266,1319.4000244140625
2016-09-29,1.1224982738494873,25.56100082397461,63.06520080566406,1321.699951171875
2016-09-30,1.121956706047058,25.60099983215332,63.08000183105469,1313.300048828125
2016-10-03,1.1234692335128784,25.459999084472656,62.87189865112305,1309.0
2016-10-04,1.121038556098938,25.70199966430664,62.28810119628906,1266.300048828125
2016-10-05,1.121076226234436,25.48500061035156,62.6875,1265.199951171875
2016-10-06,1.120824933052063,25.631000518798828,62.27410125732422,1249.800048828125
2016-10-07,1.1144545078277588,25.69499969482422,62.101600646972656,1248.9000244140625
2016-10-10,1.1196954250335691,25.393999099731445,62.08039855957031,
2016-10-11,1.1140819787979126,25.643999099731445,62.02130126953125,1253.0
2016-10-12,1.1061947345733645,25.645000457763672,62.66210174560547,1251.0999755859375
2016-10-13,1.1011881828308103,25.542999267578125,63.50310134887695,1255.0
2016-10-14,1.1049723625183103,25.45199966430664,63.00960159301758,1253.0999755859375
2016-10-17,1.0967799425125122,25.60700035095215,62.77669906616211,1254.4000244140625
2016-10-18,1.1015641689300537,25.474000930786133,63.06639862060547,1260.800048828125
2016-10-19,1.0976948738098145,25.39900016784668,62.7318000793457,1267.9000244140625
2016-10-20,1.0975141525268557,25.458999633789062,62.25859832763672,1265.5999755859375
2016-10-21,1.0930395126342771,25.465999603271484,62.37580108642578,1265.9000244140625
2016-10-24,1.0882576704025269,25.388999938964844,62.28499984741211,1262.0
2016-10-25,1.0875475406646729,25.410999298095703,62.1869010925293,1271.9000244140625
2016-10-26,1.0887316465377808,25.32900047302246,62.4119987487793,1264.800048828125
2016-10-27,1.091202735900879,25.332000732421875,62.77040100097656,1267.9000244140625
2016-10-28,1.0900371074676514,25.301000595092773,62.678199768066406,1275.5
2016-10-31,1.0984665155410769,25.041000366210938,63.041900634765625,1271.5
2016-11-01,1.0973334312438965,25.191999435424805,63.2681999206543,1286.4000244140625
2016-11-02,1.105705499649048,25.238000869750977,63.32389831542969,1306.800048828125
2016-11-03,1.1097548007965088,25.260000228881836,63.536598205566406,1302.0999755859375
2016-11-04,1.1102476119995115,25.261999130249023,63.5614013671875,1303.300048828125
2016-11-07,1.1101243495941162,25.2189998626709,64.36009979248047,1278.300048828125
2016-11-08,1.1052166223526,25.332000732421875,63.597900390625,1273.4000244140625
2016-11-09,1.1019041538238523,25.358999252319336,63.742401123046875,1272.5999755859375
2016-11-10,1.092060685157776,25.690000534057617,63.59859848022461,1265.5
2016-11-11,1.0889687538146973,25.333999633789062,65.55760192871094,
2016-11-14,1.0824854373931885,25.39900016784668,65.75330352783203,1221.199951171875
2016-11-15,1.0750375986099243,25.61199951171875,66.14700317382812,1224.0
2016-11-16,1.0727311372756958,25.975000381469727,64.45539855957031,1223.4000244140625
2016-11-17,1.0706638097763062,25.9689998626709,64.47489929199219,1216.5
2016-11-18,1.062304139137268,25.983999252319336,64.83309936523438,1208.5
2016-11-21,1.0584250688552856,25.677000045776367,64.85780334472656,1209.5999755859375
2016-11-22,1.0638864040374756,25.51099967956543,63.95220184326172,1211.0
2016-11-23,1.0633772611618042,25.35199928283691,63.711299896240234,1189.0999755859375
2016-11-24,1.0545185804367063,25.507999420166016,64.29779815673828,
2016-11-25,1.0561892986297607,25.320999145507812,64.49970245361328,1178.199951171875
2016-11-28,1.0612331628799438,25.447999954223633,64.8812026977539,1190.5999755859375
2016-11-29,1.062134861946106,25.37299919128418,64.78289794921875,1187.9000244140625
2016-11-30,1.0648492574691772,25.17799949645996,65.13500213623047,1170.800048828125
2016-12-01,1.0592098236083984,25.275999069213867,64.07129669189453,1166.9000244140625
2016-12-02,1.0663141012191772,25.295000076293945,63.900001525878906,1175.0999755859375
2016-12-05,1.0582010746002195,25.677000045776367,63.81510162353515,1174.0
2016-12-06,1.0757315158843994,25.663000106811523,63.78150177001953,1167.5999755859375
2016-12-07,1.072041153907776,25.868999481201172,63.81230163574219,1175.0
2016-12-08,1.0761945247650146,25.65399932861328,63.2661018371582,1169.800048828125
2016-12-09,1.062134861946106,25.840999603271484,63.26179885864258,1159.4000244140625
2016-12-12,1.054741144180298,25.826000213623047,62.48030090332031,1163.5
2016-12-13,1.0641694068908691,25.746999740600582,60.96500015258789,1156.699951171875
2016-12-14,1.062925100326538,25.816999435424805,60.52750015258789,1161.300048828125
2016-12-15,1.051414132118225,26.37700080871582,61.86000061035156,1127.800048828125
2016-12-16,1.0418837070465088,25.95199966430664,61.75,1135.300048828125
2016-12-19,1.0449975728988647,26.030000686645508,62.1161994934082,1140.5
2016-12-20,1.0405826568603516,26.05500030517578,61.900001525878906,1131.5
2016-12-21,1.039047360420227,26.104000091552734,61.39870071411133,1131.0999755859375
2016-12-22,1.0428615808486938,26.06399917602539,61.13999938964844,1128.800048828125
2016-12-23,1.0437650680541992,25.94099998474121,60.96689987182617,1131.9000244140625
2016-12-26,1.045478343963623,26.04400062561035,61.022499084472656,
2016-12-27,1.0456969738006592,26.030000686645508,60.931400299072266,1137.300048828125
2016-12-28,1.046233057975769,26.34199905395508,60.60499954223633,1139.4000244140625
2016-12-29,1.0416991710662842,26.618000030517575,60.47629928588867,1156.4000244140625
2016-12-30,1.0575296878814695,26.84600067138672,60.34130096435547,1150.0
2017-01-02,1.052698016166687,26.906999588012695,61.231300354003906,
2017-01-03,1.0460032224655151,26.839000701904297,61.22829818725586,1160.4000244140625
2017-01-04,1.0419923067092896,26.781999588012695,60.92300033569336,1163.800048828125
2017-01-05,1.0500892400741575,26.17200088500977,60.3650016784668,1179.699951171875
2017-01-06,1.0605915784835815,25.71299934387207,59.40119934082031,1171.9000244140625
2017-01-09,1.0531858205795288,27.128000259399418,59.564998626708984,1183.5
2017-01-10,1.0588620901107788,26.54400062561035,60.102500915527344,1184.199951171875
2017-01-11,1.055241942405701,26.91900062561035,60.13999938964844,1195.5999755859375
2017-01-12,1.0597710609436035,26.795000076293945,59.778099060058594,1198.9000244140625
2017-01-13,1.0616837739944458,27.086000442504883,59.432498931884766,1195.300048828125
2017-01-16,1.0628687143325806,27.32799911499023,59.637001037597656,
2017-01-17,1.0602991580963137,27.43000030517578,59.78200149536133,1212.0
2017-01-18,1.0696789026260376,27.316999435424805,59.33000183105469,1211.300048828125
2017-01-19,1.062778353691101,27.405000686645508,59.52320098876953,1200.9000244140625
2017-01-20,1.0659730434417725,27.150999069213867,59.65999984741211,1204.300048828125
2017-01-23,1.071375012397766,26.957000732421875,59.799800872802734,1215.0
2017-01-24,1.0760787725448608,26.94099998474121,59.510101318359375,1210.300048828125
2017-01-25,1.0728693008422852,26.95800018310547,59.139801025390625,1197.300048828125
2017-01-26,1.0751993656158447,26.94700050354004,59.56679916381836,1189.5
2017-01-27,1.068296194076538,27.035999298095703,60.279300689697266,1188.0999755859375
2017-01-30,1.0713980197906494,26.895000457763672,59.77750015258789,1193.199951171875
2017-01-31,1.0708587169647217,26.729000091552734,59.718299865722656,1208.5999755859375
2017-02-01,1.0803803205490112,26.708999633789062,60.15549850463867,1205.5999755859375
2017-02-02,1.0767391920089722,26.770999908447266,60.091400146484375,1216.699951171875
2017-02-03,1.0761713981628418,26.920000076293945,59.3661994934082,1218.5
2017-02-06,1.0782949924468994,26.750999450683594,58.94609832763672,1230.0
2017-02-07,1.0743216276168823,26.8439998626709,58.90010070800781,1234.199951171875
2017-02-08,1.0678056478500366,26.69499969482422,59.44260025024414,1237.5999755859375
2017-02-09,1.0692213773727417,26.53700065612793,59.173099517822266,1235.0999755859375
2017-02-10,1.0658594369888306,26.81100082397461,58.96120071411133,1234.4000244140625
2017-02-13,1.061954379081726,26.944000244140625,58.2223014831543,1224.4000244140625
2017-02-14,1.059849739074707,27.107999801635746,57.92559814453125,1223.9000244140625
2017-02-15,1.057831645011902,27.024999618530273,57.03969955444336,1231.699951171875
2017-02-16,1.0607378482818604,26.59000015258789,57.33050155639648,1240.0
2017-02-17,1.0672245025634766,26.645999908447266,57.56650161743164,1237.5999755859375
2017-02-20,1.062665343284607,26.82900047302246,58.31700134277344,
2017-02-21,1.0609403848648071,26.750999450683594,57.910701751708984,1237.5
2017-02-22,1.0542073249816897,26.775999069213867,57.39419937133789,1232.0
2017-02-23,1.055408954620361,27.034000396728516,57.91949844360352,1250.199951171875
2017-02-24,1.0584474802017212,26.899999618530273,57.73429870605469,1256.9000244140625
2017-02-27,1.055275321006775,26.82699966430664,58.36309814453125,1257.4000244140625
2017-02-28,1.0584250688552856,27.040000915527344,58.18349838256836,1252.5999755859375
2017-03-01,1.0569148063659668,27.18000030517578,58.35210037231445,1248.9000244140625
2017-03-02,1.0535852909088137,26.86000061035156,58.23630142211914,1231.9000244140625
2017-03-03,1.0509721040725708,26.78300094604492,58.71979904174805,1225.5
2017-03-06,1.062044620513916,26.62700080871582,58.1870002746582,1224.5
2017-03-07,1.0579211711883545,26.959999084472656,58.233299255371094,1215.0999755859375
2017-03-08,1.0570154190063477,26.707000732421875,58.13650131225586,1208.5
2017-03-09,1.054741144180298,26.72699928283691,58.872501373291016,1202.4000244140625
2017-03-10,1.0578428506851196,26.56100082397461,59.25690078735352,1200.699951171875
2017-03-13,1.0690041780471802,26.385000228881836,59.06819915771485,1202.4000244140625
2017-03-14,1.0651443004608154,26.66699981689453,58.77439880371094,1201.9000244140625
2017-03-15,1.0612443685531616,26.676000595092773,59.18600082397461,1200.0999755859375
2017-03-16,1.0737909078598022,26.319000244140625,58.38079833984375,1226.5
2017-03-17,1.077470064163208,26.57900047302246,57.77019882202149,1229.800048828125
2017-03-20,1.0742985010147097,26.61199951171875,57.15409851074219,1233.5999755859375
2017-03-21,1.073767900466919,26.63999938964844,57.3036003112793,1246.0999755859375
2017-03-22,1.081244707107544,26.604999542236328,57.59049987792969,1249.300048828125
2017-03-23,1.0790164470672607,26.6560001373291,57.732398986816406,1246.9000244140625
2017-03-24,1.0783880949020386,26.836999893188477,57.35449981689453,1248.199951171875
2017-03-27,1.0849517583847046,26.864999771118164,56.96860122680664,1255.4000244140625
2017-03-28,1.0860947370529177,26.856000900268555,56.87839889526367,1255.300048828125
2017-03-29,1.0817711353302002,26.958999633789062,56.967899322509766,1253.4000244140625
2017-03-30,1.0759629011154177,26.788000106811523,56.65129852294922,1245.0
2017-03-31,1.0687072277069092,26.88599967956543,55.98429870605469,1247.300048828125
2017-04-03,1.0668829679489136,26.809999465942383,56.23460006713867,1250.800048828125
2017-04-04,1.067008137702942,26.700000762939453,56.08480072021485,1255.0
2017-04-05,1.0680338144302368,26.76799964904785,55.949798583984375,1245.4000244140625
2017-04-06,1.0672472715377808,26.886999130249023,56.41429901123047,1250.300048828125
2017-04-07,1.0644639730453491,26.81599998474121,56.39849853515625,1254.300048828125
2017-04-10,1.0582010746002195,26.777000427246097,57.375999450683594,1251.0999755859375
2017-04-11,1.0597598552703855,26.8700008392334,57.10449981689453,1271.199951171875
2017-04-12,1.0611318349838257,26.8799991607666,57.028099060058594,1275.300048828125
2017-04-13,1.0670650005340576,26.850000381469727,56.62160110473633,1285.9000244140625
2017-04-14,1.0616387128829956,26.84000015258789,56.2588996887207,
2017-04-17,1.0610530376434326,26.652999877929688,56.30289840698242,1289.4000244140625
2017-04-18,1.0644525289535522,26.569000244140625,55.88240051269531,1291.699951171875
2017-04-19,1.0728693008422852,26.37700080871582,56.19649887084961,1281.4000244140625
2017-04-20,1.0715012550354004,26.54599952697754,56.567901611328125,1281.9000244140625
2017-04-21,1.0714898109436035,26.570999145507812,56.10940170288086,1287.4000244140625
2017-04-24,1.087393879890442,26.38800048828125,56.42649841308594,1275.800048828125
2017-04-25,1.0864840745925903,26.38599967956543,55.77989959716797,1265.5999755859375
2017-04-26,1.0928245782852173,26.233999252319336,56.060001373291016,1262.0999755859375
2017-04-27,1.090893268585205,26.27400016784668,57.09700012207031,1263.699951171875
2017-04-28,1.0864251852035522,26.329999923706055,56.97200012207031,1266.0999755859375
2017-05-01,1.0907504558563232,26.37299919128418,56.93199920654297,1253.300048828125
2017-05-02,1.090893268585205,26.358999252319336,56.97380065917969,1255.0999755859375
2017-05-03,1.0935654640197754,26.243000030517575,57.0546989440918,1246.4000244140625
2017-05-04,1.0888975858688354,26.312000274658203,57.325401306152344,1226.5
2017-05-05,1.098152995109558,26.08799934387207,58.36000061035156,1224.800048828125
2017-05-08,1.0965152978897097,26.1299991607666,58.047000885009766,1225.300048828125
2017-05-09,1.0927767753601074,26.292999267578125,58.20500183105469,1214.300048828125
2017-05-10,1.0886842012405396,26.28300094604492,58.41899871826172,1217.300048828125
2017-05-11,1.087074637413025,26.187000274658203,57.43960189819336,1222.699951171875
2017-05-12,1.086495876312256,26.170000076293945,57.07040023803711,1226.199951171875
2017-05-15,1.0927289724349976,26.06100082397461,57.0817985534668,1228.5999755859375
2017-05-16,1.0981770753860474,26.15399932861328,56.333499908447266,1235.0
2017-05-17,1.1093976497650146,26.066999435424805,56.426998138427734,1257.5
2017-05-18,1.115635633468628,26.020000457763672,57.0713005065918,1251.699951171875
2017-05-19,1.1113580465316772,26.232999801635746,57.52579879760742,1252.699951171875
2017-05-22,1.120485782623291,25.98900032043457,56.926998138427734,1260.699951171875
2017-05-23,1.123885989189148,26.052000045776367,56.60029983520508,1254.800048828125
2017-05-24,1.11793053150177,26.163000106811523,56.3036994934082,1252.4000244140625
2017-05-25,1.123090744018555,25.93400001525879,56.34590148925781,1255.800048828125
2017-05-26,1.121076226234436,26.027000427246097,56.80139923095703,1267.5999755859375
2017-05-29,1.1176055669784546,26.22100067138672,56.48149871826172,
2017-05-30,1.1129041910171509,26.149999618530273,56.46220016479492,1262.0999755859375
2017-05-31,1.117168664932251,25.983999252319336,56.530799865722656,1272.0
2017-06-01,1.124353528022766,25.981000900268555,56.71039962768555,1267.0
2017-06-02,1.1215791702270508,26.041000366210938,56.37929916381836,1276.800048828125
2017-06-05,1.128082513809204,25.858999252319336,56.60609817504883,1279.300048828125
2017-06-06,1.1256824731826782,25.982999801635746,56.58110046386719,1294.4000244140625
2017-06-07,1.1271415948867798,25.910999298095703,56.48529815673828,1290.0999755859375
2017-06-08,1.125517725944519,25.823999404907227,57.04130172729492,1276.300048828125
2017-06-09,1.118480563163757,25.961000442504883,56.87329864501953,1268.5
2017-06-12,1.1201971769332886,25.84600067138672,57.01240158081055,1266.0999755859375
2017-06-13,1.1196202039718628,25.79800033569336,57.000099182128906,1265.800048828125
2017-06-14,1.1208877563476562,25.732999801635746,56.87770080566406,1272.800048828125
2017-06-15,1.1215791702270508,25.75200080871582,57.42599868774414,1252.199951171875
2017-06-16,1.1146905422210691,25.746000289916992,57.79999923706055,1254.0
2017-06-19,1.120824933052063,25.76499938964844,57.70940017700195,1244.199951171875
2017-06-20,1.1144545078277588,25.88999938964844,58.42110061645508,1241.0
2017-06-21,1.1136974096298218,25.812999725341797,59.560001373291016,1243.4000244140625
2017-06-22,1.1167196035385132,25.70800018310547,60.2400016784668,1247.5999755859375
2017-06-23,1.1149640083312988,25.784000396728516,59.84349822998047,1256.199951171875
2017-06-26,1.1198835372924805,25.701000213623047,59.42340087890625,1246.300048828125
2017-06-27,1.118355631828308,25.777000427246097,58.89419937133789,1246.4000244140625
2017-06-28,1.1339154243469238,25.63800048828125,59.35150146484375,1248.0
2017-06-29,1.1382650136947632,25.77199935913086,59.21670150756836,1244.199951171875
2017-06-30,1.144164800643921,25.756999969482425,59.41999816894531,1240.699951171875
2017-07-03,1.1423088312149048,25.76799964904785,58.88059997558594,1217.9000244140625
2017-07-04,1.1371389627456665,25.743999481201172,59.234901428222656,
2017-07-05,1.1360150575637815,25.780000686645508,59.35850143432617,1220.4000244140625
2017-07-06,1.134687423706055,25.768999099731445,60.17850112915039,1222.199951171875
2017-07-07,1.1424784660339355,26.040000915527344,60.099998474121094,1208.5999755859375
2017-07-10,1.140380859375,25.809999465942383,60.347900390625,1212.0999755859375
2017-07-11,,,,1213.5999755859375
2017-07-12,1.1473942995071411,25.53700065612793,60.7599983215332,1218.0999755859375
2017-07-13,1.1418914794921875,25.743000030517575,59.900001525878906,1216.300048828125
2017-07-14,1.140393853187561,25.72100067138672,59.7484016418457,1226.5999755859375
2017-07-17,1.147539138793945,25.621000289916992,59.061500549316406,1232.800048828125
2017-07-18,1.1474337577819824,25.650999069213867,59.290000915527344,1241.0999755859375
2017-07-19,1.1549744606018066,25.67300033569336,59.07989883422851,1241.199951171875
2017-07-20,1.1528440713882446,25.711000442504883,58.94710159301758,1244.800048828125
2017-07-21,1.1628718376159668,25.371999740600582,58.88999938964844,1254.300048828125
2017-07-24,1.1681697368621826,25.566999435424805,59.227500915527344,1253.9000244140625
2017-07-25,1.1638869047164917,25.558000564575195,59.970001220703125,1251.699951171875
2017-07-26,1.164456129074097,25.57900047302246,59.95249938964844,1249.0
2017-07-27,1.1728004217147827,25.423999786376953,59.54090118408203,1259.5999755859375
2017-07-28,1.1688660383224487,25.71299934387207,59.37200164794922,1268.4000244140625
2017-07-31,1.1747292280197144,25.57200050354004,59.47919845581055,1266.5999755859375
2017-08-01,1.182410478591919,25.361000061035156,59.72999954223633,1272.5999755859375
2017-08-02,1.1811256408691406,25.631000518798828,60.17440032958984,1271.800048828125
2017-08-03,1.1851149797439575,25.608999252319336,60.4900016784668,1267.800048828125
2017-08-04,1.1884952783584597,25.558000564575195,60.295501708984375,1258.300048828125
2017-08-07,1.1778424978256226,25.792999267578125,59.93550109863281,1258.199951171875
2017-08-08,1.1800941228866575,25.511999130249023,59.955299377441406,1256.4000244140625
2017-08-09,1.1754610538482666,25.60099983215332,59.78919982910156,1273.0
2017-08-10,1.1761523485183716,25.415000915527344,60.07059860229492,1283.699951171875
2017-08-11,1.177024483680725,25.326000213623047,59.98929977416992,1287.699951171875
2017-08-14,1.182550311088562,25.299999237060547,59.78929901123047,1284.199951171875
2017-08-15,1.1775789260864258,25.415000915527344,59.81110000610352,1273.699951171875
2017-08-16,1.174122333526611,25.364999771118164,59.750999450683594,1276.9000244140625
2017-08-17,1.1774264574050903,25.16200065612793,59.41120147705078,1286.4000244140625
2017-08-18,1.171550154685974,25.201000213623047,59.039798736572266,1285.699951171875
2017-08-21,1.1756268739700315,25.187000274658203,58.89500045776367,1290.800048828125
2017-08-22,1.1811953783035278,25.118000030517575,59.072601318359375,1285.0999755859375
2017-08-23,1.176221489906311,25.19099998474121,58.97700119018555,1288.9000244140625
2017-08-24,1.1816558837890625,25.266000747680664,58.972599029541016,1286.5
2017-08-25,1.1802195310592651,25.285999298095703,59.13050079345703,1292.5
2017-08-28,1.1951857805252075,25.07799911499023,58.56330108642578,1309.699951171875
2017-08-29,1.1963869333267212,25.170000076293945,58.43000030517578,1313.0999755859375
2017-08-30,1.1970456838607788,25.35300064086914,58.76279830932617,1308.0999755859375
2017-08-31,1.1893434524536133,25.464000701904297,58.455101013183594,1316.199951171875
2017-09-01,1.191043257713318,25.32799911499023,57.97669982910156,1324.5
2017-09-04,1.1882835626602173,25.663999557495117,57.46549987792969,
2017-09-05,1.1893434524536133,25.697999954223633,57.737998962402344,1339.199951171875
2017-09-06,1.1924067735671997,25.711999893188477,57.55160140991211,1333.9000244140625
2017-09-07,1.1927765607833862,25.7549991607666,57.34099960327149,1345.0999755859375
2017-09-08,1.2029062509536743,25.71500015258789,56.91180038452149,1346.0
2017-09-11,1.2017642259597778,25.88400077819824,57.31729888916016,1331.0
2017-09-12,1.1959433555603027,25.885000228881836,57.215599060058594,1328.0
2017-09-13,1.1974613666534424,25.7450008392334,57.62779998779297,1323.4000244140625
2017-09-14,1.1890605688095093,26.051000595092773,57.90769958496094,1324.699951171875
2017-09-15,1.1921650171279907,25.878999710083008,57.52949905395508,1320.4000244140625
2017-09-18,1.193716287612915,25.96299934387207,57.67259979248047,1306.300048828125
2017-09-19,1.1959290504455566,25.913999557495117,58.07109832763672,1306.199951171875
2017-09-20,1.199256420135498,25.856000900268555,58.080299377441406,1312.0
2017-09-21,1.1872113943099976,26.194000244140625,58.11470031738281,1290.5999755859375
2017-09-22,1.194557547569275,25.915000915527344,57.86349868774414,1293.300048828125
2017-09-25,1.1927196979522705,26.038999557495117,57.596900939941406,1306.800048828125
2017-09-26,1.185564637184143,26.131000518798828,57.55379867553711,1297.0
2017-09-27,1.1786059141159058,26.149999618530273,57.8588981628418,1283.4000244140625
2017-09-28,1.1749638319015503,26.211999893188477,58.16899871826172,1285.5
2017-09-29,1.178175449371338,26.246000289916992,57.889801025390625,1281.5
2017-10-02,1.1807351112365725,26.496000289916992,57.52109909057617,1272.699951171875
2017-10-03,1.173378348350525,26.374000549316406,57.87689971923828,1271.5
2017-10-04,1.17475688457489,26.4950008392334,57.9098014831543,1273.699951171875
2017-10-05,1.175723671913147,26.58300018310547,57.645999908447266,1269.9000244140625
2017-10-06,1.1712344884872437,26.604999542236328,57.70719909667969,1271.5999755859375
2017-10-09,1.1742464303970337,26.44499969482422,58.17599868774414,1281.800048828125
2017-10-10,1.1741636991500854,26.250999450683594,58.25170135498047,1290.5999755859375
2017-10-11,1.1814883947372437,26.263999938964844,57.93830108642578,1285.800048828125
2017-10-12,1.1865493059158323,26.183000564575195,57.80110168457031,1293.300048828125
2017-10-13,1.1831799745559692,26.41200065612793,57.63740158081055,1301.5
2017-10-16,1.181404709815979,26.284000396728516,57.20399856567383,1299.9000244140625
2017-10-17,1.1794538497924805,26.275999069213867,57.19409942626953,1283.0
2017-10-18,1.1771907806396484,26.180999755859375,57.274898529052734,1279.9000244140625
2017-10-19,1.179523468017578,26.07799911499023,57.375301361083984,1286.9000244140625
2017-10-20,1.184805989265442,26.208999633789062,57.23820114135742,1277.4000244140625
2017-10-23,1.175364375114441,26.344999313354492,57.5447998046875,1277.699951171875
2017-10-24,1.1759172677993774,26.31999969482422,57.488399505615234,1275.0
2017-10-25,1.1759034395217896,26.426000595092773,57.61520004272461,1275.4000244140625
2017-10-26,1.182075023651123,26.43600082397461,57.715301513671875,1266.300048828125
2017-10-27,1.163724422454834,26.941999435424805,57.84090042114258,1268.5
2017-10-30,1.160456299781799,26.607999801635746,58.09640121459961,1274.0999755859375
2017-10-31,1.1652703285217283,26.548999786376953,57.90019989013672,1267.0
2017-11-01,1.165175199508667,26.579999923706055,58.229698181152344,1274.0999755859375
2017-11-02,1.1628718376159668,26.67099952697754,58.20980072021485,1274.9000244140625
2017-11-03,1.1661807298660278,26.66900062561035,58.261600494384766,1266.5
2017-11-06,1.1614941358566284,26.801000595092773,58.93330001831055,1279.4000244140625
2017-11-07,1.1612648963928225,26.506000518798828,58.25590133666992,1273.699951171875
2017-11-08,1.1601063013076782,26.424999237060547,59.34090042114258,1281.5999755859375
2017-11-09,1.15968918800354,26.375999450683594,59.11100006103515,1285.5999755859375
2017-11-10,1.164686679840088,26.280000686645508,59.310001373291016,1272.4000244140625
2017-11-13,1.166112780570984,26.19499969482422,59.19990158081055,1277.300048828125
2017-11-14,1.1664936542510986,26.209999084472656,59.36759948730469,1281.5
2017-11-15,1.1792869567871094,26.089000701904297,60.3109016418457,1276.5
2017-11-16,,,,1277.4000244140625
2017-11-17,1.177745342254639,26.197999954223633,59.664398193359375,1295.800048828125
2017-11-20,1.1731857061386108,26.23200035095215,59.0989990234375,1274.5999755859375
2017-11-21,1.174122333526611,26.31800079345703,59.36869812011719,1281.0999755859375
2017-11-22,1.173722743988037,26.24099922180176,59.1057014465332,1291.5999755859375
2017-11-23,1.1814744472503662,26.27899932861328,58.38090133666992,
2017-11-24,1.1853959560394287,26.56399917602539,58.42060089111328,1286.699951171875
2017-11-27,1.1926485300064087,26.4689998626709,58.375,1293.800048828125
2017-11-28,1.1904903650283811,26.665000915527344,58.43489837646485,1294.699951171875
2017-11-29,1.184805989265442,26.73900032043457,58.383201599121094,1282.0999755859375
2017-11-30,1.18519926071167,26.767000198364254,58.59669876098633,1273.199951171875
2017-12-01,1.1898245811462402,26.7549991607666,58.44779968261719,1278.800048828125
2017-12-04,1.1859863996505735,26.86000061035156,58.801700592041016,1274.300048828125
2017-12-05,1.1867746114730835,26.95299911499023,58.770999908447266,1261.5999755859375
2017-12-06,1.1832919120788574,26.961000442504883,58.76340103149414,1262.800048828125
2017-12-07,1.1804285049438477,26.87700080871582,59.15530014038086,1249.800048828125
2017-12-08,1.1772184371948242,26.881000518798828,59.196800231933594,1245.199951171875
2017-12-11,1.176996827125549,26.77199935913086,59.07979965209961,1243.699951171875
2017-12-12,1.1777591705322266,26.9060001373291,58.912899017333984,1238.5
2017-12-13,1.1742602586746216,27.01799964904785,59.18429946899414,1245.4000244140625
2017-12-14,1.1835860013961792,26.805999755859375,58.550201416015625,1253.800048828125
2017-12-15,1.1774957180023191,27.30699920654297,58.811500549316406,1254.300048828125
2017-12-18,1.1743566989898682,27.527999877929688,58.595001220703125,1262.199951171875
2017-12-19,1.1784253120422363,27.61000061035156,58.63990020751953,1260.699951171875
2017-12-20,1.1841325759887695,27.57200050354004,58.74369812011719,1266.0999755859375
2017-12-21,1.1878176927566528,27.52199935913086,58.69770050048828,1267.300048828125
2017-12-22,1.185733199119568,27.631999969482425,58.410301208496094,1275.4000244140625
2017-12-25,1.1856067180633545,27.687000274658203,58.285499572753906,
2017-12-26,1.187253713607788,27.663000106811523,58.03770065307617,1284.0999755859375
2017-12-27,1.1857894659042358,27.697999954223633,57.63719940185547,1287.0
2017-12-28,1.1900794506072998,27.71299934387207,57.74169921875,1294.0999755859375
2017-12-29,1.1941723823547363,27.89800071716309,57.56890106201172,1306.300048828125
2018-01-01,1.200494647026062,27.86400032043457,57.60480117797851,
2018-01-02,1.2011579275131226,27.839000701904297,57.58300018310547,1313.699951171875
2018-01-03,1.2063454389572144,27.913999557495117,57.52799987792969,1316.199951171875
2018-01-04,1.2010425329208374,27.62299919128418,57.11930084228515,1319.4000244140625
2018-01-05,1.2068840265274048,27.73699951171875,56.9723014831543,1320.300048828125
2018-01-08,1.2037460803985596,27.983999252319336,56.98899841308594,1318.5999755859375
2018-01-09,1.1970456838607788,28.007999420166016,57.09090042114258,1311.699951171875
2018-01-10,1.1929330825805664,27.95299911499023,56.859901428222656,1317.4000244140625
2018-01-11,1.195614457130432,28.224000930786133,57.02090072631836,1320.5999755859375
2018-01-12,1.2042099237442017,28.003000259399418,56.50320053100586,1333.4000244140625
2018-01-15,1.2192296981811523,28.11000061035156,56.54869842529297,
2018-01-16,1.2268433570861816,28.29800033569336,56.310001373291016,1335.4000244140625
2018-01-17,1.227129340171814,28.26799964904785,56.445899963378906,1338.0
2018-01-18,1.218397855758667,28.500999450683594,56.8650016784668,1326.0
2018-01-19,1.2236607074737549,28.552000045776367,56.49369812011719,1331.9000244140625
2018-01-22,1.2255502939224243,28.736000061035156,56.592498779296875,1330.9000244140625
2018-01-23,1.2256253957748413,28.68400001525879,56.46039962768555,1335.699951171875
2018-01-24,1.2310267686843872,28.68400001525879,56.347198486328125,1355.9000244140625
2018-01-25,1.239111304283142,28.683900833129883,56.18360137939453,1362.4000244140625
2018-01-26,1.239234209060669,28.68400001525879,55.88069915771485,1351.5999755859375
2018-01-29,1.2428072690963743,28.684099197387695,56.207000732421875,
2018-01-30,1.2381141185760498,28.308500289916992,56.279598236083984,1335.4000244140625
2018-01-31,1.2409565448760986,28.3085994720459,56.31779861450195,1339.0
2018-02-01,1.241865873336792,27.50749969482422,56.1786994934082,1344.300048828125
2018-02-02,1.2510008811950684,27.521900177001953,55.942901611328125,1333.699951171875
2018-02-05,1.244694471359253,27.521900177001953,56.41400146484375,1333.0
2018-02-06,1.2367818355560305,27.521900177001953,57.2864990234375,1326.0999755859375
2018-02-07,1.238129496574402,27.521900177001953,56.84709930419922,1311.5999755859375
2018-02-08,1.2268133163452148,26.86000061035156,57.809600830078125,1316.9000244140625
2018-02-09,1.2260762453079224,26.86009979248047,58.283599853515625,1313.0999755859375
2018-02-12,1.2252799272537231,26.793500900268555,58.31769943237305,1324.199951171875
2018-02-13,1.2303755283355713,26.58049964904785,57.75130081176758,1328.0999755859375
2018-02-14,1.235376238822937,26.580400466918945,57.61800003051758,1355.5
2018-02-15,1.2467273473739624,26.58049964904785,56.69440078735352,1352.0999755859375
2018-02-16,1.2503595352172852,26.58049964904785,56.38679885864258,1353.199951171875
2018-02-19,1.241187572479248,26.58060073852539,56.44100189208984,
2018-02-20,1.2398641109466553,26.920000076293945,56.37820053100586,1328.800048828125
2018-02-21,1.233532428741455,26.91990089416504,56.51409912109375,1330.0
2018-02-22,1.2281843423843384,26.920000076293945,56.713401794433594,1330.5999755859375
2018-02-23,1.2326656579971311,26.92009925842285,56.46500015258789,1328.199951171875
2018-02-26,1.228712558746338,26.746999740600582,56.322601318359375,1330.699951171875
2018-02-27,1.2315573692321775,26.70299911499023,55.62879943847656,1315.5
2018-02-28,1.2230321168899536,26.70299911499023,56.219200134277344,1315.5
2018-03-01,1.2191256284713743,26.70299911499023,56.32059860229492,1302.9000244140625
2018-03-02,1.2270842790603638,26.70299911499023,56.78680038452149,1321.0999755859375
2018-03-05,1.2315422296524048,26.27750015258789,56.952999114990234,1318.0999755859375
2018-03-06,1.2336541414260864,26.27750015258789,56.41279983520508,1333.5999755859375
2018-03-07,1.2416653633117676,26.27750015258789,56.83760070800781,1326.0
2018-03-08,1.2414649724960327,26.27750015258789,56.78770065307617,1319.9000244140625
2018-03-09,1.2306632995605469,25.848499298095703,57.08259963989258,1322.4000244140625
2018-03-12,1.2308752536773682,25.858999252319336,56.65349960327149,1319.4000244140625
2018-03-13,1.2339584827423096,25.806400299072266,56.86640167236328,1325.9000244140625
2018-03-14,1.239234209060669,25.80660057067871,57.04389953613281,1324.4000244140625
2018-03-15,1.2375624179840088,25.80660057067871,56.93769836425781,1316.800048828125
2018-03-16,1.2309207916259766,25.80660057067871,57.41180038452149,1311.300048828125
2018-03-19,1.228078842163086,25.93160057067871,57.46049880981445,1316.800048828125
2018-03-20,1.233684539794922,26.11750030517578,57.72880172729492,1311.0999755859375
2018-03-21,1.2251899242401123,26.049999237060547,57.503299713134766,1320.699951171875
2018-03-22,1.234766125679016,26.035999298095703,56.83570098876953,1326.5999755859375
2018-03-23,1.2324985265731812,26.03949928283691,57.31039810180664,1349.300048828125
2018-03-26,1.235437273979187,25.9950008392334,57.11650085449219,1354.4000244140625
2018-03-27,1.2457488775253296,26.01849937438965,57.215301513671875,1341.300048828125
2018-03-28,1.240787148475647,26.05699920654297,57.40560150146485,1324.199951171875
2018-03-29,1.2310267686843872,26.046499252319336,57.71870040893555,1322.800048828125
2018-03-30,1.2302846908569336,26.237499237060547,57.25419998168945,
2018-04-02,1.231420874595642,26.225000381469727,57.11159896850586,1342.0999755859375
2018-04-03,1.229271411895752,26.26499938964844,57.436798095703125,1332.800048828125
2018-04-04,1.2278525829315186,26.299999237060547,57.624000549316406,1335.800048828125
2018-04-05,1.228682279586792,26.025999069213867,57.66899871826172,1324.300048828125
2018-04-06,1.2251598834991455,26.022899627685547,57.63249969482422,1331.9000244140625
2018-04-09,1.227144479751587,26.022899627685547,58.06850051879883,1336.300048828125
2018-04-10,1.2322403192520142,25.663999557495117,60.61899948120117,1342.0
2018-04-11,1.2363078594207764,25.676000595092773,62.91579818725586,1356.5
2018-04-12,1.2371643781661987,25.66699981689453,62.410099029541016,1338.4000244140625
2018-04-13,1.2329696416854858,25.7450008392334,62.016300201416016,1344.800048828125
2018-04-16,1.233258605003357,25.75950050354004,62.01499938964844,1347.5
2018-04-17,1.2385127544403076,25.83449935913086,61.222801208496094,1347.199951171875
2018-04-18,1.237317442893982,25.83049964904785,61.51470184326172,1351.199951171875
2018-04-19,1.237914800643921,25.832500457763672,60.83570098876953,1346.800048828125
2018-04-20,1.2345526218414309,25.98240089416504,60.954200744628906,1336.699951171875
2018-04-23,1.2273402214050293,25.89800071716309,61.36199951171875,1322.5
2018-04-24,1.22089684009552,25.972900390625,61.781700134277344,1331.4000244140625
2018-04-25,1.2241400480270386,25.862499237060547,61.5099983215332,1321.199951171875
2018-04-26,1.2171669006347656,25.862499237060547,62.400901794433594,1316.300048828125
2018-04-27,1.2109616994857788,25.971500396728516,62.676300048828125,1320.300048828125
2018-04-30,1.2122827768325806,25.982500076293945,62.3202018737793,1316.199951171875
2018-05-01,1.2081234455108645,25.992000579833984,62.933101654052734,1303.800048828125
2018-05-02,1.1991558074951172,26.01449966430664,63.39799880981445,1302.5999755859375
2018-05-03,1.19510018825531,26.01449966430664,63.75149917602539,1310.699951171875
2018-05-04,1.1989257335662842,26.01099967956543,62.95069885253906,1312.699951171875
2018-05-07,1.195500135421753,26.058000564575195,62.4453010559082,1312.199951171875
2018-05-08,1.1933743953704834,26.108999252319336,62.8754997253418,1312.0
2018-05-09,1.1867886781692505,25.99049949645996,63.46149826049805,1311.300048828125
2018-05-10,1.184721827507019,26.00510025024414,63.026100158691406,1320.800048828125
2018-05-11,1.1917530298233032,26.005199432373047,61.700401306152344,1319.0
2018-05-14,1.1952143907546997,25.909000396728516,61.767601013183594,1316.5
2018-05-15,1.1931180953979492,25.906999588012695,61.82059860229492,1288.9000244140625
2018-05-16,1.1820889711380005,25.965999603271484,62.23600006103515,1290.199951171875
2018-05-17,1.1816978454589844,25.99049949645996,61.649600982666016,1288.199951171875
2018-05-18,1.179523468017578,25.936500549316406,62.13290023803711,1290.199951171875
2018-05-21,1.1766643524169922,25.8700008392334,62.34349822998047,1290.199951171875
2018-05-22,1.1792453527450562,25.93199920654297,61.53120040893555,1291.699951171875
2018-05-23,1.1788560152053833,25.788999557495117,61.198001861572266,1289.300048828125
2018-05-24,1.1710150241851809,25.8435001373291,61.285499572753906,1303.699951171875
2018-05-25,1.1722642183303833,25.871999740600582,61.5265007019043,1303.300048828125
2018-05-28,1.1688934564590454,25.866500854492188,62.142799377441406,
2018-05-29,1.162696123123169,25.90449905395508,62.289798736572266,1298.699951171875
2018-05-30,1.1539349555969238,25.86599922180176,62.86669921875,1301.5
2018-05-31,1.1667250394821167,25.86400032043457,62.09700012207031,1300.0999755859375
2018-06-01,1.1693171262741089,25.86000061035156,62.30440139770508,1294.800048828125
2018-06-04,1.1668611764907837,25.951000213623047,62.150299072265625,1293.0999755859375
2018-06-05,1.1700559854507446,25.934999465942383,62.02090072631836,1297.5
2018-06-06,1.1726216077804563,25.9375,62.07160186767578,1297.0999755859375
2018-06-07,1.178550362586975,25.9060001373291,61.67660140991211,1298.699951171875
2018-06-08,1.179523468017578,25.91449928283691,62.34149932861328,1298.0999755859375
2018-06-11,1.1783976554870603,25.785999298095703,62.38399887084961,1298.9000244140625
2018-06-12,1.177412509918213,25.815000534057617,62.75849914550781,1295.0999755859375
2018-06-13,1.17482590675354,25.840499877929688,63.04010009765625,1296.9000244140625
2018-06-14,1.1807769536972046,25.875,62.54349899291992,1304.0
2018-06-15,1.1566576957702637,26.013999938964844,62.5620002746582,1274.5999755859375
2018-06-18,1.159595012664795,26.118999481201172,62.980201721191406,1276.199951171875
2018-06-19,1.163074612617493,26.083499908447266,63.37310028076172,1275.5999755859375
2018-06-20,1.1588560342788696,26.195499420166016,63.808799743652344,1271.199951171875
2018-06-21,1.1579033136367798,26.243499755859375,63.56169891357422,1267.199951171875
2018-06-22,1.1605775356292725,26.048999786376953,63.84389877319336,1267.4000244140625
2018-06-25,1.1661399602890017,25.982500076293945,62.94200134277344,1265.5999755859375
2018-06-26,1.1702749729156494,25.879499435424805,62.75350189208984,1256.5999755859375
2018-06-27,1.1650259494781494,25.969999313354492,63.0786018371582,1252.800048828125
2018-06-28,1.1563634872436523,26.065500259399418,63.095001220703125,1247.800048828125
2018-06-29,1.1562966108322144,26.06800079345703,62.83390045166016,1251.300048828125
2018-07-02,1.1678558588027954,26.12339973449707,62.93899917602539,1239.800048828125
2018-07-03,1.1642121076583862,25.977500915527344,63.80540084838867,1251.5999755859375
2018-07-04,1.1659224033355713,26.045499801635746,63.11650085449219,
2018-07-05,1.166235089302063,26.018999099731445,63.330101013183594,1257.300048828125
2018-07-06,1.1695905923843384,26.09199905395508,63.150001525878906,1254.300048828125
2018-07-09,1.1752262115478516,25.981000900268555,62.90409851074219,1258.0999755859375
2018-07-10,1.1756960153579712,25.97100067138672,62.37710189819336,1253.800048828125
2018-07-11,1.1727042198181152,25.965999603271484,61.7593994140625,1242.800048828125
2018-07-12,1.1676785945892334,26.03700065612793,62.33530044555664,1245.0
2018-07-13,1.1665889024734497,25.979999542236328,62.21910095214844,1239.5999755859375
2018-07-16,1.1679104566574097,25.97100067138672,62.48500061035156,1238.0999755859375
2018-07-17,1.170946478843689,25.957000732421875,62.3120002746582,1225.699951171875
2018-07-18,1.1653246879577637,25.979999542236328,62.61970138549805,1226.300048828125
2018-07-19,1.164564609527588,26.070999145507812,62.99909973144531,1222.4000244140625
2018-07-20,1.1655147075653076,26.013999938964844,63.58140182495117,1229.5
2018-07-23,1.1741912364959717,26.003999710083008,63.36819839477539,1224.0
2018-07-24,1.1694128513336182,26.000999450683594,62.94540023803711,1223.9000244140625
2018-07-25,1.1685519218444824,26.3439998626709,63.34310150146485,1231.4000244140625
2018-07-26,1.1737502813339231,26.37700080871582,62.79109954833984,1225.300048828125
2018-07-27,1.16429340839386,26.3799991607666,62.91849899291992,1222.5999755859375
2018-07-30,1.16604483127594,26.527000427246097,62.69660186767578,1221.300048828125
2018-07-31,1.170740842819214,26.472999572753903,62.20640182495117,1223.699951171875
2018-08-01,1.168961763381958,26.60199928283691,62.21689987182617,1217.9000244140625
2018-08-02,1.1665889024734497,26.714000701904297,62.94329833984375,1210.5999755859375
2018-08-03,1.1586008071899414,26.792999267578125,63.29090118408203,1214.199951171875
2018-08-06,1.1562297344207764,26.858999252319336,63.305301666259766,1208.5999755859375
2018-08-07,1.1558021306991575,26.833999633789062,63.68539810180664,1209.5999755859375
2018-08-08,1.1602946519851685,26.74799919128418,63.482200622558594,1212.5999755859375
2018-08-09,1.1610760688781738,26.70599937438965,65.5624008178711,1211.9000244140625
2018-08-10,1.1523923873901367,26.89800071716309,66.56320190429688,1211.0999755859375
2018-08-13,1.1394712924957275,26.89800071716309,67.81520080566406,1191.300048828125
2018-08-14,1.1402509212493896,27.128000259399418,67.59159851074219,1193.0
2018-08-15,1.134571552276611,27.232999801635746,66.84400177001953,1177.5
2018-08-16,1.134429931640625,27.211000442504883,67.28780364990234,1176.199951171875
2018-08-17,1.1371389627456665,27.145000457763672,66.83450317382812,1176.5
2018-08-20,1.1437721252441406,27.697999954223633,67.0458984375,1186.800048828125
2018-08-21,1.149134635925293,27.42799949645996,66.96170043945312,1192.5999755859375
2018-08-22,1.1576753854751587,27.44700050354004,67.26899719238281,1196.300048828125
2018-08-23,1.1584800481796265,27.590999603271484,68.02200317382812,1187.0
2018-08-24,1.154334545135498,27.61400032043457,68.19920349121094,1206.300048828125
2018-08-27,1.164890170097351,27.47699928283691,67.11470031738281,1209.0
2018-08-28,1.1683608293533323,27.61400032043457,67.43579864501953,1207.4000244140625
2018-08-29,1.1691256761550903,27.61400032043457,67.77649688720703,1204.5
2018-08-30,1.1709738969802856,27.88999938964844,67.90979766845703,1197.699951171875
2018-08-31,1.1664663553237915,27.88999938964844,68.20269775390625,1200.300048828125
2018-09-03,1.1601063013076782,28.010000228881836,67.55899810791016,
2018-09-04,1.161548137664795,28.166000366210938,67.89839935302734,1192.699951171875
2018-09-05,1.1586545705795288,28.17200088500977,68.13400268554688,1194.9000244140625
2018-09-06,1.1635212898254397,28.156999588012695,68.14900207519531,1197.9000244140625
2018-09-07,1.162006974220276,27.98699951171875,69.14579772949219,1193.5999755859375
2018-09-10,1.1561094522476196,28.030000686645508,69.70279693603516,1193.0
2018-09-11,1.159595012664795,28.030000686645508,70.53730010986328,1195.4000244140625
2018-09-12,1.1596084833145142,27.83300018310547,69.3749008178711,1204.699951171875
2018-09-13,1.1629259586334229,27.809999465942383,68.90809631347656,1202.0
2018-09-14,1.169180393218994,27.809999465942383,68.23889923095703,1195.0
2018-09-17,1.1628988981246948,27.906999588012695,68.00579833984375,1199.699951171875
2018-09-18,1.1669156551361084,27.906999588012695,68.13040161132812,1196.800048828125
2018-09-19,1.167992353439331,27.895000457763672,67.33470153808594,1202.199951171875
2018-09-20,1.167460560798645,27.854000091552734,66.79019927978516,1206.199951171875
2018-09-21,1.1775927543640137,27.81599998474121,66.33619689941406,1196.199951171875
2018-09-24,1.1751019954681396,27.777000427246097,66.56269836425781,1199.300048828125
2018-09-25,1.175295352935791,27.868000030517575,65.87129974365234,1200.0
2018-09-26,1.1763184070587158,27.86599922180176,65.7344970703125,1194.0
2018-09-27,1.1748534440994265,27.86599922180176,65.8125,1182.300048828125
2018-09-28,1.1637378931045532,28.07200050354004,65.53600311279297,1191.5
2018-10-01,1.1605371236801147,28.020999908447266,65.58350372314453,1187.0999755859375
2018-10-02,1.157755732536316,28.020999908447266,64.9364013671875,1202.4000244140625
2018-10-03,1.1551746129989624,28.0310001373291,65.38829803466797,1198.300048828125
2018-10-04,1.147631287574768,28.0310001373291,65.89759826660156,1197.199951171875
2018-10-05,1.1518083810806274,28.0310001373291,66.81839752197266,1201.199951171875
2018-10-08,1.1522595882415771,27.736000061035156,66.56790161132812,1184.4000244140625
2018-10-09,1.1494120359420776,27.77400016784668,66.63269805908203,1187.199951171875
2018-10-10,1.1506949663162231,27.77899932861328,66.20179748535156,1189.300048828125
2018-10-11,1.1533360481262207,27.753000259399418,66.90070343017578,1223.5
2018-10-12,1.1590440273284912,27.739999771118164,66.21980285644531,1218.0999755859375
2018-10-15,1.1551345586776731,27.66200065612793,65.95770263671875,1226.4000244140625
2018-10-16,1.1583458185195925,27.68199920654297,65.53990173339844,1227.300048828125
2018-10-17,1.1575279235839844,27.677000045776367,65.28790283203125,1223.699951171875
2018-10-18,1.1500862836837769,27.674999237060547,65.51360321044922,1226.5
2018-10-19,1.1460003852844238,27.792999267578125,65.78350067138672,1225.300048828125
2018-10-22,1.1509466171264648,27.933000564575195,65.51679992675781,1221.199951171875
2018-10-23,1.1467890739440918,27.834999084472656,65.1675033569336,1233.4000244140625
2018-10-24,1.147315263748169,27.90999984741211,65.51509857177734,1227.800048828125
2018-10-25,1.139925837516785,27.90999984741211,65.52200317382812,1229.0999755859375
2018-10-26,1.1377859115600586,28.090999603271484,65.49449920654297,1232.5
2018-10-29,1.1398738622665403,27.878000259399418,65.78109741210938,1224.5
2018-10-30,1.137617588043213,27.93000030517578,65.77890014648438,1222.5999755859375
2018-10-31,1.1346358060836792,27.923999786376953,65.47200012207031,1212.300048828125
2018-11-01,1.1316697597503662,27.91699981689453,65.71479797363281,1236.0
2018-11-02,1.140328884124756,27.92099952697754,65.65119934082031,1230.9000244140625
2018-11-05,1.1397570371627808,27.92099952697754,66.06159973144531,1229.800048828125
2018-11-06,1.141291856765747,27.78700065612793,66.02989959716797,1223.800048828125
2018-11-07,1.1438506841659546,27.78700065612793,66.01300048828125,1226.199951171875
2018-11-08,1.1434059143066406,27.66900062561035,66.15750122070312,1222.9000244140625
2018-11-09,1.1368415355682373,27.72800064086914,66.86830139160156,1206.4000244140625
2018-11-12,1.132502794265747,27.72800064086914,67.85340118408203,1201.300048828125
2018-11-13,1.123342990875244,27.66900062561035,67.81880187988281,1199.199951171875
2018-11-14,1.1311193704605105,27.645000457763672,67.9385986328125,1207.9000244140625
2018-11-15,1.131183385848999,27.579999923706055,67.05809783935547,1212.800048828125
2018-11-16,1.1324899196624756,27.704999923706055,65.87200164794922,1220.800048828125
2018-11-19,1.141396164894104,27.275999069213867,65.99019622802734,1223.0999755859375
2018-11-20,1.1455016136169434,27.31800079345703,65.55760192871094,1219.0
2018-11-21,1.1372424364089966,27.31800079345703,66.05059814453125,1225.800048828125
2018-11-22,1.1388354301452637,27.51300048828125,65.66619873046875,
2018-11-23,1.1403158903121948,27.492000579833984,65.59729766845703,1221.0
2018-11-26,1.133735418319702,27.499000549316406,66.50659942626953,1220.199951171875
2018-11-27,1.1333370208740234,27.643999099731445,67.089599609375,1211.199951171875
2018-11-28,1.1298797130584717,27.867000579833984,67.01730346679688,1221.4000244140625
2018-11-29,1.1368545293807983,28.042999267578125,66.9175033569336,1224.0999755859375
2018-11-30,1.1392766237258911,28.042999267578125,66.0697021484375,1220.199951171875
2018-12-03,1.1342240571975708,28.048999786376953,66.706298828125,1233.9000244140625
2018-12-04,1.135486125946045,28.01499938964844,66.5521011352539,1241.0999755859375
2018-12-05,1.1342884302139282,27.80299949645996,66.80999755859375,
2018-12-06,1.13490629196167,27.80299949645996,66.48819732666016,1238.0999755859375
2018-12-07,1.1374752521514893,27.621999740600582,66.81230163574219,1246.800048828125
2018-12-10,1.1400948762893677,27.621999740600582,66.32589721679688,1243.699951171875
2018-12-11,1.1356538534164429,27.474000930786133,66.65390014648438,1241.9000244140625
2018-12-12,1.1323105096817017,27.474000930786133,66.36620330810547,1244.4000244140625
2018-12-13,1.1373459100723269,27.474000930786133,66.37740325927734,1242.699951171875
2018-12-14,1.1363636255264282,27.474000930786133,66.31590270996094,1237.0
2018-12-17,1.1305949687957764,27.474000930786133,66.64070129394531,1247.4000244140625
2018-12-18,1.1349835395812988,27.643999099731445,66.63739776611328,1249.199951171875
2018-12-19,1.137539982795715,27.650999069213867,67.39520263671875,1252.0999755859375
2018-12-20,1.138952136039734,27.43600082397461,67.41200256347656,1263.5999755859375
2018-12-21,1.1456853151321411,27.29700088500977,68.24749755859375,1253.800048828125
2018-12-24,1.1372811794281006,27.36599922180176,68.7208023071289,1267.5
2018-12-25,1.140393853187561,27.13999938964844,68.61380004882812,
2018-12-26,1.1415525674819946,27.13999938964844,68.72039794921875,1269.199951171875
2018-12-27,1.1361312866210938,27.13999938964844,68.64790344238281,1277.300048828125
2018-12-28,1.143105387687683,27.13999938964844,69.55719757080078,1279.9000244140625
2018-12-31,1.1439945697784424,27.13999938964844,69.52120208740234,1278.300048828125
2019-01-01,1.1493064165115356,27.47100067138672,69.17400360107422,
2019-01-02,1.14617121219635,27.47100067138672,68.89250183105469,1281.0
2019-01-03,1.1318106651306152,27.47100067138672,69.02580261230469,1291.800048828125
2019-01-04,1.1391078233718872,27.47100067138672,68.85910034179688,1282.699951171875
2019-01-07,1.1410444974899292,27.47100067138672,67.56600189208984,1286.800048828125
2019-01-08,1.1479737758636477,27.525999069213867,66.74829864501953,1283.199951171875
2019-01-09,1.1456066370010376,27.525999069213867,66.8864974975586,1289.300048828125
2019-01-10,1.1554949283599854,27.525999069213867,66.65270233154297,1284.699951171875
2019-01-11,1.151012897491455,28.025999069213867,66.86720275878906,1287.0999755859375
2019-01-14,1.146013617515564,28.025999069213867,66.85220336914062,1289.0999755859375
2019-01-15,1.1472889184951782,27.781999588012695,66.98539733886719,1286.199951171875
2019-01-16,1.1416828632354736,27.924999237060547,67.01349639892578,1291.5999755859375
2019-01-17,1.1398088932037354,27.780000686645508,66.31600189208984,1291.0
2019-01-18,1.13926362991333,27.7810001373291,66.3467025756836,1281.300048828125
2019-01-21,1.1365574598312378,27.70599937438965,66.20490264892578,
2019-01-22,1.136932134628296,27.714000701904297,66.3635025024414,1282.5
2019-01-23,1.1364023685455322,27.56800079345703,66.4761962890625,1283.0999755859375
2019-01-24,1.1388224363327026,27.645999908447266,66.03710174560547,1279.0999755859375
2019-01-25,1.1313496828079224,27.52400016784668,65.73040008544922,1297.4000244140625
2019-01-28,1.1413049697875977,27.38599967956543,65.74629974365234,1302.4000244140625
2019-01-29,1.143000841140747,27.534000396728516,66.20980072021484,1308.199951171875
2019-01-30,1.1435366868972778,27.548999786376953,65.96330261230469,1309.9000244140625
2019-01-31,1.1487650871276855,27.49099922180176,65.41439819335938,1319.699951171875
2019-02-01,1.1449507474899292,27.535999298095703,65.36329650878906,1316.9000244140625
2019-02-04,1.1455278396606443,27.288000106811523,65.45179748535156,1314.300048828125
2019-02-05,1.1436283588409424,27.14800071716309,65.54129791259766,1314.199951171875
2019-02-06,1.140992522239685,26.958999633789062,65.60710144042969,1309.5
2019-02-07,1.1365960836410522,26.969999313354492,65.77749633789062,1309.4000244140625
2019-02-08,1.1338768005371094,26.969999313354492,65.8936996459961,1313.699951171875
2019-02-11,1.1324259042739868,26.825000762939453,65.40029907226562,1307.0
2019-02-12,1.1279042959213257,26.86599922180176,65.77030181884766,1309.199951171875
2019-02-13,1.1334655284881592,26.86599922180176,65.8301010131836,1310.800048828125
2019-02-14,1.12649405002594,26.86599922180176,66.51580047607422,1309.800048828125
2019-02-15,1.1295350790023804,27.027000427246097,66.6229019165039,1318.0999755859375
2019-02-18,1.1298030614852903,26.986000061035156,66.2052993774414,
2019-02-19,1.131196141242981,26.92300033569336,66.20269775390625,1340.0999755859375
2019-02-20,1.1343011856079102,26.927000045776367,65.76570129394531,1343.300048828125
2019-02-21,1.1346358060836792,26.926000595092773,65.62989807128906,1323.5
2019-02-22,1.1343011856079102,26.77300071716309,65.64990234375,1329.199951171875
2019-02-25,1.1342240571975708,26.746999740600582,65.40450286865234,1325.9000244140625
2019-02-26,1.1367511749267578,26.68000030517578,65.56790161132812,1325.0999755859375
2019-02-27,1.139315485954285,26.7549991607666,65.64810180664062,1317.699951171875
2019-02-28,1.1380189657211304,26.711999893188477,65.72579956054688,1312.800048828125
2019-03-01,1.1373459100723269,26.62700080871582,65.82559967041016,1296.4000244140625
2019-03-04,1.1375917196273804,26.586999893188477,65.82469940185547,1284.800048828125
2019-03-05,1.133735418319702,26.579999923706055,65.65910339355469,1282.0
2019-03-06,1.1307101249694824,26.6200008392334,65.78939819335938,1284.9000244140625
2019-03-07,1.1314009428024292,26.201000213623047,65.92410278320312,1283.800048828125
2019-03-08,1.1198333501815796,26.11199951171875,66.25389862060547,1297.0
2019-03-11,1.1232421398162842,26.06100082397461,66.34970092773438,1288.800048828125
2019-03-12,1.1259232759475708,26.08300018310547,65.83110046386719,1296.300048828125
2019-03-13,1.1287446022033691,26.17799949645996,65.58350372314453,1307.5
2019-03-14,1.133105993270874,26.49799919128418,65.33769989013672,1293.4000244140625
2019-03-15,1.1308379173278809,26.631000518798828,65.44309997558594,1301.800048828125
2019-03-18,1.1319772005081177,26.614999771118164,64.7957992553711,1300.300048828125
2019-03-19,1.133619785308838,26.915000915527344,64.33059692382812,1305.0
2019-03-20,1.135486125946045,26.923999786376953,64.3302001953125,1300.5
2019-03-21,1.1427918672561646,26.89900016784668,63.80070114135742,1306.0999755859375
2019-03-22,1.1375011205673218,26.950000762939453,63.79399871826172,1311.5999755859375
2019-03-25,1.129586100578308,26.582000732421875,64.50129699707031,1321.9000244140625
2019-03-26,1.131580114364624,26.68600082397461,64.01950073242188,1314.300048828125
2019-03-27,1.127484679222107,26.775999069213867,64.30690002441406,1309.9000244140625
2019-03-28,1.1251758337020874,26.84199905395508,64.81559753417969,1289.800048828125
2019-03-29,1.1230024099349976,26.84199905395508,64.90869903564453,1293.0
2019-04-01,1.1223849058151243,27.0,65.60220336914062,1288.4000244140625
2019-04-02,1.1205737590789795,26.89900016784668,65.21109771728516,1290.0
2019-04-03,1.1203854084014893,26.92799949645996,65.31659698486328,1289.9000244140625
2019-04-04,1.1246949434280396,26.812999725341797,65.18280029296875,1289.0
2019-04-05,1.1225864887237549,26.65999984741211,65.39289855957031,1290.4000244140625
2019-04-08,1.121956706047058,26.791000366210938,65.3634033203125,1297.0999755859375
2019-04-09,1.1256444454193115,26.375,64.87419891357422,1303.5
2019-04-10,1.126697063446045,26.444000244140625,64.86250305175781,1309.0999755859375
2019-04-11,1.127650022506714,26.56999969482422,64.23919677734375,1288.5999755859375
2019-04-12,1.1260753870010376,26.56599998474121,64.5687026977539,1290.5999755859375
2019-04-15,1.1305055618286133,26.447999954223633,64.34760284423828,1286.800048828125
2019-04-16,1.1304928064346311,26.518999099731445,64.30870056152344,1272.5999755859375
2019-04-17,1.128502607345581,26.468000411987305,64.01699829101562,1272.199951171875
2019-04-18,1.129713773727417,26.44499969482422,63.854400634765625,1271.9000244140625
2019-04-19,1.1235954761505127,26.60700035095215,63.89609909057617,
2019-04-22,1.1244546175003052,26.645000457763672,63.98809814453125,1273.5
2019-04-23,1.1258978843688965,26.608999252319336,63.78450012207031,1269.300048828125
2019-04-24,1.122435212135315,26.39900016784668,63.669700622558594,1275.5
2019-04-25,1.1153494119644165,26.33099937438965,64.38710021972656,1275.800048828125
2019-04-26,1.113684892654419,26.464000701904297,64.6093978881836,1284.9000244140625
2019-04-29,1.1150261163711548,26.093000411987305,64.63150024414062,1278.5999755859375
2019-04-30,1.1185182332992554,26.143999099731445,64.43180084228516,1282.800048828125
2019-05-01,1.121604323387146,26.14900016784668,64.55879974365234,1281.4000244140625
2019-05-02,1.1200841665267944,26.117000579833984,64.7240982055664,1269.699951171875
2019-05-03,1.1173559427261353,26.357999801635746,65.36599731445312,1279.199951171875
2019-05-06,1.1185808181762695,26.357999801635746,65.32689666748047,1281.699951171875
2019-05-07,1.1201846599578855,26.22699928283691,65.2791976928711,1283.5
2019-05-08,1.1191065311431885,26.22100067138672,65.3667984008789,1279.4000244140625
2019-05-09,1.1198333501815796,26.22100067138672,65.02449798583984,1283.5
2019-05-10,1.1222084760665894,25.97699928283691,65.2020034790039,1285.699951171875
2019-05-13,1.1236460208892822,25.933000564575195,65.143798828125,1300.0999755859375
2019-05-14,1.1232547760009766,25.92799949645996,65.28939819335938,1294.699951171875
2019-05-15,1.1204482316970823,25.95199966430664,64.85859680175781,1296.300048828125
2019-05-16,1.1207244396209717,26.11599922180176,64.64440155029297,1285.0
2019-05-17,1.1173559427261353,26.10199928283691,64.6272964477539,1274.5
2019-05-20,1.1165324449539185,26.10700035095215,64.68389892578125,1276.0999755859375
2019-05-21,1.1168566942214966,26.11400032043457,64.46109771728516,1272.0
2019-05-22,,,,1273.5999755859375
2019-05-23,1.1155484914779663,26.05900001525879,64.34559631347656,1284.800048828125
2019-05-24,1.1184556484222412,26.072999954223633,64.82659912109375,1283.0
2019-05-27,1.1209630966186523,26.097999572753903,64.43589782714844,
2019-05-28,1.11938214302063,26.114999771118164,64.3407974243164,1276.5
2019-05-29,1.1170687675476074,26.261999130249023,64.63379669189453,1280.5999755859375
2019-05-30,1.1137346029281616,26.270999908447266,64.9207992553711,1287.0999755859375
2019-05-31,1.1131147146224976,26.697999954223633,65.21389770507812,1305.800048828125
2019-06-03,1.1174057722091677,26.461999893188477,65.5551986694336,1322.699951171875
2019-06-04,1.124631643295288,26.540000915527344,65.3031005859375,1323.4000244140625
2019-06-05,1.1254037618637085,26.895000457763672,65.12999725341797,1328.300048828125
2019-06-06,1.1229015588760376,26.895000457763672,65.27850341796875,1337.5999755859375
2019-06-07,1.127650022506714,26.423999786376953,65.03279876708984,1341.199951171875
2019-06-10,1.1320157051086426,26.28499984741211,64.82839965820312,1324.699951171875
2019-06-11,1.1318106651306152,26.06399917602539,64.70120239257812,1326.4000244140625
2019-06-12,1.1329518556594849,26.10099983215332,64.55030059814453,1331.9000244140625
2019-06-13,1.1295605897903442,26.10099983215332,64.77639770507812,1339.199951171875
2019-06-14,1.128044366836548,26.209999084472656,64.51809692382812,1340.0999755859375
2019-06-17,1.1217050552368164,26.243000030517575,64.32820129394531,1338.699951171875
2019-06-18,1.1224603652954102,26.31100082397461,64.29869842529297,1346.5999755859375
2019-06-19,1.1198208332061768,26.150999069213867,63.95769882202149,1344.5999755859375
2019-06-20,1.1238480806350708,26.14299964904785,63.73199844360352,1392.9000244140625
2019-06-21,1.1295605897903442,26.097000122070312,62.8671989440918,1396.199951171875
2019-06-24,1.1384724378585815,25.88999938964844,63.05699920654297,1414.300048828125
2019-06-25,1.140029788017273,25.77899932861328,62.52989959716797,1414.9000244140625
2019-06-26,1.1369967460632324,25.9060001373291,62.8661003112793,1411.5999755859375
2019-06-27,1.1374752521514893,25.930999755859375,63.00559997558594,1408.4000244140625
2019-06-28,1.1372941732406616,25.930999755859375,63.05739974975586,1409.699951171875
2019-07-01,1.1364928483963013,25.92799949645996,62.95830154418945,1385.5999755859375
2019-07-02,1.1287446022033691,26.031999588012695,62.90840148925781,1404.5999755859375
2019-07-03,1.1293054819107056,25.93400001525879,63.27069854736328,1417.699951171875
2019-07-04,1.128795504570007,25.950000762939453,63.28089904785156,
2019-07-05,1.128579020500183,25.950000762939453,63.43170166015625,1396.699951171875
2019-07-08,1.1227376461029053,25.42099952697754,63.72700119018555,1397.0
2019-07-09,1.121604323387146,25.42099952697754,63.65409851074219,1397.5
2019-07-10,1.120824933052063,25.42099952697754,63.813201904296875,1410.0999755859375
2019-07-11,1.125885248184204,25.42099952697754,63.11600112915039,1404.300048828125
2019-07-12,1.1252391338348389,25.42099952697754,62.79570007324219,1409.9000244140625
2019-07-15,1.1272051334381104,25.42099952697754,63.110198974609375,1411.4000244140625
2019-07-16,1.126176834106445,25.51799964904785,62.64640045166016,1409.199951171875
2019-07-17,1.121227145195007,25.691999435424805,62.96379852294922,1421.300048828125
2019-07-18,1.12296462059021,25.708999633789062,62.902198791503906,1426.0999755859375
2019-07-19,1.1261515617370603,25.708999633789062,62.85409927368164,1425.0999755859375
2019-07-22,1.1218308210372925,25.479999542236328,62.976200103759766,1425.300048828125
2019-07-23,1.1206114292144775,25.534000396728516,63.0010986328125,1420.0999755859375
2019-07-24,1.11512553691864,25.386999130249023,63.16510009765625,1422.800048828125
2019-07-25,1.1142433881759644,25.386999130249023,63.24509811401367,1413.9000244140625
2019-07-26,1.1146159172058103,25.18899917602539,63.15129852294922,1418.5
2019-07-29,1.1132138967514038,25.132999420166016,63.17660140991211,1419.5999755859375
2019-07-30,1.1143054962158203,25.13999938964844,63.41419982910156,1429.699951171875
2019-07-31,1.1157974004745483,25.13999938964844,63.49079895019531,1426.0999755859375
2019-08-01,1.107174515724182,24.849000930786133,63.56460189819336,1420.9000244140625
2019-08-02,1.1078859567642212,25.14800071716309,64.29989624023438,1445.5999755859375
2019-08-05,1.1108025312423706,25.14800071716309,65.22650146484375,1464.5999755859375
2019-08-06,1.1243788003921509,25.45299911499023,65.71990203857422,1472.4000244140625
2019-08-07,1.1206992864608765,25.31999969482422,65.25430297851562,1507.300048828125
2019-08-08,1.12043559551239,25.31999969482422,65.3292007446289,1497.699951171875
2019-08-09,1.1187183856964111,25.003999710083008,65.07720184326172,1496.5999755859375
2019-08-12,1.1208499670028689,25.003999710083008,65.27880096435547,1505.300048828125
2019-08-13,1.1218308210372925,24.94099998474121,65.41259765625,1502.199951171875
2019-08-14,1.1177055835723877,24.906999588012695,64.88050079345703,1515.9000244140625
2019-08-15,1.1143302917480469,25.01300048828125,66.04650115966797,1519.5999755859375
2019-08-16,1.1113580465316772,25.01300048828125,66.05239868164062,1512.5
2019-08-19,1.109385371208191,25.01300048828125,66.35820007324219,1500.4000244140625
2019-08-20,1.1083157062530518,25.01300048828125,66.9352035522461,1504.5999755859375
2019-08-21,1.1097793579101562,24.927000045776367,66.41940307617188,1504.5999755859375
2019-08-22,1.10907781124115,24.905000686645508,65.76629638671875,1497.300048828125
2019-08-23,1.108401656150818,24.905000686645508,65.52950286865234,1526.5999755859375
2019-08-26,1.1143054962158203,24.430999755859375,66.24369812011719,1526.300048828125
2019-08-27,1.1103708744049072,24.665000915527344,66.09320068359375,1541.0
2019-08-28,1.109004020690918,24.90999984741211,66.41130065917969,1537.800048828125
2019-08-29,1.1085859537124634,24.97100067138672,66.74510192871094,1526.5
2019-08-30,1.1061947345733645,24.97699928283691,66.49150085449219,1519.0999755859375
2019-09-02,1.099178910255432,24.97699928283691,66.73799896240234,
2019-09-03,1.0968520641326904,25.025999069213867,66.75679779052734,1545.9000244140625
2019-09-04,1.0974539518356323,25.018999099731445,66.74569702148438,1550.300048828125
2019-09-05,1.10349702835083,25.027999877929688,66.19120025634766,1515.4000244140625
2019-09-06,1.1036310195922852,24.958999633789062,66.16709899902344,1506.199951171875
2019-09-09,1.1020619869232178,24.542999267578125,65.75849914550781,1502.199951171875
2019-09-10,1.1048381328582764,24.676000595092773,65.51470184326172,1490.300048828125
2019-09-11,1.1050333976745603,24.743999481201172,65.31729888916016,1494.4000244140625
2019-09-12,1.101345777511597,24.68899917602539,65.42160034179688,1498.699951171875
2019-09-13,1.1058276891708374,24.518999099731445,64.72859954833984,1490.9000244140625
2019-09-16,1.1083402633666992,24.518999099731445,63.899600982666016,1503.0999755859375
2019-09-17,1.100594401359558,24.518999099731445,63.968299865722656,1505.0999755859375
2019-09-18,1.1074687242507937,24.535999298095703,64.28810119628906,1507.5
2019-09-19,1.1031439304351809,24.406999588012695,64.21089935302734,1498.4000244140625
2019-09-20,1.1048502922058103,24.406999588012695,63.97919845581055,1507.300048828125
2019-09-23,1.1019041538238523,24.16699981689453,63.95249938964844,1523.699951171875
2019-09-24,1.0993722677230835,24.16699981689453,63.76890182495117,1532.0999755859375
2019-09-25,1.1016855239868164,23.979999542236328,64.0000991821289,1504.5999755859375
2019-09-26,1.0952903032302856,23.98500061035156,64.1498031616211,1507.5
2019-09-27,1.0922753810882568,23.98500061035156,64.21510314941406,1499.0999755859375
2019-09-30,1.0942714214324951,23.81800079345703,64.62210083007812,1465.699951171875
2019-10-01,1.0899657011032104,23.878000259399418,64.82050323486328,1482.0
2019-10-02,1.0934937000274658,24.183000564575195,65.22969818115234,1501.0
2019-10-03,1.0963709354400637,24.534000396728516,65.21649932861328,1507.0999755859375
2019-10-04,1.0975382328033447,24.520000457763672,65.07640075683594,1506.199951171875
2019-10-07,1.098659634590149,24.33099937438965,64.66439819335938,1497.699951171875
2019-10-08,1.0972130298614502,24.57699966430664,64.94409942626953,1497.199951171875
2019-10-09,1.0960105657577517,24.43199920654297,65.15540313720703,1506.0999755859375
2019-10-10,1.098780393600464,24.410999298095703,65.01730346679688,1494.800048828125
2019-10-11,1.1011033058166504,24.253999710083008,64.3927001953125,1482.699951171875
2019-10-14,1.1030004024505615,24.361305236816406,64.2396011352539,1491.699951171875
2019-10-15,1.1029006242752075,24.381704330444336,64.25240325927734,1477.5999755859375
2019-10-16,1.1034727096557615,24.49567413330078,64.2781982421875,1488.0
2019-10-17,1.107493281364441,24.55002212524414,64.08270263671875,1492.300048828125
2019-10-18,1.1127183437347412,24.492469787597656,64.06490325927734,1488.199951171875
2019-10-21,1.1155734062194824,24.81400489807129,63.89020156860352,1482.4000244140625
2019-10-22,1.1151753664016724,24.62476921081543,63.725101470947266,1481.699951171875
2019-10-23,1.112928867340088,24.623615264892575,63.6526985168457,1489.9000244140625
2019-10-24,1.1132385730743408,24.70978546142578,63.90380096435547,1498.9000244140625
2019-10-25,1.1103955507278442,24.792707443237305,64.03479766845703,1499.5
2019-10-28,1.108426213264465,24.89169692993164,63.82569885253906,1490.0
2019-10-29,1.1099148988723757,24.856164932250977,63.68349838256836,1487.0
2019-10-30,1.1114816665649414,24.810468673706055,63.94179916381836,1493.199951171875
2019-10-31,1.1154489517211914,24.699663162231445,63.75080108642578,1511.4000244140625
2019-11-01,1.1157102584838867,24.49055290222168,64.09130096435547,1508.0
2019-11-04,1.1166571378707886,24.541563034057617,63.40169906616211,1508.0
2019-11-05,1.1128545999526978,24.53306579589844,63.449100494384766,1480.800048828125
2019-11-06,1.107419729232788,24.472152709960938,63.44779968261719,1490.199951171875
2019-11-07,1.1070396900177002,24.338701248168945,63.81549835205078,1464.199951171875
2019-11-08,1.1019697189331057,24.270702362060547,63.74409866333008,1461.300048828125
2019-11-11,1.102244257926941,24.227460861206055,63.8025016784668,1455.5
2019-11-12,1.1035456657409668,24.21795654296875,63.835601806640625,1452.0999755859375
2019-11-13,1.1012367010116575,24.176433563232425,64.22820281982422,1461.699951171875
2019-11-14,1.101321578025818,24.04143524169922,64.28150177001953,1471.800048828125
2019-11-15,1.1020498275756836,23.9621524810791,63.89289855957031,1467.300048828125
2019-11-18,1.105509877204895,23.87981414794922,63.70330047607422,1470.9000244140625
2019-11-19,1.1072357892990112,23.895610809326172,63.85580062866211,1473.300048828125
2019-11-20,1.1080001592636108,23.92739486694336,63.837398529052734,1473.300048828125
2019-11-21,1.1078859567642212,23.887062072753903,63.787899017333984,1463.0999755859375
2019-11-22,1.1065863370895386,23.901023864746097,63.66999816894531,1463.0999755859375
2019-11-25,1.1022562980651855,23.836254119873047,63.79790115356445,1456.5999755859375
2019-11-26,1.1014429330825806,23.771055221557617,63.898101806640625,1459.800048828125
2019-11-27,1.1022562980651855,23.72432327270508,63.94070053100586,1453.4000244140625
2019-11-28,1.1004853248596191,23.751829147338867,63.958099365234375,
2019-11-29,1.101176142692566,23.75326156616211,64.05619812011719,1465.5999755859375
2019-12-02,1.1019041538238523,23.635093688964844,64.29199981689453,1462.300048828125
2019-12-03,1.1079105138778689,23.689626693725582,64.17160034179688,1478.199951171875
2019-12-04,1.1085245609283447,23.66887664794922,64.09120178222656,1474.0
2019-12-05,1.108303427696228,23.62010955810547,63.859100341796875,1476.9000244140625
2019-12-06,1.1105434894561768,23.570369720458984,63.67580032348633,1459.0999755859375
2019-12-09,1.105888843536377,23.44645118713379,63.630001068115234,1459.300048828125
2019-12-10,1.106499433517456,23.42569923400879,63.51430130004883,1462.5999755859375
2019-12-11,1.1092746257781982,23.387592315673828,63.485198974609375,1469.4000244140625
2019-12-12,1.1135857105255127,23.331226348876953,63.30400085449219,1466.699951171875
2019-12-13,1.1186057329177856,23.295486450195312,62.674800872802734,1475.5999755859375
2019-12-16,1.1124460697174072,23.211612701416016,62.86399841308594,1475.0
2019-12-17,1.1136974096298218,23.233612060546875,62.439998626708984,1474.5999755859375
2019-12-18,1.115138053894043,23.214279174804688,62.40879821777344,1472.5999755859375
2019-12-19,1.1115927696228027,23.15654754638672,62.61280059814453,1478.199951171875
2019-12-20,1.1125946044921875,23.090024948120117,62.3218994140625,1474.699951171875
2019-12-23,1.1079840660095217,23.045141220092773,62.222599029541016,1482.5
2019-12-24,1.109385371208191,23.008609771728516,62.292198181152344,1499.0999755859375
2019-12-25,1.1090162992477417,22.979297637939453,61.91999816894531,
2019-12-26,1.1095454692840576,22.955976486206055,61.81169891357422,1509.300048828125
2019-12-27,1.110111951828003,22.946453094482425,62.17599868774414,1513.800048828125
2019-12-30,1.1182304620742798,23.42005920410156,62.05120086669922,1514.5
2019-12-31,1.120229721069336,23.433578491210938,61.971099853515625,1519.5
2020-01-01,1.1220825910568235,23.42748260498047,62.02830123901367,
2020-01-02,1.1220825910568235,23.55310821533203,61.83000183105469,1524.5
2020-01-03,1.1171437501907349,23.4267578125,61.69419860839844,1549.199951171875
2020-01-06,1.1161960363388062,23.39665985107422,62.029998779296875,1566.199951171875
2020-01-07,1.1197994947433472,23.471622467041016,61.775001525878906,1571.800048828125
2020-01-08,1.1154738664627075,23.464948654174805,61.93090057373047,1557.4000244140625
2020-01-09,1.1113210916519165,23.66718864440918,61.26190185546875,1551.699951171875
2020-01-10,1.1111111640930176,23.844696044921875,61.2661018371582,1557.5
2020-01-13,1.111666917800903,23.60467529296875,61.005001068115234,1548.4000244140625
2020-01-14,1.1135733127593994,23.701452255249023,61.1879997253418,1542.4000244140625
2020-01-15,1.113089919090271,23.764598846435547,61.4025993347168,1552.0999755859375
2020-01-16,1.1154004335403442,23.735332489013672,61.34439849853515,1549.0
2020-01-17,1.1139578819274902,23.84070205688477,61.57749938964844,1558.800048828125
2020-01-20,1.1094592809677124,24.02120018005371,61.56740188598633,
2020-01-21,1.109693169593811,24.101900100708008,61.568599700927734,1556.4000244140625
2020-01-22,1.108561396598816,24.011201858520508,61.85969924926758,1555.300048828125
2020-01-23,1.1096439361572266,24.12481689453125,61.87799835205078,1564.5999755859375
2020-01-24,1.1055220365524292,24.212846755981445,61.892799377441406,1571.0999755859375
2020-01-27,1.102535843849182,24.152788162231445,62.13100051879883,1576.800048828125
2020-01-28,1.101976990699768,24.33220672607422,62.89390182495117,1569.199951171875
2020-01-29,1.1022562980651855,24.47378158569336,62.21329879760742,1569.800048828125
2020-01-30,1.1016855239868164,24.600025177001953,62.51649856567383,1583.5
2020-01-31,1.1029127836227417,24.574222564697266,63.19609832763672,1582.9000244140625
2020-02-03,1.1089794635772705,24.777036666870117,63.89030075073242,1577.199951171875
2020-02-04,1.1062926054000854,24.755083084106445,63.653099060058594,1550.4000244140625
2020-02-05,1.1047282218933103,24.54688262939453,62.92620086669922,1557.800048828125
2020-02-06,1.100231051445007,24.400415420532227,62.83879852294922,1565.0999755859375
2020-02-07,1.0982975959777832,24.293527603149418,63.27000045776367,1568.5999755859375
2020-02-10,1.0949305295944214,24.29937171936035,64.12930297851562,1574.699951171875
2020-02-11,1.0913456678390503,24.22811508178711,64.07830047607422,1565.5999755859375
2020-02-12,1.091941475868225,24.157873153686523,63.32429885864258,1567.4000244140625
2020-02-13,1.0875948667526243,24.240922927856445,63.198001861572266,1575.0999755859375
2020-02-14,1.0845986604690552,24.18997573852539,63.634498596191406,1582.699951171875
2020-02-17,1.0841753482818604,24.19449806213379,63.52510070800781,
2020-02-18,1.0840108394622805,24.162445068359375,63.46549987792969,1600.0
2020-02-19,1.079540491104126,24.176433563232425,63.865699768066406,1607.5
2020-02-20,1.081009864807129,24.2435245513916,63.52069854736328,1616.5999755859375
2020-02-21,1.078799843788147,24.200193405151367,64.1261978149414,1644.5999755859375
2020-02-24,1.0839051008224487,24.195030212402344,64.0541000366211,1672.4000244140625
2020-02-25,1.0849199295043943,24.22037124633789,65.32369995117188,1646.9000244140625
2020-02-26,1.0881996154785156,24.26081085205078,65.27839660644531,1640.0
2020-02-27,1.088589429855347,24.31726455688477,65.45130157470703,1640.0
2020-02-28,1.0997228622436523,24.254371643066406,66.26909637451172,1564.0999755859375
2020-03-02,1.1051311492919922,24.328310012817383,67.13099670410156,1592.300048828125
2020-03-03,1.114404797554016,24.5894718170166,66.25569915771484,1642.0999755859375
2020-03-04,1.118067979812622,24.69527053833008,66.17960357666016,1641.0999755859375
2020-03-05,1.113908290863037,24.629724502563477,66.19200134277344,1666.4000244140625
2020-03-06,1.1223849058151243,24.436710357666016,67.53939819335938,1670.800048828125
2020-03-09,1.1386020183563232,24.72154235839844,72.05000305175781,1674.5
2020-03-10,1.139796018600464,24.7703914642334,74.64099884033203,1659.0999755859375
2020-03-11,1.1316505670547483,25.152690887451172,71.05020141601562,1641.4000244140625
2020-03-12,1.1261515617370603,25.58932113647461,73.11499786376953,1589.300048828125
2020-03-13,1.1184931993484497,25.589618682861328,74.89810180664062,1515.699951171875
2020-03-16,1.115536093711853,25.866762161254883,73.23799896240234,1485.9000244140625
2020-03-17,1.1163206100463867,26.3465518951416,74.3563003540039,1524.9000244140625
2020-03-18,1.101552128791809,26.842557907104492,75.29750061035156,1477.300048828125
2020-03-19,1.0961546897888184,27.033931732177734,80.91999816894531,1478.5999755859375
2020-03-20,1.0657345056533811,27.546106338500977,78.9655990600586,1484.0
2020-03-23,1.0694386959075928,27.088396072387695,79.83869934082031,1567.0
2020-03-24,1.0764610767364502,27.556053161621097,79.44280242919922,1660.199951171875
2020-03-25,1.080263614654541,27.55390167236328,78.26319885253906,1632.300048828125
2020-03-26,1.0889569520950315,27.67787742614746,78.32849884033203,1650.0999755859375
2020-03-27,1.1048258543014526,27.995960235595703,77.44029998779297,1623.9000244140625
2020-03-30,1.113908290863037,27.42633628845215,78.6520004272461,1622.0
2020-03-31,1.1030466556549072,27.795665740966797,79.58920288085938,1583.4000244140625
2020-04-01,1.102657437324524,27.52102279663086,78.41419982910156,1578.199951171875
2020-04-02,1.0953621864318848,27.425777435302734,78.66619873046875,1625.699951171875
2020-04-03,1.0847399234771729,27.39943504333496,77.09950256347656,1633.699951171875
2020-04-06,1.0806955099105835,27.14528465270996,77.09750366210938,1677.0
2020-04-07,1.0803803205490112,26.94633674621582,75.95559692382812,1664.800048828125
2020-04-08,1.0895144939422607,26.820526123046875,75.53510284423828,1665.4000244140625
2020-04-09,1.0863661766052246,27.003541946411133,75.04810333251953,1736.199951171875
2020-04-10,1.0927408933639526,27.023042678833008,74.26380157470703,
2020-04-13,1.0932666063308716,26.87127113342285,73.66329956054688,1744.800048828125
2020-04-14,1.0922993421554563,26.79755210876465,73.60289764404297,1756.699951171875
2020-04-15,1.098538875579834,26.903440475463867,73.0154037475586,1727.199951171875
2020-04-16,1.0905101299285889,26.9355411529541,74.81849670410156,1720.4000244140625
2020-04-17,1.0858471393585205,26.944520950317383,74.19740295410156,1689.199951171875
2020-04-20,1.0866966247558594,26.690942764282227,74.06510162353516,1701.5999755859375
2020-04-21,1.0864840745925903,26.80569076538086,75.4092025756836,1678.199951171875
2020-04-22,1.0856467485427856,26.799583435058594,76.92009735107422,1728.699951171875
2020-04-23,1.080964207649231,26.746458053588867,75.93009948730469,1733.300048828125
2020-04-24,1.077702283859253,26.76892852783203,74.91500091552734,1723.5
2020-04-27,1.08236825466156,26.861970901489254,74.59329986572266,1711.9000244140625
2020-04-28,1.0824854373931885,26.827211380004883,74.46499633789062,1710.5
2020-04-29,1.0836584568023682,26.780664443969727,74.14739990234375,1703.4000244140625
2020-04-30,1.087725043296814,26.708065032958984,73.06539916992188,1684.199951171875
2020-05-01,1.094546914100647,26.668598175048828,74.3385009765625,1694.5
2020-05-04,1.0959625244140625,26.492944717407227,75.42749786376953,1706.9000244140625
2020-05-05,1.0904293060302734,26.687854766845703,74.72489929199219,1704.4000244140625
2020-05-06,1.0838581323623655,26.693939208984375,73.69860076904297,1684.199951171875
2020-05-07,1.0798553228378296,26.611963272094727,74.46499633789062,1721.800048828125
2020-05-08,1.0837171077728271,26.52698135375977,73.88870239257812,1709.9000244140625
2020-05-11,1.0839520692825315,26.561588287353516,73.39340209960938,1695.300048828125
2020-05-12,1.080940842628479,26.57135772705078,73.62139892578125,1704.4000244140625
2020-05-13,1.0846810340881348,26.49272346496582,73.60269927978516,1713.9000244140625
2020-05-14,1.08236825466156,26.405332565307617,73.94779968261719,1738.0999755859375
2020-05-15,1.0806955099105835,26.413705825805664,73.50969696044922,1753.4000244140625
2020-05-18,1.0821340084075928,26.348791122436523,73.5969009399414,1731.800048828125
2020-05-19,1.0915124416351318,26.295392990112305,72.69059753417969,1744.199951171875
2020-05-20,1.0927767753601074,26.273462295532227,72.49189758300781,1750.5999755859375
2020-05-21,1.0982975959777832,26.344528198242188,71.21170043945312,1720.5
2020-05-22,1.0952903032302856,26.46470642089844,70.90480041503906,1734.5999755859375
2020-05-25,1.0907801389694214,26.490188598632812,71.57440185546875,
2020-05-26,1.0902997255325315,26.601396560668945,71.6187973022461,1704.800048828125
2020-05-27,1.0981770753860474,26.66167640686035,70.7594985961914,1710.300048828125
2020-05-28,1.1016855239868164,26.684057235717773,71.02230072021484,1713.300048828125
2020-05-29,1.1079105138778689,26.625045776367188,70.50489807128906,1736.9000244140625
2020-06-01,1.1118524074554443,26.573333740234375,70.16010284423828,1737.800048828125
2020-06-02,1.1125946044921875,26.524124145507812,69.07640075683594,1725.199951171875
2020-06-03,1.118943691253662,26.53364944458008,68.66010284423828,1697.800048828125
2020-06-04,1.1235954761505127,26.473005294799805,68.49749755859375,1718.9000244140625
2020-06-05,1.1337867975234983,26.420841217041016,69.02729797363281,1676.199951171875
2020-06-08,1.1319515705108645,26.326242446899418,68.13680267333984,1698.300048828125
2020-06-09,1.1305567026138306,26.309234619140625,68.0905990600586,1714.699951171875
2020-06-10,1.1332215070724487,26.37958526611328,68.5863037109375,1713.300048828125
2020-06-11,1.1365444660186768,26.353845596313477,68.41739654541016,1732.0
2020-06-12,1.1288082599639893,26.359783172607425,70.06759643554688,1729.300048828125
2020-06-15,1.1252011060714722,26.47014617919922,69.50640106201172,1720.300048828125
2020-06-16,1.1337740421295166,26.555984497070312,69.57250213623047,1729.5999755859375
2020-06-17,1.1265701055526731,26.49677848815918,69.58689880371094,1729.199951171875
2020-06-18,1.1242902278900146,26.51274681091309,69.72799682617188,1724.800048828125
2020-06-19,1.1211000680923462,26.48270606994629,69.92019653320312,1745.9000244140625
2020-06-22,1.1177555322647097,26.465208053588867,69.64710235595703,1756.699951171875
2020-06-23,1.1279679536819458,26.406171798706055,69.091796875,1772.0999755859375
2020-06-24,1.1312345266342163,26.33521842956543,68.72429656982422,1765.800048828125
2020-06-25,1.1250872611999512,26.406524658203125,69.4905014038086,1762.0999755859375
2020-06-26,1.1222084760665894,26.43318748474121,69.05829620361328,1772.5
2020-06-29,1.1225864887237549,26.415029525756836,69.72429656982422,1774.800048828125
2020-06-30,1.1247202157974243,26.478721618652344,69.9729995727539,1793.0
2020-07-01,1.1235954761505127,26.412986755371097,71.15070343017578,1773.199951171875
2020-07-02,1.1251378059387207,26.5506591796875,70.85870361328125,1784.0
2020-07-03,1.1237848997116089,26.92369842529297,70.58830261230469,
2020-07-06,1.1247202157974243,26.82240867614746,71.33110046386719,1788.5
2020-07-07,1.1312856674194336,26.791519165039062,71.78800201416016,1804.199951171875
2020-07-08,1.1275228261947632,26.64335250854492,71.41000366210938,1815.5
2020-07-09,1.1339154243469238,26.71378517150879,71.2041015625,1799.199951171875
2020-07-10,1.128795504570007,26.67099380493164,70.74440002441406,1798.199951171875
2020-07-13,1.1310042142868042,26.709251403808594,70.69750213623047,1811.0
2020-07-14,1.134549617767334,26.83390235900879,70.77159881591797,1810.5999755859375
2020-07-15,1.1410704851150513,26.864992141723633,70.95809936523438,1811.4000244140625
2020-07-16,1.1417193412780762,26.86813735961914,71.00430297851562,1798.699951171875
2020-07-17,1.139211654663086,26.983192443847656,71.54840087890625,1808.300048828125
2020-07-20,1.1442956924438477,27.146413803100582,71.82530212402344,1815.9000244140625
2020-07-21,1.1458691358566284,27.325374603271484,71.4906997680664,1842.4000244140625
2020-07-22,1.15340256690979,27.418100357055664,70.69709777832031,1864.0999755859375
2020-07-23,1.1568717956542969,27.529861450195312,71.12989807128906,1889.0999755859375
2020-07-24,1.1596084833145142,27.62293243408203,71.30490112304688,1897.300048828125
2020-07-27,1.1652567386627195,27.541078567504883,71.70999908447266,1931.0
2020-07-28,1.1769275665283203,27.48106384277344,71.54010009765625,1944.699951171875
2020-07-29,1.171879529953003,27.44478988647461,72.4740982055664,1953.5
2020-07-30,1.1782865524291992,27.440893173217773,72.47579956054688,1942.300048828125
2020-07-31,1.1872254610061646,27.42567443847656,73.32150268554688,1962.800048828125
2020-08-03,1.1782310009002686,27.46265983581543,74.3550033569336,1966.0
2020-08-04,1.1763322353363037,27.518526077270508,73.03669738769531,2001.199951171875
2020-08-05,1.181544303894043,27.531814575195312,73.38890075683594,2031.0999755859375
2020-08-06,1.187281847000122,27.411794662475582,72.81439971923828,2051.5
2020-08-07,1.1876484155654907,27.458314895629883,73.16230010986328,2010.0999755859375
2020-08-10,1.178272724151611,27.47002410888672,73.71499633789062,2024.4000244140625
2020-08-11,1.1737778186798096,27.336950302124023,73.5260009765625,1932.5999755859375
2020-08-12,1.1736538410186768,27.35193634033203,73.06490325927734,1934.9000244140625
2020-08-13,1.179380178451538,27.268951416015625,73.7780990600586,1956.699951171875
2020-08-14,1.1816558837890625,27.13469886779785,72.91449737548828,1937.0
2020-08-17,1.1852554082870483,27.08411026000977,72.95719909667969,1985.0
2020-08-18,1.1876484155654907,27.025863647460938,73.63020324707031,1999.4000244140625
2020-08-19,1.1947859525680542,26.917558670043945,73.0459976196289,1958.699951171875
2020-08-20,1.1843500137329102,27.114599227905273,73.25659942626953,1933.800048828125
2020-08-21,1.1873664855957031,27.198535919189453,73.8687973022461,1934.5999755859375
2020-08-24,1.1798018217086792,27.189340591430664,74.7300033569336,1927.699951171875
2020-08-25,1.1794538497924805,27.21269989013672,74.5999984741211,1911.800048828125
2020-08-26,1.183501958847046,27.16794204711914,75.30889892578125,1940.699951171875
2020-08-27,1.1842728853225708,27.187410354614254,75.5873031616211,1921.5999755859375
2020-08-28,1.1819632053375244,27.24148750305176,74.98410034179688,1964.5999755859375
2020-08-31,1.1918240785598757,27.234909057617188,74.13020324707031,1967.5999755859375
2020-09-01,1.193901538848877,27.265914916992188,73.81289672851562,1968.199951171875
2020-09-02,1.1923214197158811,27.347734451293945,73.55960083007812,1934.4000244140625
2020-09-03,1.184735894203186,27.410804748535156,75.46269989013672,1927.5999755859375
2020-09-04,1.1839784383773804,27.45110321044922,75.29519653320312,1923.9000244140625
2020-09-07,1.183445930480957,27.452119827270508,75.31729888916016,
2020-09-08,1.182172775268555,27.51390838623047,75.71810150146484,1933.0
2020-09-09,1.177024483680725,27.578659057617188,76.23699951171875,1944.699951171875
2020-09-10,1.1806375980377195,27.5780086517334,75.32369995117188,1954.199951171875
2020-09-11,1.1824384927749634,27.591333389282227,75.14350128173828,1937.800048828125
2020-09-14,1.1842728853225708,27.658517837524418,74.86499786376953,1953.0999755859375
2020-09-15,1.187000036239624,27.74172592163086,75.206298828125,1956.300048828125
2020-09-16,1.1844412088394165,27.855615615844727,75.20050048828125,1960.199951171875
2020-09-17,1.1803449392318726,27.833507537841797,74.86009979248047,1940.0
2020-09-18,1.1848200559616089,27.90882873535156,74.95719909667969,1952.0999755859375
2020-09-21,1.1845533847808838,27.9101619720459,75.54850006103516,1901.199951171875
2020-09-22,1.176800012588501,27.98270034790039,76.29219818115234,1898.5999755859375
2020-09-23,1.1708368062973022,27.953039169311523,76.01899719238281,1859.9000244140625
2020-09-24,1.1658544540405271,27.927282333374023,76.79730224609375,1868.300048828125
2020-09-25,1.1673243045806885,27.989524841308594,77.02639770507812,1857.699951171875
2020-09-28,1.1635348796844482,28.023277282714844,78.10379791259766,1872.800048828125
2020-09-29,1.167883276939392,28.028453826904297,79.1613998413086,1894.300048828125
2020-09-30,1.1742050647735596,28.03019142150879,78.96510314941406,1887.5
2020-10-01,1.1726078987121582,28.05349349975586,77.66560363769531,1908.4000244140625
2020-10-02,1.1744946241378784,28.066387176513672,77.2061996459961,1900.199951171875
2020-10-05,1.1720443964004517,28.100248336791992,78.13999938964844,1912.5
2020-10-06,1.1792453527450562,28.144067764282227,78.1093978881836,1901.0999755859375
2020-10-07,1.1737639904022217,28.11609649658203,78.372802734375,1883.5999755859375
2020-10-08,1.176747441291809,28.056631088256836,78.0824966430664,1888.5999755859375
2020-10-09,1.1767003536224363,28.02444839477539,77.27960205078125,1919.5
2020-10-12,1.181683897972107,27.95703887939453,76.8385009765625,1922.5
2020-10-13,1.1816140413284302,28.02406120300293,77.00019836425781,1888.5
2020-10-14,1.1742188930511477,28.068517684936523,77.0259017944336,1901.300048828125
2020-10-15,1.1743981838226318,28.083223342895508,77.71540069580078,1903.199951171875
2020-10-16,1.1707134246826172,28.09923553466797,77.92070007324219,1900.800048828125
2020-10-19,1.171550154685974,28.103763580322266,77.51699829101562,1906.4000244140625
2020-10-20,1.176885962486267,28.11211204528809,77.58820343017578,1910.4000244140625
2020-10-21,1.1829839944839478,28.118423461914062,77.2822036743164,1924.5999755859375
2020-10-22,1.1853959560394287,28.00266456604004,76.67890167236328,1901.0999755859375
2020-10-23,1.1815024614334106,28.025653839111328,76.53839874267578,1902.0
2020-10-26,1.184848070144653,28.047466278076172,76.16950225830078,1902.699951171875
2020-10-27,1.180944323539734,28.08148956298828,76.44950103759766,1908.800048828125
2020-10-28,1.1784114837646484,28.106185913085938,77.2865982055664,1876.199951171875
2020-10-29,1.1748672723770142,28.164243698120117,79.052001953125,1865.5999755859375
2020-10-30,1.1678695678710938,28.27334976196289,78.83830261230469,1877.4000244140625
2020-11-02,1.1642121076583862,28.203147888183594,79.47090148925781,1890.4000244140625
2020-11-03,1.1642799377441406,28.342187881469727,80.52189636230469,1908.5
2020-11-04,1.176221489906311,28.31003189086914,79.04989624023438,1894.5999755859375
2020-11-05,1.17326819896698,28.178306579589844,77.5636978149414,1945.300048828125
2020-11-06,1.1817537546157837,27.988094329833984,76.88719940185547,1950.300048828125
2020-11-09,1.1893010139465332,27.849382400512695,77.31649780273438,1853.199951171875
2020-11-10,1.182732105255127,27.85809326171875,76.26370239257812,1875.4000244140625
2020-11-11,1.1818794012069702,27.864036560058594,76.46240234375,1860.699951171875
2020-11-12,1.1780297756195068,27.92876625061035,77.04750061035156,1872.5999755859375
2020-11-13,1.1803393363952637,27.956527709960938,77.07450103759766,1885.699951171875
2020-11-16,1.1845253705978394,27.878616333007812,77.31790161132812,1887.300048828125
2020-11-17,1.1859441995620728,27.81485939025879,76.27629852294922,1884.5
2020-11-18,1.186366319656372,27.87622833251953,76.20950317382812,1873.5
2020-11-19,1.1847639083862305,27.90499687194824,75.8843994140625,1861.0999755859375
2020-11-20,1.1866477727890017,28.09442710876465,76.16519927978516,1872.5999755859375
2020-11-23,1.1866477727890017,28.111331939697266,76.17890167236328,1837.800048828125
2020-11-24,1.1842728853225708,28.141969680786133,75.96170043945312,1804.800048828125
2020-11-25,1.1900511980056765,28.1142635345459,75.41790008544922,1805.699951171875
2020-11-26,1.1920002698898315,28.149961471557617,75.44599914550781,
2020-11-27,1.191599726676941,28.193742752075195,75.64990234375,1781.9000244140625
2020-11-30,1.1971460580825806,28.255151748657227,75.99150085449219,1775.699951171875
2020-12-01,1.193816065788269,28.25005149841309,76.40480041503906,1814.0999755859375
2020-12-02,1.2074378728866575,28.323501586914062,75.95850372314453,1825.699951171875
2020-12-03,1.2114603519439695,28.187885284423828,75.11070251464844,1836.800048828125
2020-12-04,1.2145650386810305,28.085479736328125,74.48889923095703,1835.9000244140625
2020-12-07,1.212135910987854,28.04530143737793,73.8550033569336,1861.800048828125
2020-12-08,1.2113136053085327,27.945539474487305,73.74610137939453,1870.800048828125
2020-12-09,1.2110936641693115,27.816680908203125,73.34049987792969,1834.5999755859375
2020-12-10,1.207875370979309,27.845691680908203,73.61129760742188,1833.5999755859375
2020-12-11,1.2144293785095217,27.84613609313965,73.07820129394531,1839.800048828125
2020-12-14,1.213340401649475,27.717632293701172,73.03199768066406,1828.699951171875
2020-12-15,1.214889645576477,27.612096786499023,74.12129974365234,1852.300048828125
2020-12-16,1.2154301404953003,27.507444381713867,73.27850341796875,1856.0999755859375
2020-12-17,1.2199585437774658,27.568788528442383,73.347900390625,1887.199951171875
2020-12-18,1.226271629333496,27.609397888183594,73.09040069580078,1885.699951171875
2020-12-21,1.221612811088562,27.656152725219727,73.48100280761719,1879.199951171875
2020-12-22,1.223690629005432,27.872072219848633,74.55130004882812,1866.5999755859375
2020-12-23,1.2186651229858398,28.14609718322754,75.87809753417969,1874.699951171875
2020-12-24,1.2191405296325684,28.20984268188477,75.02020263671875,1879.9000244140625
2020-12-25,1.2184720039367676,28.1320743560791,74.02999877929688,
2020-12-28,1.2205095291137695,28.13922882080078,73.95490264892578,1877.199951171875
2020-12-29,1.2223445177078247,28.11431312561035,73.93049621582031,1879.699951171875
2020-12-30,1.225295066833496,27.945161819458008,74.02140045166016,1891.0
2020-12-31,1.2299896478652954,28.095176696777344,74.52200317382812,1893.0999755859375
2021-01-01,1.218026876449585,28.084789276123047,73.91120147705078,
2021-01-04,1.2250697612762451,28.229644775390625,74.12740325927734,1944.699951171875
2021-01-05,1.2251598834991455,28.18632698059082,74.47540283203125,1952.699951171875
2021-01-06,1.230027437210083,28.09446907043457,74.13510131835938,1906.9000244140625
2021-01-07,1.2341108322143557,28.006122589111328,74.09149932861328,1912.300048828125
2021-01-08,1.227144479751587,28.034095764160156,74.59510040283203,1834.0999755859375
2021-01-11,1.218620538711548,28.086217880249023,74.4020004272461,1849.5999755859375
2021-01-12,1.2160701751708984,27.920730590820312,74.62809753417969,1842.9000244140625
2021-01-13,1.220889449119568,27.782426834106445,73.44020080566406,1853.5999755859375
2021-01-14,1.2162491083145142,27.71769905090332,73.8488998413086,1850.300048828125
2021-01-15,1.2151259183883667,27.827295303344727,73.32530212402344,1829.300048828125
2021-01-18,1.2068113088607788,27.928556442260746,73.59860229492188,
2021-01-19,1.207729458808899,27.968713760375977,73.92980194091797,1839.5
2021-01-20,1.213886857032776,27.882999420166016,73.77100372314453,1865.9000244140625
2021-01-21,1.2115631103515625,28.006820678710938,73.45339965820312,1865.300048828125
2021-01-22,1.2166293859481812,28.040536880493164,73.94770050048828,1855.699951171875
2021-01-25,1.216944694519043,27.934783935546875,75.31490325927734,1854.9000244140625
2021-01-26,1.214624047279358,27.903846740722656,75.2822036743164,1850.699951171875
2021-01-27,1.216299295425415,27.89022445678711,75.07009887695312,1844.9000244140625
2021-01-28,1.2105072736740112,27.934837341308594,75.87339782714844,1837.9000244140625
2021-01-29,1.2120037078857422,27.912973403930664,76.1666030883789,1847.300048828125
2021-02-01,1.2123857736587524,27.84922790527344,75.88179779052734,1860.800048828125
2021-02-02,1.2068694829940796,27.798555374145508,76.11360168457031,1830.5
2021-02-03,1.203905463218689,27.78229331970215,76.22049713134766,1832.199951171875
2021-02-04,1.2042388916015625,27.74435806274414,75.885498046875,1788.9000244140625
2021-02-05,1.1966731548309326,27.604145050048828,75.4906997680664,1810.9000244140625
2021-02-08,1.2048773765563965,27.510496139526367,74.60790252685547,1831.9000244140625
2021-02-09,1.2053595781326294,27.4000244140625,74.3228988647461,1835.300048828125
2021-02-10,1.2119992971420288,27.46133041381836,73.87670135498047,1840.5999755859375
2021-02-11,1.2121212482452393,27.53678321838379,73.86650085449219,1824.9000244140625
2021-02-12,1.2131506204605105,27.55849838256836,73.63899993896484,1821.5999755859375
2021-02-15,1.2122093439102173,27.62265968322754,73.57319641113281,
2021-02-16,1.2132196426391602,27.616954803466797,73.33200073242188,1797.199951171875
2021-02-17,1.2092483043670654,27.605684280395508,73.5416030883789,1771.0999755859375
2021-02-18,1.2048004865646362,27.635353088378903,73.7156982421875,1773.4000244140625
2021-02-19,1.209189772605896,27.596370697021484,73.83380126953125,1775.800048828125
2021-02-22,1.2126356363296509,27.647720336914062,74.14360046386719,1806.699951171875
2021-02-23,1.2166796922683716,27.659883499145508,74.22450256347656,1804.4000244140625
2021-02-24,1.215214490890503,27.68376922607422,74.07080078125,1796.4000244140625
2021-02-25,1.2171372175216677,27.70004653930664,73.49469757080078,1774.4000244140625
2021-02-26,1.2160420417785645,27.63953399658203,74.706298828125,1728.0999755859375
2021-03-01,1.208956003189087,27.70073699951172,74.6709976196289,1722.5
2021-03-02,1.2051095962524414,27.76431655883789,74.25150299072266,1733.0999755859375
2021-03-03,1.208546757698059,27.684505462646484,73.78880310058594,1715.300048828125
2021-03-04,1.2050660848617554,27.57354164123535,74.01429748535156,1700.199951171875
2021-03-05,1.1967735290527344,27.474498748779297,74.55500030517578,1698.0
2021-03-08,1.1925631761550903,27.497968673706055,74.32720184326172,1677.699951171875
2021-03-09,1.185171127319336,27.526342391967773,74.47460174560547,1716.5999755859375
2021-03-10,1.1897906064987185,27.453962326049805,74.02950286865234,1721.5
2021-03-11,1.1926058530807495,27.49135971069336,73.5239028930664,1722.300048828125
2021-03-12,1.1986095905303955,27.50741958618164,73.30030059814453,1719.5
2021-03-15,1.1950000524520874,27.38945579528809,73.31849670410156,1728.9000244140625
2021-03-16,1.1925773620605469,27.363933563232425,72.73500061035156,1730.5999755859375
2021-03-17,1.190164566040039,27.440065383911133,72.86799621582031,1726.800048828125
2021-03-18,1.1982792615890503,27.42479133605957,73.65480041503906,1732.199951171875
2021-03-19,1.1918240785598757,27.419092178344727,74.32160186767578,1741.4000244140625
2021-03-22,1.1883116960525513,27.506593704223633,74.15370178222656,1737.800048828125
2021-03-23,1.193303108215332,27.434982299804688,74.7958984375,1724.699951171875
2021-03-24,1.1840205192565918,27.534605026245117,76.3313980102539,1732.9000244140625
2021-03-25,1.1813069581985474,27.630895614624023,76.61620330810547,1724.9000244140625
2021-03-26,1.1776621341705322,27.688554763793945,76.11710357666016,1732.199951171875
2021-03-29,1.1788004636764526,27.70933532714844,75.66110229492188,1712.0999755859375
2021-03-30,1.177100658416748,27.750560760498047,75.65460205078125,1683.9000244140625
2021-03-31,1.1723604202270508,27.630788803100582,75.90399932861328,1713.800048828125
2021-04-01,1.1728830337524414,27.580774307250977,75.67489624023438,1726.5
2021-04-02,1.177994966506958,27.585372924804688,76.26429748535156,
2021-04-05,1.176816701889038,27.50065803527832,76.41519927978516,1727.0
2021-04-06,1.1818934679031372,27.551681518554688,76.43409729003906,1741.5
2021-04-07,1.1874228715896606,27.55257225036621,77.00050354003906,1740.0999755859375
2021-04-08,1.1873664855957031,27.70545768737793,77.15809631347656,1756.800048828125
2021-04-09,1.1915684938430786,27.659683227539062,76.79199981689453,1743.300048828125
2021-04-12,1.1900511980056765,27.624528884887695,77.38700103759766,1731.199951171875
2021-04-13,1.1914690732955933,27.682863235473633,77.29119873046875,1746.199951171875
2021-04-14,1.1954143047332764,27.77488136291504,75.91850280761719,1734.9000244140625
2021-04-15,1.1986095905303955,27.703550338745117,76.01419830322266,1765.4000244140625
2021-04-16,1.1971746683120728,27.702213287353516,76.07849884033203,1779.0
2021-04-19,1.1969454288482666,27.766237258911133,75.95500183105469,1769.4000244140625
2021-04-20,1.204529047012329,27.74471092224121,76.27210235595703,1777.300048828125
2021-04-21,1.2032392024993896,27.76007652282715,76.822998046875,1792.300048828125
2021-04-22,1.2037750482559204,27.898895263671875,76.56900024414062,1781.199951171875
2021-04-23,1.2014753818511963,27.795503616333008,75.50550079345703,1777.0
2021-04-26,1.2089852094650269,27.552770614624023,74.908203125,1779.199951171875
2021-04-27,1.2081671953201294,27.60535049438477,74.9751968383789,1778.0
2021-04-28,1.2090305089950562,27.51653480529785,74.7791976928711,1773.199951171875
2021-04-29,1.213592290878296,27.53734588623047,74.3635025024414,1768.0999755859375
2021-04-30,1.2127091884613037,27.5010929107666,74.72930145263672,1767.300048828125
2021-05-03,1.2027760744094849,27.648784637451172,75.19750213623047,1791.4000244140625
2021-05-04,1.2061271667480469,27.565519332885746,74.89430236816406,1775.800048828125
2021-05-05,1.2015043497085571,27.558826446533203,74.7322998046875,1784.0999755859375
2021-05-06,1.2007973194122314,27.470121383666992,74.80370330810547,1815.5
2021-05-07,1.2068549394607544,27.481313705444336,74.1886978149414,1831.0999755859375
2021-05-10,1.2171076536178589,27.30051612854004,73.5707015991211,1837.5
2021-05-11,1.2140932083129885,27.50918960571289,74.27649688720703,1835.9000244140625
2021-05-12,1.2144500017166138,27.444704055786133,74.16739654541016,1822.5999755859375
2021-05-13,1.2078505754470823,27.401277542114254,74.60050201416016,1823.800048828125
2021-05-14,1.207729458808899,27.37815284729004,73.997802734375,1837.9000244140625
2021-05-17,1.2150373458862305,27.362564086914062,73.95770263671875,1867.5
2021-05-18,1.215687274932861,27.297119140625,73.78260040283203,1867.800048828125
2021-05-19,1.2223997116088867,27.1767578125,73.67140197753906,1881.300048828125
2021-05-20,1.217285394668579,27.19818115234375,73.73169708251953,1881.800048828125
2021-05-21,1.222538709640503,27.215505599975582,73.46900177001953,1876.699951171875
2021-05-24,1.2183235883712769,27.185678482055664,73.61280059814453,1884.5999755859375
2021-05-25,1.2214635610580444,27.21148681640625,73.43890380859375,1898.0999755859375
2021-05-26,1.2249093055725098,27.20755958557129,73.47149658203125,1901.300048828125
2021-05-27,1.21925950050354,27.309724807739254,73.53900146484375,1895.699951171875
2021-05-28,1.2193188667297363,27.281352996826172,73.44020080566406,1902.5
2021-05-31,1.2190067768096924,27.243507385253903,73.1947021484375,
2021-06-01,1.223286509513855,27.230201721191406,73.39839935302734,1902.9000244140625
2021-06-02,1.2217769622802734,27.195955276489254,73.5154037475586,1907.5
2021-06-03,1.220986247062683,27.102638244628903,73.14510345458984,1871.199951171875
2021-06-04,1.213300704956055,27.07537269592285,73.2145004272461,1889.800048828125
2021-06-07,1.2168411016464231,27.000123977661133,73.00160217285156,1896.800048828125
2021-06-08,1.2193634510040283,26.928600311279297,72.7925033569336,1892.199951171875
2021-06-09,1.217285394668579,26.896045684814453,72.24310302734375,1893.199951171875
2021-06-10,1.218200445175171,26.83420181274414,72.302001953125,1894.199951171875
2021-06-11,1.2172558307647705,26.86150550842285,71.74099731445312,1877.4000244140625
2021-06-14,1.2110203504562378,26.79595184326172,72.06330108642578,1864.0
2021-06-15,1.212224006652832,26.75444221496582,72.02030181884766,1854.5
2021-06-16,1.2127091884613037,26.677146911621097,72.20939636230469,1859.5
2021-06-17,1.1995586156845093,26.828678131103516,72.56539916992188,1773.800048828125
2021-06-18,1.1913414001464844,26.899166107177734,72.38919830322266,1767.9000244140625
2021-06-21,1.1873664855957031,26.945587158203125,72.7979965209961,1781.800048828125
2021-06-22,1.1912561655044556,27.017602920532227,73.08899688720703,1776.300048828125
2021-06-23,1.1936734914779663,27.11643409729004,72.86199951171875,1782.300048828125
2021-06-24,1.193317413330078,27.022661209106445,72.63079833984375,1775.5999755859375
2021-06-25,1.1930327415466309,27.274181365966797,72.2969970703125,1776.5999755859375
2021-06-28,1.1942152976989746,27.097023010253903,72.20999908447266,1779.5999755859375
2021-06-29,1.1928904056549072,27.09225082397461,72.20439910888672,1762.800048828125
2021-06-30,1.1901928186416626,26.934476852416992,72.72239685058594,1770.800048828125
2021-07-01,1.1856770515441897,27.020084381103516,73.05449676513672,1775.9000244140625
2021-07-02,1.1846235990524292,27.136186599731445,73.45690155029297,1782.5999755859375
2021-07-05,1.1856207847595217,27.080825805664062,73.21489715576172,
2021-07-06,1.186380386352539,27.01859664916992,73.39630126953125,1793.5
2021-07-07,1.1824523210525513,27.018657684326172,74.4988021850586,1801.5
2021-07-08,1.17933988571167,27.01446533203125,74.69920349121094,1799.5999755859375
2021-07-09,1.184800386428833,27.038999557495117,74.71170043945312,1810.0
2021-07-12,1.187295913696289,27.03342628479004,74.2531967163086,1805.5
2021-07-13,1.186521053314209,27.023868560791016,74.36689758300781,1809.4000244140625
2021-07-14,1.1775373220443726,27.087217330932617,74.33460235595703,1824.300048828125
2021-07-15,1.1833338737487793,27.02503967285156,74.12629699707031,1828.4000244140625
2021-07-16,1.1811814308166504,27.02773666381836,74.36869812011719,1814.5
2021-07-19,1.1814005374908447,26.962491989135746,74.05899810791016,1808.699951171875
2021-07-20,1.1793843507766724,26.932952880859375,74.6613998413086,1810.9000244140625
2021-07-21,1.1784114837646484,26.961803436279297,74.34729766845703,1802.9000244140625
2021-07-22,1.179273009300232,26.97995376586914,73.94120025634766,1805.0
2021-07-23,1.177273869514465,26.94227600097656,73.65509796142578,1801.4000244140625
2021-07-26,1.177343249320984,26.770109176635746,73.677001953125,1798.699951171875
2021-07-27,1.1807769536972046,26.746322631835938,73.68090057373047,1799.5
2021-07-28,1.1823126077651978,26.62346649169922,73.70909881591797,1799.5
2021-07-29,1.1845955848693848,26.60942649841309,73.4386978149414,1831.199951171875
2021-07-30,1.189299702644348,26.626323699951172,73.15299987792969,1812.5999755859375
2021-08-02,1.186704158782959,26.57799911499023,73.08789825439453,1818.0999755859375
2021-08-03,1.1874650716781616,26.5864200592041,72.95809936523438,1810.0999755859375
2021-08-04,1.1869436502456665,26.56962013244629,72.939697265625,1810.5
2021-08-05,1.1837401390075684,26.681400299072266,73.17859649658203,1805.0999755859375
2021-08-06,1.1835720539093018,26.696752548217773,73.12090301513672,1760.0
2021-08-09,1.1749500036239624,26.660913467407227,73.5031967163086,1723.4000244140625
2021-08-10,1.17384672164917,26.53096389770508,73.62059783935547,1728.800048828125
2021-08-11,1.172333002090454,26.507471084594727,73.9219970703125,1750.4000244140625
2021-08-12,1.1741899251937866,26.560787200927734,73.40149688720703,1749.0
2021-08-13,1.173626184463501,26.499340057373047,73.53839874267578,1775.199951171875
2021-08-16,1.179467797279358,26.43011474609375,73.15010070800781,1786.9000244140625
2021-08-17,1.177994966506958,26.4097957611084,73.28269958496094,1785.0
2021-08-18,1.1709738969802856,26.405656814575195,73.595703125,1781.5999755859375
2021-08-19,1.1703298091888428,26.37951278686523,73.84349822998047,1780.199951171875
2021-08-20,1.1676595211029053,26.38844871520996,74.27510070800781,1781.0
2021-08-23,1.1697548627853394,26.35718536376953,74.19509887695312,1803.199951171875
2021-08-24,1.1744533777236938,26.432636260986328,74.08049774169922,1805.5999755859375
2021-08-25,1.175309181213379,26.41922950744629,73.7614974975586,1788.199951171875
2021-08-26,1.177440166473389,26.47523307800293,73.7699966430664,1792.199951171875
2021-08-27,1.1756407022476196,26.559974670410156,74.26750183105469,1816.5999755859375
2021-08-30,1.1799006462097168,26.67392349243164,73.40119934082031,1809.0
2021-08-31,1.1796904802322388,26.599750518798828,73.41649627685547,1815.0
2021-09-01,1.1810280084609983,26.64961051940918,73.27259826660156,1813.0999755859375
2021-09-02,1.1840906143188477,26.766162872314453,72.9813003540039,1808.699951171875
2021-09-03,1.1876484155654907,26.730653762817383,73.00890350341797,1830.9000244140625
2021-09-06,1.1885942220687866,26.64462661743164,72.77220153808594,
2021-09-07,1.187507390975952,26.519121170043945,72.96820068359375,1795.9000244140625
2021-09-08,1.184356927871704,26.426664352416992,73.36319732666016,1790.699951171875
2021-09-09,1.1819101572036743,26.493022918701172,73.24569702148438,1797.4000244140625
2021-09-10,1.182592272758484,26.464906692504883,72.86199951171875,1789.5999755859375
2021-09-13,1.1811953783035278,26.472427368164062,73.09609985351562,1792.0
2021-09-14,1.1811953783035278,26.42499542236328,72.64399719238281,1804.699951171875
2021-09-15,1.180498123168945,26.370973587036133,72.87960052490234,1792.4000244140625
2021-09-16,1.1819995641708374,26.38762092590332,72.2406005859375,1754.5999755859375
2021-09-17,1.176747441291809,26.44301414489746,72.47250366210938,1749.4000244140625
2021-09-20,1.1729930639266968,26.430423736572266,72.80850219726562,1761.800048828125
2021-09-21,1.1730204820632937,26.46083068847656,73.36000061035156,1776.0
2021-09-22,1.17229163646698,26.43769073486328,73.00150299072266,1776.699951171875
2021-09-23,1.168770432472229,26.374956130981445,72.91590118408203,1747.699951171875
2021-09-24,1.1740258932113647,26.376220703125,72.6729965209961,1749.699951171875
2021-09-27,1.172305464744568,26.47157287597656,72.6968994140625,1750.0
2021-09-28,1.1696795225143433,26.366622924804688,72.58460235595703,1735.800048828125
2021-09-29,1.1686338186264038,26.338726043701172,72.83920288085938,1721.5
2021-09-30,1.1601601839065552,26.337785720825195,72.84590148925781,1755.300048828125
2021-10-01,1.1574475765228271,26.35536766052246,72.71720123291016,1757.0
2021-10-04,1.160725712776184,26.367258071899418,72.74500274658203,1766.199951171875
2021-10-05,1.1618449687957764,26.27299118041992,72.47989654541016,1759.5999755859375
2021-10-06,1.1596084833145142,26.15586853027344,72.29090118408203,1760.5
2021-10-07,1.1555349826812744,26.02354621887207,72.39459991455078,1757.9000244140625
2021-10-08,1.1559758186340332,26.085058212280273,71.78350067138672,1756.300048828125
2021-10-11,1.1566041707992554,26.072622299194336,71.75330352783203,1754.5999755859375
2021-10-12,1.1553747653961182,26.105878829956055,71.83509826660156,1758.300048828125
2021-10-13,1.15340256690979,26.085838317871097,71.84649658203125,1793.699951171875
2021-10-14,1.1599582433700562,26.083192825317383,71.96900177001953,1796.699951171875
2021-10-15,1.159151554107666,26.118892669677734,71.36750030517578,1767.199951171875
2021-10-18,1.1597026586532593,26.13051986694336,71.03150177001953,1764.800048828125
2021-10-19,1.161386251449585,26.054393768310547,71.18900299072266,1769.699951171875
2021-10-20,1.1631964445114136,25.993919372558594,70.82859802246094,1784.0999755859375
2021-10-21,1.1655012369155884,25.93221092224121,70.81909942626953,1781.199951171875
2021-10-22,1.1625338792800903,25.99732780456543,71.1166000366211,1795.5
2021-10-25,1.164008855819702,26.00574493408203,70.35250091552734,1806.0
2021-10-26,1.161170482635498,26.14269638061523,69.80590057373047,1792.699951171875
2021-10-27,1.159823656082153,26.157764434814453,69.45379638671875,1797.9000244140625
2021-10-28,1.1600120067596436,26.11738967895508,70.58049774169922,1801.5999755859375
2021-10-29,1.1683608293533323,26.076993942260746,70.14240264892578,1783.0
2021-11-01,1.1556684970855713,26.00371742248535,70.82340240478516,1795.0999755859375
2021-11-02,1.1599582433700562,26.041200637817383,71.57990264892578,1788.699951171875
2021-11-03,1.1579434871673584,26.044225692749023,71.60540008544922,1763.5999755859375
2021-11-04,1.1615750789642334,25.975845336914062,71.69560241699219,1793.0
2021-11-05,1.1555349826812744,25.930173873901367,71.40599822998047,1816.4000244140625
2021-11-08,1.1568851470947266,25.841537475585938,71.27320098876953,1827.4000244140625
2021-11-09,1.159151554107666,25.805606842041016,71.21980285644531,1830.199951171875
2021-11-10,1.1595547199249268,25.843677520751953,70.70449829101562,1847.5999755859375
2021-11-11,1.148593544960022,25.791784286499023,71.23860168457031,1863.199951171875
2021-11-12,1.145081877708435,25.81507682800293,71.56400299072266,1867.9000244140625
2021-11-15,1.144164800643921,25.903636932373047,72.85929870605469,1866.0999755859375
2021-11-16,1.1366478204727173,26.10143661499023,72.48280334472656,1853.5999755859375
2021-11-17,1.1321182250976562,26.167171478271484,73.09750366210938,1869.699951171875
2021-11-18,1.1321182250976562,26.26638412475586,72.55870056152344,1861.0
2021-11-19,1.1368415355682373,26.236196517944336,73.06500244140625,1851.199951171875
2021-11-22,1.1275737285614014,26.30999755859375,73.53299713134766,1806.0
2021-11-23,1.12421452999115,26.41622734069824,74.97039794921875,1783.5
2021-11-24,1.124492645263672,26.619895935058594,74.27149963378906,1784.0999755859375
2021-11-25,1.1202975511550903,26.670679092407227,74.93299865722656,
2021-11-26,1.1209630966186523,26.75200462341309,74.5282974243164,1785.300048828125
2021-11-29,1.1293182373046875,26.828378677368164,75.5199966430664,1782.300048828125
2021-11-30,1.1293437480926514,26.947153091430664,74.43920135498047,1773.5999755859375
2021-12-01,1.1330289840698242,26.88636779785156,74.0790023803711,1781.5999755859375
2021-12-02,1.1319515705108645,27.01359748840332,74.24600219726562,1760.699951171875
2021-12-03,1.1306205987930298,27.03234481811523,73.61949920654297,1782.0
2021-12-06,1.13047993183136,27.014406204223633,73.8677978515625,1777.5
2021-12-07,1.128668189048767,27.10547637939453,74.34819793701172,1782.5999755859375
2021-12-08,1.127650022506714,27.070133209228516,73.99030303955078,1783.4000244140625
2021-12-09,1.1345586776733398,26.936012268066406,73.52349853515625,1774.5999755859375
2021-12-10,1.1293309926986694,26.8577880859375,73.61499786376953,1782.9000244140625
2021-12-13,1.131183385848999,26.627132415771484,73.40869903564453,1786.300048828125
2021-12-14,1.1285407543182373,26.653478622436523,73.4625015258789,1770.4000244140625
2021-12-15,1.1261261701583862,26.7335147857666,73.79340362548828,1762.5999755859375
2021-12-16,1.1290758848190308,26.978288650512695,73.60130310058594,1796.5999755859375
2021-12-17,1.1334141492843628,26.928478240966797,73.76020050048828,1803.800048828125
2021-12-20,1.124353528022766,27.177490234375,74.0625991821289,1793.699951171875
2021-12-21,1.127751708030701,27.01254653930664,74.0634994506836,1787.9000244140625
2021-12-22,1.128757357597351,26.994413375854492,73.86959838867188,1801.5999755859375
2021-12-23,1.1328877210617063,26.99689483642578,73.61129760742188,1811.199951171875
2021-12-24,1.132733702659607,26.975313186645508,73.29879760742188,
2021-12-27,1.1324259042739868,26.949556350708008,73.61000061035156,1808.0999755859375
2021-12-28,1.1330032348632812,27.03020668029785,73.35900115966797,1810.199951171875
2021-12-29,1.1314777135849,26.969255447387695,73.6675033569336,1805.0999755859375
2021-12-30,1.1360150575637815,26.982158660888672,73.9749984741211,1812.699951171875
2021-12-31,1.132502794265747,27.022661209106445,74.53150177001953,1827.5
2022-01-03,1.1373459100723269,27.0229549407959,74.98600006103516,1799.4000244140625
2022-01-04,1.1302244663238523,27.028234481811523,74.3718032836914,1814.0
2022-01-05,1.1283625364303589,27.016204833984375,75.26300048828125,1824.5999755859375
2022-01-06,1.1313496828079224,27.209152221679688,76.6615982055664,1788.699951171875
2022-01-07,1.1296881437301636,27.23061752319336,76.35369873046875,1797.0
2022-01-10,1.1353960037231443,27.09617805480957,75.44599914550781,1798.4000244140625
2022-01-11,1.1330417394638062,27.220598220825195,74.85600280761719,1818.5999755859375
2022-01-12,1.1366478204727173,27.264631271362305,74.45369720458984,1827.199951171875
2022-01-13,1.144164800643921,27.460918426513672,74.56449890136719,1821.199951171875
2022-01-14,1.1457115411758425,27.495603561401367,76.30599975585938,1816.5
2022-01-17,1.1410704851150513,27.7004337310791,76.32450103759766,
2022-01-18,1.1410574913024902,27.924591064453125,76.06199645996094,1812.300048828125
2022-01-19,1.1329647302627563,28.19826316833496,76.80850219726562,1843.0999755859375
2022-01-20,1.1343399286270142,28.168249130249023,76.31659698486328,1842.5
2022-01-21,1.1313753128051758,28.06267547607422,76.09130096435547,1831.800048828125
2022-01-24,1.1341469287872314,28.056007385253903,77.40599822998047,1841.699951171875
2022-01-25,1.132413029670715,28.152070999145508,78.65350341796875,1852.699951171875
2022-01-26,1.130454421043396,28.421607971191406,78.73570251464844,1829.9000244140625
2022-01-27,1.124353528022766,28.523258209228516,79.19960021972656,1793.300048828125
2022-01-28,1.1147029399871826,28.722137451171875,78.07250213623047,1784.9000244140625
2022-01-31,1.1152374744415283,28.321165084838867,77.73580169677734,1795.0
2022-02-01,1.12296462059021,28.149751663208008,77.30780029296875,1800.300048828125
2022-02-02,1.1273956298828125,28.127309799194336,76.69159698486328,1809.199951171875
2022-02-03,1.1299946308135986,28.109437942504883,76.1729965209961,1803.0
2022-02-04,1.14357590675354,27.97927474975586,76.4114990234375,1806.5999755859375
2022-02-07,1.145514726638794,27.856281280517575,75.82779693603516,1820.5999755859375
2022-02-08,1.1442956924438477,27.715158462524418,75.41739654541016,1826.5999755859375
2022-02-09,1.142126202583313,27.70692253112793,75.0354995727539,1835.199951171875
2022-02-10,1.142152190208435,27.696889877319336,74.71019744873047,1836.199951171875
2022-02-11,1.1415525674819946,27.594133377075195,75.02729797363281,1840.800048828125
2022-02-14,1.1365057229995728,27.86947250366211,77.45439910888672,1868.0
2022-02-15,1.1306334733963013,28.27075958251953,76.4854965209961,1854.800048828125
2022-02-16,1.1356796026229858,27.919153213500977,75.4729995727539,1870.199951171875
2022-02-17,1.1375269889831543,27.84282875061035,75.03450012207031,1900.699951171875
2022-02-18,1.1366478204727173,28.05460548400879,76.12860107421875,1898.5999755859375
2022-02-21,1.131721019744873,28.07322883605957,77.36579895019531,
2022-02-22,1.1309658288955688,28.244592666625977,80.38300323486328,1906.0999755859375
2022-02-23,1.13291335105896,28.66783332824707,78.80950164794922,1909.199951171875
2022-02-24,1.1305694580078125,29.097753524780273,81.41439819335938,1925.0999755859375
2022-02-25,1.11906898021698,29.63726806640625,84.91500091552734,1886.5
2022-02-28,1.118105411529541,29.56256675720215,83.26100158691406,1899.4000244140625
2022-03-01,1.1215918064117432,29.795873641967773,104.97350311279295,1942.4000244140625
2022-03-02,1.1132758855819702,29.77278709411621,108.47949981689452,1920.9000244140625
2022-03-03,1.1112345457077026,29.771821975708008,102.71499633789062,1934.4000244140625
2022-03-04,1.1066844463348389,29.8347225189209,109.46499633789062,1965.0999755859375
2022-03-07,1.087453007698059,29.919620513916016,108.84510040283205,1993.9000244140625
2022-03-08,1.0865312814712524,29.719013214111328,138.96510314941406,2040.0999755859375
2022-03-09,1.0898232460021973,29.72546005249023,129.96499633789062,1985.9000244140625
2022-03-10,1.107382893562317,29.78346824645996,138.71499633789062,1998.0999755859375
2022-03-11,1.1013944149017334,29.11813735961914,133.46499633789062,1982.699951171875
2022-03-14,1.093206763267517,29.075489044189453,132.0886993408203,1959.5999755859375
2022-03-15,1.0943193435668943,29.09948348999023,119.96499633789062,1928.5
2022-03-16,1.0969363451004028,29.107641220092773,108.27749633789062,1908.0
2022-03-17,1.1021955013275146,29.219846725463867,100.96510314941406,1942.0999755859375
2022-03-18,1.1099518537521362,29.355329513549805,103.08999633789062,1928.199951171875
2022-03-21,1.1043134927749634,29.118497848510746,132.0886993408203,1928.5999755859375
2022-03-22,1.101722002029419,29.131195068359375,106.61499786376952,1920.699951171875
2022-03-23,1.1029735803604126,29.054000854492188,105.96499633789062,1936.5999755859375
2022-03-24,1.1006306409835815,29.119144439697266,96.71499633789062,1961.5999755859375
2022-03-25,1.1009578704833984,29.14912796020508,102.21499633789062,1953.800048828125
2022-03-28,1.098189115524292,29.34210205078125,100.83999633789062,1939.5999755859375
2022-03-29,1.099384307861328,29.23824119567871,97.96510314941406,1912.0
2022-03-30,1.1091516017913818,29.112598419189453,87.46499633789062,1933.5
2022-03-31,1.116183519363403,29.279760360717773,83.46499633789062,1949.199951171875
2022-04-01,1.1072357892990112,29.227519989013672,81.71499633789062,1919.0999755859375
2022-04-04,1.1047282218933103,29.181964874267575,84.21499633789062,1929.199951171875
2022-04-05,1.0975863933563232,29.11899757385254,83.71499633789062,1922.9000244140625
2022-04-06,1.090643286705017,29.121110916137695,83.96499633789062,1918.4000244140625
2022-04-07,1.0898232460021973,29.120920181274418,82.08999633789062,1933.800048828125
2022-04-08,1.0864840745925903,29.121564865112305,79.21499633789062,1941.5999755859375
2022-04-11,1.0884946584701538,29.136615753173828,85.08999633789062,1944.300048828125
2022-04-12,1.087795972824097,29.152212142944336,83.46499633789062,1972.0999755859375
2022-04-13,1.0826143026351929,29.253005981445312,85.33999633789062,1981.0
2022-04-14,1.089656949043274,29.108139038085938,82.38999938964844,1970.9000244140625
2022-04-15,1.0820988416671753,29.127975463867188,82.58999633789062,
2022-04-18,1.081525444984436,29.38328742980957,80.71499633789062,1982.9000244140625
2022-04-19,1.0781787633895874,29.407772064208984,81.08999633789062,1955.699951171875
2022-04-20,1.0794472694396973,29.259544372558594,80.96499633789062,1952.300048828125
2022-04-21,1.0849870443344116,29.13510513305664,82.73999786376953,1944.9000244140625
2022-04-22,1.0835175514221191,29.286367416381836,80.83999633789062,1931.0
2022-04-25,1.0811045169830322,29.201330184936523,77.33999633789062,1893.199951171875
2022-04-26,1.0714209079742432,29.970439910888672,75.73999786376953,1901.4000244140625
2022-04-27,1.0643619298934937,29.999813079833984,74.21499633789062,1885.9000244140625
2022-04-28,1.0555092096328735,29.991416931152344,73.83999633789062,1888.699951171875
2022-04-29,1.050420165061951,29.94003677368164,72.71499633789062,1909.300048828125
2022-05-02,1.0535964965820312,29.965641021728516,73.31500244140625,1861.800048828125
2022-05-03,1.0509058237075806,29.127344131469727,70.56500244140625,1868.800048828125
2022-05-04,1.052853226661682,28.978519439697266,67.21489715576172,1867.0
2022-05-05,1.0622477531433103,29.107255935668945,66.96499633789062,1874.0
2022-05-06,1.0539740324020386,29.158870697021484,64.79000091552734,1881.199951171875
2022-05-09,1.053219199180603,29.963457107543945,68.96499633789062,1857.0999755859375
2022-05-10,1.056579828262329,29.99254989624023,69.83999633789062,1839.9000244140625
2022-05-11,1.0532968044281006,29.9382266998291,69.83999633789062,1852.5999755859375
2022-05-12,1.05124831199646,29.947359085083008,66.71499633789062,1823.800048828125
2022-05-13,1.0379581451416016,29.25279235839844,65.08999633789062,1807.4000244140625
2022-05-16,1.0400632619857788,29.21399307250977,66.46499633789062,1813.5
2022-05-17,1.0438958406448364,29.264551162719727,64.58999633789062,1818.199951171875
2022-05-18,1.0547856092453003,29.230037689208984,64.96499633789062,1815.9000244140625
2022-05-19,1.0472739934921265,29.262388229370117,64.21499633789062,1841.199951171875
2022-05-20,1.057898759841919,29.276094436645508,62.09000015258789,1841.800048828125
2022-05-23,1.056981921195984,29.284738540649418,62.46500015258789,1847.800048828125
2022-05-24,1.0682048797607422,29.265718460083008,58.540000915527344,1865.0999755859375
2022-05-25,1.0736525058746338,29.136205673217773,57.089900970458984,1846.199951171875
2022-05-26,1.0686614513397217,29.245670318603516,60.31510162353515,1847.4000244140625
2022-05-27,1.0732953548431396,29.134504318237305,64.21499633789062,1851.300048828125
2022-05-30,1.073145627975464,29.244457244873047,66.46499633789062,
2022-05-31,1.0773539543151855,29.253877639770508,64.58989715576172,1842.699951171875
2022-06-01,1.0734105110168457,29.261533737182617,62.71500015258789,1843.300048828125
2022-06-02,1.0654165744781494,29.23876953125,63.46500015258789,1866.5
2022-06-03,1.0751069784164429,29.25048065185547,63.46500015258789,1845.4000244140625
2022-06-06,1.0726046562194824,29.177589416503903,63.21500015258789,1839.199951171875
2022-06-07,1.0691413879394531,29.246803283691406,61.34000015258789,1847.5
2022-06-08,1.0698620080947876,29.26999282836914,62.464900970458984,1851.9000244140625
2022-06-09,1.071765422821045,29.236364364624023,59.9650993347168,1848.800048828125
2022-06-10,1.0619205236434937,29.263303756713867,57.96500015258789,1871.5
2022-06-13,1.0489987134933472,29.472808837890625,110.67410278320312,1828.0
2022-06-14,1.0415147542953491,29.271709442138672,57.71500015258789,1809.5
2022-06-15,1.0440592765808103,29.251007080078125,58.34000015258789,1815.300048828125
2022-06-16,1.0456204414367676,29.25153160095215,57.21500015258789,1845.699951171875
2022-06-17,1.0546854734420776,29.27665138244629,57.339900970458984,1835.5999755859375
2022-06-20,1.049141764640808,29.317935943603516,56.71500015258789,
2022-06-21,1.0520778894424438,29.27096366882324,54.71500015258789,1834.5999755859375
2022-06-22,1.053263545036316,29.263952255249023,53.84000015258789,1834.300048828125
2022-06-23,1.0564124584197998,29.110435485839844,54.96500015258789,1825.699951171875
2022-06-24,1.052011489868164,29.26900100708008,54.46500015258789,1826.5
2022-06-27,1.0566133260726929,29.24569320678711,53.3650016784668,1820.9000244140625
2022-06-28,1.0580891370773315,29.26772689819336,53.09000015258789,1817.5
2022-06-29,1.0523545742034912,29.26506805419922,53.714900970458984,1813.699951171875
2022-06-30,1.04465913772583,29.22132873535156,52.4650993347168,1804.0999755859375
2022-07-01,1.0477677583694458,29.228906631469727,54.84000015258789,1798.9000244140625
2022-07-04,1.0433948040008545,29.252595901489254,53.23749923706055,
2022-07-05,1.0433186292648315,29.257171630859375,54.5,1761.800048828125
2022-07-06,1.0257673263549805,29.250551223754883,63.4650993347168,1734.9000244140625
2022-07-07,1.0186411142349243,29.255212783813477,63.51499938964844,1737.9000244140625
2022-07-08,1.0169836282730105,29.24543571472168,63.040000915527344,1740.5999755859375
2022-07-11,1.0166114568710327,29.114580154418945,64.86499786376953,1730.0
2022-07-12,1.004752516746521,29.299957275390625,60.91999816894531,1723.300048828125
2022-07-13,1.0033109188079834,29.22546768188477,58.38999938964844,1734.199951171875
2022-07-14,1.0032706260681152,29.243682861328125,58.439998626708984,1704.5
2022-07-15,1.0025665760040283,29.226076126098633,58.2400016784668,1702.4000244140625
2022-07-18,1.009631872177124,29.20317649841309,110.67410278320312,1709.199951171875
2022-07-19,1.0145177841186523,29.22634506225586,57.71500015258789,1710.0
2022-07-20,1.0231330394744873,29.25639533996582,56.46500015258789,1699.5
2022-07-21,1.0182781219482422,29.223678588867188,54.9650993347168,1712.699951171875
2022-07-22,1.0221081972122192,29.57979965209961,57.96500015258789,1727.0999755859375
2022-07-25,1.0200231075286863,36.304161071777344,58.09000015258789,1719.0
2022-07-26,1.022494912147522,36.26509094238281,58.46500015258789,1717.699951171875
2022-07-27,1.0129557847976685,36.50128555297851,60.09000015258789,1719.0999755859375
2022-07-28,1.0209290981292725,36.57760238647461,59.34000015258789,1750.300048828125
2022-07-29,1.0192328691482544,36.59309768676758,62.46500015258789,1762.9000244140625
2022-08-01,1.0208247900009155,36.67422866821289,62.21500015258789,1769.0
2022-08-02,1.0261356830596924,36.6345329284668,60.16999816894531,1771.0999755859375
2022-08-03,1.015568733215332,36.61038589477539,60.790000915527344,1758.0
2022-08-04,1.015764594078064,36.43217849731445,62.68510055541992,1788.5
2022-08-05,1.024779200553894,36.50479507446289,61.46500015258789,1772.9000244140625
2022-08-08,1.0170871019363403,36.82830047607422,60.4900016784668,1786.800048828125
2022-08-09,1.0197629928588867,36.61018753051758,61.84000015258789,1794.0
2022-08-10,1.0208144187927246,36.63066482543945,60.439998626708984,1795.5999755859375
2022-08-11,1.0300782918930054,36.6590461730957,61.46500015258789,1789.699951171875
2022-08-12,1.0316723585128784,36.632816314697266,60.59000015258789,1798.5999755859375
2022-08-15,1.0256409645080566,36.63321685791016,62.21500015258789,1781.4000244140625
2022-08-16,1.0161981582641602,36.57170867919922,60.5,1773.199951171875
2022-08-17,1.0170663595199585,36.63007354736328,61.46500015258789,1760.300048828125
2022-08-18,1.0180189609527588,36.65894317626953,60.46500015258789,1755.300048828125
2022-08-19,1.0089900493621826,36.55686569213867,59.96500015258789,1747.5999755859375
2022-08-22,1.0035223960876465,36.49463653564453,59.46500015258789,1734.0
2022-08-23,0.9939467906951904,36.62120819091797,60.09000015258789,1746.800048828125
2022-08-24,0.9966909885406494,36.62813949584961,60.21500015258789,1747.800048828125
2022-08-25,0.9969095587730408,36.61139297485352,59.790000915527344,1757.699951171875
2022-08-26,0.9971283078193665,36.592002868652344,60.34000015258789,1736.0999755859375
2022-08-29,0.993867814540863,36.817020416259766,60.26499938964844,1736.5999755859375
2022-08-30,1.0014019012451172,36.64929962158203,61.71500015258789,1723.199951171875
2022-08-31,1.0025062561035156,36.54007339477539,59.96500015258789,1712.800048828125
2022-09-01,1.003905177116394,36.57939147949219,60.09000015258789,1696.5999755859375
2022-09-02,0.995232880115509,36.6445198059082,60.17499923706055,1709.800048828125
2022-09-05,0.9909427762031556,36.63805389404297,60.17499923706055,
2022-09-06,0.9952229857444764,36.63117980957031,60.974998474121094,1700.4000244140625
2022-09-07,0.98979514837265,36.60662460327149,61.2400016784668,1715.300048828125
2022-09-08,0.9995701909065248,36.63533401489258,64.26490020751953,1708.0
2022-09-09,1.0012015104293823,36.622406005859375,61.46500015258789,1716.199951171875
2022-09-12,1.0071406364440918,36.35114669799805,62.185001373291016,1728.0999755859375
2022-09-13,1.0129557847976685,36.64397430419922,59.625,1705.0
2022-09-14,0.9982032775878906,36.624603271484375,58.5,1696.5
2022-09-15,0.9984025359153748,36.63346099853515,59.689998626708984,1665.4000244140625
2022-09-16,0.9988313317298888,36.433536529541016,59.59000015258789,1671.699951171875
2022-09-19,1.002234935760498,36.1898078918457,59.5,1666.199951171875
2022-09-20,1.0029587745666504,36.6047248840332,60.040000915527344,1659.699951171875
2022-09-21,0.997078537940979,36.62428665161133,60.400001525878906,1664.5999755859375
2022-09-22,0.983071506023407,36.65678024291992,61.564998626708984,1670.800048828125
2022-09-23,0.9841550588607788,36.64945983886719,61.46500015258789,1645.300048828125
2022-09-26,0.968992292881012,36.85556411743164,57.21500015258789,1623.300048828125
2022-09-27,0.9623712301254272,36.421165466308594,58.46500015258789,1626.699951171875
2022-09-28,0.959619164466858,36.62566375732422,58.8650016784668,1660.4000244140625
2022-09-29,0.9708172082901,36.50593948364258,58.41510009765625,1658.5
2022-09-30,0.9829555749893188,36.45198822021485,57.46500015258789,1662.4000244140625
2022-10-03,0.9792688488960266,36.642822265625,60.21500015258789,1692.9000244140625
2022-10-04,0.983206868171692,36.43351364135742,57.9900016784668,1721.0999755859375
2022-10-05,0.998432457447052,36.643775939941406,58.9900016784668,1711.4000244140625
2022-10-06,0.9910998940467834,36.76411819458008,61.28990173339844,1711.699951171875
2022-10-07,0.9789045453071594,36.6654167175293,60.4900016784668,1700.5
2022-10-10,0.9735012650489808,36.83802032470703,64.33499908447266,1667.300048828125
2022-10-11,0.9710057377815248,36.61557388305664,61.96500015258789,1678.699951171875
2022-10-12,0.9700167775154114,36.60897064208984,64.125,1670.300048828125
2022-10-13,0.9707984328269958,36.62947463989258,63.689998626708984,1670.0
2022-10-14,0.975134015083313,36.632537841796875,63.964900970458984,1641.699951171875
2022-10-17,0.973937451839447,36.637943267822266,62.6150016784668,1657.0
2022-10-18,0.9846396446228028,36.45021438598633,62.01499938964844,1649.0
2022-10-19,0.9863878488540648,36.590972900390625,62.26499938964844,1627.5
2022-10-20,0.9766482710838318,36.63346481323242,60.96500015258789,1630.800048828125
2022-10-21,0.9778899550437928,36.58869552612305,61.6150016784668,1651.0
2022-10-24,0.9860085844993592,36.213619232177734,61.6150016784668,1648.699951171875
2022-10-25,0.9886503219604492,36.448490142822266,61.21500015258789,1652.800048828125
2022-10-26,0.9963731169700624,36.631534576416016,62.21500015258789,1664.0
2022-10-27,1.009193778038025,36.61452865600586,61.2400016784668,1660.699951171875
2022-10-28,0.9967803955078124,36.544429779052734,61.290000915527344,1639.5999755859375
2022-10-31,0.9955002665519714,36.64134979248047,61.4900016784668,1635.9000244140625
2022-11-01,0.9886307716369628,36.64877700805664,62.01499938964844,1645.0
2022-11-02,0.9877909421920776,36.62169647216797,61.714900970458984,1645.699951171875
2022-11-03,0.9814409017562866,36.596717834472656,61.665000915527344,1627.300048828125
2022-11-04,0.9749630093574524,36.558006286621094,62.314998626708984,1672.5
2022-11-07,0.9928810596466064,36.01400375366211,61.96500015258789,1676.5
2022-11-08,1.0018634796142578,36.44610595703125,63.165000915527344,1712.0999755859375
2022-11-09,1.008084774017334,36.627166748046875,60.939998626708984,1710.0999755859375
2022-11-10,1.0019538402557373,36.506221771240234,61.6150016784668,1750.300048828125
2022-11-11,1.0192224979400637,36.61570358276367,60.71500015258789,1766.0
2022-11-14,1.0328551530838013,36.35044479370117,60.51499938964844,1773.5999755859375
2022-11-15,1.0319278240203855,36.65899658203125,59.53499984741211,1773.800048828125
2022-11-16,1.0357863903045654,36.66551208496094,61.3651008605957,1773.0
2022-11-17,1.039501070976257,36.589874267578125,60.7400016784668,1760.800048828125
2022-11-18,1.036172866821289,36.61899948120117,60.3650016784668,1751.9000244140625
2022-11-21,1.0330898761749268,36.61360549926758,60.814998626708984,1737.4000244140625
2022-11-22,1.0245691537857056,36.47610855102539,60.625,1738.300048828125
2022-11-23,1.0311086177825928,36.64608001708984,60.630001068115234,1744.9000244140625
2022-11-24,1.04162335395813,36.64683151245117,60.76499938964844,
2022-11-25,1.040810227394104,36.6568603515625,60.33000183105469,1753.300048828125
2022-11-28,1.0367528200149536,36.62882614135742,60.46500015258789,1740.0999755859375
2022-11-29,1.034554123878479,36.678707122802734,61.814998626708984,1748.4000244140625
2022-11-30,1.0324499607086182,36.4969596862793,60.810001373291016,1746.0
2022-12-01,1.042535424232483,36.624237060546875,60.9900016784668,1801.0999755859375
2022-12-02,1.052842140197754,36.451271057128906,61.18000030517578,1795.9000244140625
2022-12-05,1.0544185638427734,36.46044921875,60.51499938964844,1767.4000244140625
2022-12-06,1.0496923923492432,36.63818359375,60.51499938964844,1769.300048828125
2022-12-07,1.0469011068344116,36.64936065673828,60.51499938964844,1785.5
2022-12-08,1.051325798034668,36.63835906982422,63.464900970458984,1788.699951171875
2022-12-09,1.0559661388397217,36.64164352416992,63.3650016784668,1798.0999755859375
2022-12-12,1.0522217750549316,36.48613357543945,62.47999954223633,1780.5
2022-12-13,1.0541739463806152,36.62553787231445,62.625,1813.9000244140625
2022-12-14,1.062665343284607,36.46174621582031,63.18000030517578,1807.5
2022-12-15,1.0676347017288208,36.66586685180664,64.71499633789062,1777.199951171875
2022-12-16,1.064056158065796,36.48673629760742,64.61499786376953,1790.0
2022-12-19,1.05850350856781,36.59257507324219,64.83999633789062,1787.699951171875
2022-12-20,1.0614584684371948,36.65396881103515,69.71499633789062,1815.9000244140625
2022-12-21,1.062699317932129,36.49010467529297,69.25,1815.9000244140625
2022-12-22,1.0610079765319824,36.64171600341797,73.21499633789062,1787.0
2022-12-23,1.060333013534546,36.64155197143555,68.21499633789062,1795.9000244140625
2022-12-26,1.0667804479599,36.64107894897461,70.21499633789062,
2022-12-27,1.064022183418274,36.6307258605957,68.33000183105469,1814.800048828125
2022-12-28,1.0637166500091553,36.66424179077149,69.96499633789062,1807.9000244140625
2022-12-29,1.062925100326538,36.67545318603515,72.71499633789062,1819.5
2022-12-30,1.066075325012207,36.647804260253906,73.96499633789062,1819.699951171875
2023-01-02,1.0709733963012695,36.47061920166016,73.71499633789062,
2023-01-03,1.0677714347839355,36.47430038452149,70.99549865722656,1839.699951171875
2023-01-04,1.0546854734420776,36.465972900390625,73.01499938964844,1852.800048828125
2023-01-05,1.0606365203857422,36.4788932800293,72.46499633789062,1834.800048828125
2023-01-06,1.0522217750549316,36.489845275878906,72.11499786376953,1864.199951171875
2023-01-09,1.0656323432922363,36.49235153198242,72.46499633789062,1872.699951171875
2023-01-10,1.073318362236023,36.46228790283203,69.87999725341797,1871.5999755859375
2023-01-11,1.0738946199417114,36.49158477783203,69.63999938964844,1874.5999755859375
2023-01-12,1.0766000747680664,36.48554992675781,69.11900329589844,1895.5
2023-01-13,1.0860239267349243,36.47199630737305,67.75,1918.4000244140625
2023-01-16,1.082461953163147,36.34484100341797,65.96499633789062,
2023-01-17,1.083012938499451,36.46925354003906,68.71499633789062,1907.199951171875
2023-01-18,1.0793308019638062,36.50601577758789,68.46499633789062,1904.4000244140625
2023-01-19,1.0797853469848633,36.45003509521485,68.71499633789062,1922.0999755859375
2023-01-20,1.083388328552246,36.474220275878906,69.36499786376953,1926.4000244140625
2023-01-23,1.086507797241211,36.461299896240234,68.21499633789062,1927.0999755859375
2023-01-24,1.0874292850494385,36.68024444580078,68.94499969482422,1933.9000244140625
2023-01-25,1.088814616203308,36.642799377441406,69.41500091552734,1941.199951171875
2023-01-26,1.0922038555145264,36.4785041809082,69.19499969482422,1929.0999755859375
2023-01-27,1.0894432067871094,36.516998291015625,69.46499633789062,1928.5999755859375
2023-01-30,1.0871455669403076,36.48714828491211,70.69249725341797,1922.9000244140625
2023-01-31,1.0850694179534912,36.45232391357422,69.87999725341797,1929.5
2023-02-01,1.0860947370529177,36.466461181640625,70.55000305175781,1927.800048828125
2023-02-02,1.1012852191925049,36.6552848815918,69.9000015258789,1916.300048828125
2023-02-03,1.09051251411438,36.47410202026367,75.03099822998047,1862.9000244140625
2023-02-06,1.079086184501648,37.0005989074707,70.61499786376953,1866.199951171875
2023-02-07,1.0730764865875244,36.4605827331543,71.4749984741211,1871.699951171875
2023-02-08,1.0729728937149048,36.46183013916016,72.0999984741211,1877.4000244140625
2023-02-09,1.0715816020965576,36.45534133911133,73.22100067138672,1866.199951171875
2023-02-10,1.0742292404174805,36.441707611083984,73.00499725341797,1862.800048828125
2023-02-13,1.0677714347839355,36.450923919677734,73.07499694824219,1851.9000244140625
2023-02-14,1.073041915893555,36.47401428222656,74.06400299072266,1854.0
2023-02-15,1.0735719203948977,36.4616813659668,73.56500244140625,1834.199951171875
2023-02-16,1.0691757202148438,36.73582077026367,73.96499633789062,1842.0
2023-02-17,1.0665756464004517,36.65056991577149,74.68000030517578,1840.4000244140625
2023-02-20,1.0684444904327393,36.257049560546875,73.96499633789062,
2023-02-21,1.068261981010437,36.65924072265625,75.46399688720703,1833.0
2023-02-22,1.065200924873352,36.498233795166016,74.61499786376953,1832.0
2023-02-23,1.0605803728103638,36.46134185791016,74.86499786376953,1818.0
2023-02-24,1.0598047971725464,36.46147155761719,75.36499786376953,1808.800048828125
2023-02-27,1.055475831031799,36.44683837890625,75.9800033569336,1817.0
2023-02-28,1.0611205101013184,36.467559814453125,74.61499786376953,1828.9000244140625
2023-03-01,1.0577309131622314,36.64360809326172,75.01499938964844,1837.699951171875
2023-03-02,1.066894292831421,36.65056228637695,75.2300033569336,1833.5
2023-03-03,1.0599732398986816,36.65605926513672,75.48999786376953,1847.699951171875
2023-03-06,1.0626201629638672,36.65834426879883,75.36499786376953,1847.9000244140625
2023-03-07,1.0688328742980957,36.64527130126953,75.36499786376953,1813.9000244140625
2023-03-08,1.05507493019104,36.6404914855957,75.56500244140625,1812.699951171875
2023-03-09,1.0549525022506714,36.6403694152832,76.01499938964844,1829.300048828125
2023-03-10,1.0584698915481567,36.66259765625,75.81500244140625,1862.0
2023-03-13,1.0683646202087402,36.44646072387695,76.16500091552734,1911.699951171875
2023-03-14,1.0725010633468628,36.68101119995117,75.51499938964844,1906.199951171875
2023-03-15,1.0727657079696655,36.45651626586914,75.71499633789062,1926.5999755859375
2023-03-16,1.0583354234695437,36.50287628173828,5.0,1919.0
2023-03-17,1.0614134073257446,36.48286056518555,76.46499633789062,1969.800048828125
2023-03-20,1.0678855180740356,36.13747024536133,76.92500305175781,1979.199951171875
2023-03-21,1.071914792060852,36.65327835083008,77.46499633789062,1938.0
2023-03-22,1.0774236917495728,36.651947021484375,77.21499633789062,1946.800048828125
2023-03-23,1.0870392322540283,36.65589141845703,76.88999938964844,1993.800048828125
2023-03-24,1.0835057497024536,36.435264587402344,75.96499633789062,1982.0999755859375
2023-03-27,1.077818512916565,36.68307113647461,77.24500274658203,1952.4000244140625
2023-03-28,1.0807071924209597,36.638057708740234,76.5,1972.4000244140625
2023-03-29,1.0839520692825315,36.60049819946289,76.5250015258789,1966.0999755859375
2023-03-30,1.0843634605407717,36.64656448364258,77.29000091552734,1980.300048828125
2023-03-31,1.0904649496078491,36.480716705322266,77.23999786376953,1969.0
2023-04-03,1.080333590507507,36.39627456665039,77.96499633789062,1983.9000244140625
2023-04-04,1.091226577758789,36.4906120300293,78.61499786376953,2022.199951171875
2023-04-05,1.0960105657577517,36.52603912353515,79.26499938964844,2020.9000244140625
2023-04-06,1.090334177017212,36.671390533447266,80.16500091552734,2011.9000244140625
2023-04-07,1.0920130014419556,36.52973556518555,81.16500091552734,
2023-04-10,1.0913575887680054,36.23659896850586,81.06500244140625,1989.0999755859375
2023-04-11,1.086932897567749,36.53157424926758,81.625,2004.800048828125
2023-04-12,1.0917507410049438,36.67445373535156,81.06500244140625,2010.9000244140625
2023-04-13,1.0999890565872192,36.65424728393555,82.01499938964844,2041.300048828125
2023-04-14,1.1054610013961792,36.47002029418945,81.66500091552734,2002.199951171875
2023-04-17,1.098659634590149,36.51105499267578,81.51499938964844,1994.199951171875
2023-04-18,1.0925379991531372,36.48922348022461,82.01499938964844,2007.4000244140625
2023-04-19,1.0975382328033447,36.49466323852539,81.76499938964844,1995.199951171875
2023-04-20,1.095218300819397,36.66785430908203,81.66500091552734,2007.5999755859375
2023-04-21,1.0970927476882937,36.657447814941406,81.76499938964844,1979.5
2023-04-24,1.0992271900177002,36.639366149902344,81.41500091552734,1989.0999755859375
2023-04-25,1.1059499979019165,36.54902648925781,81.45999908447266,1994.0
2023-04-26,1.0978394746780396,36.470218658447266,80.81600189208984,1985.699951171875
2023-04-27,1.1047282218933103,36.685977935791016,81.76499938964844,1989.9000244140625
2023-04-28,1.1032048463821411,36.65477752685547,81.81500244140625,1990.0999755859375
2023-05-01,1.1010911464691162,36.163875579833984,80.41500091552734,1983.4000244140625
2023-05-02,1.0969241857528689,36.57279586791992,80.66500091552734,2014.300048828125
2023-05-03,1.1010911464691162,36.424339294433594,80.07499694824219,2028.5999755859375
2023-05-04,1.1068925857543943,36.65407180786133,79.46499633789062,2048.0
2023-05-05,1.102292776107788,36.65338134765625,78.46499633789062,2017.4000244140625
2023-05-08,1.10186767578125,36.66519927978515,77.7750015258789,2026.300048828125
2023-05-09,1.0996140241622925,36.663482666015625,77.69000244140625,2036.199951171875
2023-05-10,1.096467137336731,36.67094802856445,77.96499633789062,2030.5
2023-05-11,1.098406195640564,36.49785232543945,77.69000244140625,2014.699951171875
2023-05-12,1.0912145376205444,36.64487075805664,76.96499633789062,2014.5
2023-05-15,1.0852696895599363,36.54253005981445,77.32499694824219,2018.0
2023-05-16,1.0873701572418213,36.66758728027344,79.71499633789062,1988.4000244140625
2023-05-17,1.0865668058395386,36.65842056274414,80.45500183105469,1980.699951171875
2023-05-18,1.0838346481323242,36.647342681884766,79.71499633789062,1956.5
2023-05-19,1.0775396823883057,36.66585159301758,80.36499786376953,1978.699951171875
2023-05-22,1.0822745561599731,36.558135986328125,80.06500244140625,1974.800048828125
2023-05-23,1.0811045169830322,36.67352294921875,80.46499633789062,1972.4000244140625
2023-05-24,1.076971173286438,36.64078903198242,80.125,1962.800048828125
2023-05-25,1.0757315158843994,36.60043716430664,80.06500244140625,1943.0999755859375
2023-05-26,1.072443604469299,36.64346694946289,79.98999786376953,1944.0999755859375
2023-05-29,1.0723055601119995,36.72220993041992,78.96499633789062,
2023-05-30,1.0707669258117676,36.463321685791016,80.21499633789062,1958.0
2023-05-31,1.073306918144226,36.64618682861328,79.61000061035156,1963.9000244140625
2023-06-01,1.0695186853408811,36.62953567504883,81.51499938964844,1978.0
2023-06-02,1.0760787725448608,36.63858413696289,80.96499633789062,1952.4000244140625
2023-06-05,1.0698620080947876,36.79410934448242,80.76499938964844,1958.0
2023-06-06,1.0711798667907717,36.58842086791992,80.56500244140625,1965.5
2023-06-07,1.0698047876358032,36.67781448364258,81.31500244140625,1942.699951171875
2023-06-08,1.0707440376281738,36.63225936889648,81.51499938964844,1963.5999755859375
2023-06-09,1.078271746635437,36.645992279052734,81.9749984741211,1962.199951171875
2023-06-12,1.0750954151153564,36.63824462890625,82.69000244140625,1955.300048828125
2023-06-13,1.0762988328933716,36.662967681884766,83.84500122070312,1944.5999755859375
2023-06-14,1.078934907913208,36.6733512878418,83.91500091552734,1955.300048828125
2023-06-15,1.084304690361023,36.660945892333984,83.96499633789062,1957.800048828125
2023-06-16,1.0945948362350464,36.67586517333984,83.44499969482422,1958.4000244140625
2023-06-19,1.0942115783691406,36.58766174316406,83.46499633789062,
2023-06-20,1.0924304723739624,36.654747009277344,83.81500244140625,1935.5
2023-06-21,1.0920368432998655,36.65364456176758,84.71399688720703,1933.300048828125
2023-06-22,1.0992635488510132,36.653419494628906,83.61499786376953,1912.699951171875
2023-06-23,1.0958904027938845,36.663516998291016,80.94999694824219,1919.0999755859375
2023-06-26,1.0906671285629272,36.42924499511719,83.61499786376953,1923.699951171875
2023-06-27,1.091048002243042,36.651248931884766,84.375,1914.0
2023-06-28,1.0957223176956177,36.66965103149414,85.33999633789062,1912.300048828125
2023-06-29,1.0915838479995728,36.671417236328125,85.8550033569336,1909.199951171875
2023-06-30,1.086802959442139,36.64974212646485,86.82499694824219,1921.0999755859375
2023-07-03,1.0907504558563232,36.420196533203125,87.91500091552734,1921.699951171875
2023-07-04,1.091309905052185,36.62041091918945,89.47000122070312,
2023-07-05,1.0884946584701538,36.67168426513672,89.96499633789062,1919.5999755859375
2023-07-06,1.0856584310531616,36.64390563964844,91.21499633789062,1908.699951171875
2023-07-07,1.0890636444091797,36.663543701171875,91.21499633789062,1926.199951171875
2023-07-10,1.0969723463058472,36.37376403808594,91.2249984741211,1925.0
2023-07-11,1.100594401359558,36.666378021240234,90.51499938964844,1931.300048828125
2023-07-12,1.101406455039978,36.722442626953125,90.46499633789062,1956.199951171875
2023-07-13,1.1144545078277588,36.31305694580078,90.46499633789062,1959.199951171875
2023-07-14,1.1223469972610474,36.65126037597656,90.09500122070312,1960.0999755859375
2023-07-17,1.1227755546569824,36.38680648803711,90.21499633789062,1952.4000244140625
2023-07-18,1.123759627342224,36.47136306762695,90.56999969482422,1977.199951171875
2023-07-19,1.1228890419006348,36.678810119628906,90.96499633789062,1977.5
2023-07-20,1.120523452758789,36.49257278442383,91.91500091552734,1968.300048828125
2023-07-21,1.113709807395935,36.66787338256836,90.06500244140625,1964.300048828125
2023-07-24,1.112532615661621,36.45883560180664,90.46499633789062,1960.300048828125
2023-07-25,1.1063170433044434,36.63890075683594,90.41500091552734,1962.0999755859375
2023-07-26,1.1050456762313845,36.66888427734375,90.16500091552734,1968.9000244140625
2023-07-27,1.1078368425369265,36.67865753173828,89.96499633789062,1945.4000244140625
2023-07-28,1.0978755950927734,36.672637939453125,90.66500091552734,1960.4000244140625
2023-07-31,1.1024264097213743,36.515743255615234,92.0250015258789,1970.5
2023-08-01,1.0997591018676758,36.68197250366211,91.61499786376952,1940.699951171875
2023-08-02,1.100788116455078,36.67252731323242,92.375,1937.4000244140625
2023-08-03,1.0944151878356934,36.71222686767578,94.01499938964844,1932.0
2023-08-04,1.095158338546753,36.64140701293945,94.96499633789062,1939.5999755859375
2023-08-07,1.1002674102783203,36.425418853759766,95.83999633789062,1933.5
2023-08-08,1.100315809249878,36.639251708984375,95.71499633789062,1924.0999755859375
2023-08-09,1.0958904027938845,36.46184158325195,97.16999816894533,1915.4000244140625
2023-08-10,1.0977671146392822,36.661319732666016,96.83999633789062,1914.4000244140625
2023-08-11,1.0981649160385132,36.47315216064453,96.98999786376952,1912.9000244140625
2023-08-14,1.094439148902893,36.79680633544922,99.95999908447266,1910.5999755859375
2023-08-15,1.0909883975982666,36.680320739746094,96.96499633789062,1902.5
2023-08-16,1.0904173851013184,36.651851654052734,98.46499633789062,1896.0999755859375
2023-08-17,1.0874884128570557,36.666500091552734,94.46399688720705,1884.0999755859375
2023-08-18,1.0874648094177246,36.666500091552734,94.46499633789062,1886.0999755859375
2023-08-21,1.087559461593628,36.5600700378418,95.16500091552734,1893.300048828125
2023-08-22,1.0898351669311523,36.63185501098633,93.46499633789062,1896.4000244140625
2023-08-23,1.0846692323684692,36.66632843017578,94.46499633789062,1918.5
2023-08-24,1.086578607559204,36.657012939453125,94.96600341796876,1918.199951171875
2023-08-25,1.07991361618042,36.65690231323242,94.46499633789062,1911.0999755859375
2023-08-28,1.0797386169433594,36.67503356933594,95.46499633789062,1917.9000244140625
2023-08-29,1.082555651664734,36.65774154663086,94.46499633789062,1936.5
2023-08-30,1.0869210958480835,36.64805603027344,95.38999938964844,1944.300048828125
2023-08-31,1.0932546854019165,36.6798210144043,96.26499938964844,1938.199951171875
2023-09-01,1.0844104290008545,36.65943145751953,95.83999633789062,1939.800048828125
2023-09-04,1.07758629322052,36.822227478027344,96.37000274658205,
2023-09-05,1.0794472694396973,36.68494415283203,96.21499633789062,1926.199951171875
2023-09-06,1.0726161003112793,36.711273193359375,96.73500061035156,1918.0999755859375
2023-09-07,1.0724204778671265,36.64234924316406,97.76499938964844,1917.5
2023-09-08,1.0697818994522097,36.64016342163086,98.46499633789062,1918.4000244140625
2023-09-11,1.071811318397522,36.605682373046875,97.71499633789062,1923.300048828125
2023-09-12,1.0750375986099243,36.5917854309082,95.01499938964844,1911.300048828125
2023-09-13,1.075326681137085,36.480220794677734,94.86900329589844,1909.0999755859375
2023-09-14,1.073422074317932,36.662349700927734,95.96499633789062,1910.0
2023-09-15,1.0637166500091553,36.65193557739258,95.46499633789062,1923.699951171875
2023-09-18,1.0668259859085083,36.59071350097656,96.76499938964844,1931.5
2023-09-19,1.0692671537399292,36.64524841308594,95.91500091552734,1932.0
2023-09-20,1.0682048797607422,36.65565490722656,97.46600341796876,1945.5999755859375
2023-09-21,1.065303087234497,36.66917419433594,95.98999786376952,1919.199951171875
2023-09-22,1.0661548376083374,36.67289733886719,96.06400299072266,1925.4000244140625
2023-09-25,1.0648492574691772,36.52157211303711,96.26499938964844,1916.5999755859375
2023-09-26,1.0591648817062378,36.635860443115234,94.80500030517578,1900.4000244140625
2023-09-27,1.0569483041763306,36.65143966674805,96.56500244140624,1871.5999755859375
2023-09-28,1.0505305528640747,36.67706680297851,96.06999969482422,1860.4000244140625
2023-09-29,1.0562450885772705,36.65736770629883,96.61499786376952,1848.0999755859375
2023-10-02,1.0565240383148191,36.72753143310547,97.96499633789062,1830.0
2023-10-03,1.0480751991271973,36.46637344360352,98.76499938964844,1824.5999755859375
2023-10-04,1.0472300052642822,36.37696075439453,100.96499633789062,1818.5
2023-10-05,1.0507071018218994,36.328556060791016,99.46499633789062,1816.5999755859375
2023-10-06,1.0546631813049316,36.22934341430664,100.08999633789062,1830.199951171875
2023-10-09,1.056747317314148,36.202877044677734,100.96499633789062,1849.5
2023-10-10,1.0578875541687012,36.24395751953125,99.21499633789062,1861.0
2023-10-11,1.0604791641235352,36.2136116027832,100.26480102539062,1872.800048828125
2023-10-12,1.0624282360076904,36.207332611083984,97.71600341796876,1869.300048828125
2023-10-13,1.0536741018295288,36.16573715209961,97.69000244140624,1927.4000244140625
2023-10-16,1.052155375480652,36.095211029052734,97.66500091552734,1921.0999755859375
2023-10-17,1.055431246757507,36.09531784057617,97.31500244140624,1922.699951171875
2023-10-18,1.057305932044983,36.185604095458984,97.99500274658205,1955.300048828125
2023-10-19,1.053851842880249,36.33269882202149,98.0749969482422,1968.4000244140625
2023-10-20,1.0586491823196411,36.307762145996094,96.1500015258789,1982.5
2023-10-23,1.0589966773986816,36.18077087402344,95.41500091552734,1976.300048828125
2023-10-24,1.0669853687286377,36.267940521240234,94.46499633789062,1975.0
2023-10-25,1.059535264968872,36.28474426269531,93.44499969482422,1984.0999755859375
2023-10-26,1.056725025177002,36.245967864990234,93.96499633789062,1987.199951171875
2023-10-27,1.0564459562301636,36.2037239074707,93.61499786376952,1988.5999755859375
2023-10-30,1.0562450885772705,36.04678726196289,94.16500091552734,1996.199951171875
2023-10-31,1.061503529548645,36.09015274047851,92.5199966430664,1985.199951171875
2023-11-01,1.0579099655151367,35.95892333984375,93.29000091552734,1978.800048828125
2023-11-02,1.05870521068573,36.037540435791016,92.5749969482422,1985.5999755859375
2023-11-03,1.061909317970276,35.90529251098633,93.23999786376952,1991.5
2023-11-06,1.073214769363403,35.584442138671875,91.6959991455078,1981.5999755859375
2023-11-07,1.0721560716629028,35.77582550048828,92.62000274658205,1966.800048828125
2023-11-08,1.0696102380752563,35.71858596801758,92.06500244140624,1951.5
2023-11-09,1.07104229927063,35.774967193603516,91.81500244140624,1964.199951171875
2023-11-10,1.0667576789855957,35.76643371582031,91.63999938964844,1932.5999755859375
2023-11-13,1.069015622138977,35.69782257080078,92.16999816894533,1945.5
2023-11-14,1.0701825618743896,35.96900177001953,91.87999725341795,1961.800048828125
2023-11-15,1.0878314971923828,36.03489303588867,90.5,1960.0999755859375
2023-11-16,1.0854581594467163,35.95606994628906,89.41999816894531,1983.9000244140625
2023-11-17,1.0853756666183472,35.96153259277344,89.31500244140625,1981.5999755859375
2023-11-20,1.090702772140503,35.667659759521484,89.33999633789062,1977.699951171875
2023-11-21,1.0945948362350464,35.73909378051758,88.5199966430664,1999.300048828125
2023-11-22,1.0918222665786743,35.81956481933594,88.20999908447266,1991.4000244140625
2023-11-23,1.0890873670578003,35.764461517333984,88.36499786376953,
2023-11-24,1.0906314849853516,35.75197219848633,88.23999786376953,2002.199951171875
2023-11-27,1.0940439701080322,35.701656341552734,89.24500274658203,2011.800048828125
2023-11-28,1.095842361450195,35.989227294921875,89.04000091552734,2039.699951171875
2023-11-29,1.100594401359558,36.0730094909668,88.84500122070312,2047.0999755859375
2023-11-30,1.0973695516586304,36.103660583496094,88.66500091552734,2038.0999755859375
2023-12-01,1.089205980300903,36.07918930053711,89.94000244140625,2071.0
2023-12-04,1.088814616203308,36.2169303894043,91.19000244140624,2024.0999755859375
2023-12-05,1.0837758779525757,36.30997848510742,91.46499633789062,2018.5
2023-12-06,1.0793657302856443,36.41231918334961,90.17749786376952,2030.5
2023-12-07,1.076669692993164,36.46250534057617,92.76499938964844,2029.9000244140625
2023-12-08,1.079214334487915,36.4302978515625,92.4000015258789,1998.300048828125
2023-12-11,1.0765769481658936,36.51482772827149,92.12000274658205,1978.0
2023-12-12,1.076658010482788,36.64084243774414,90.9250030517578,1977.800048828125
2023-12-13,1.0798670053482056,36.729034423828125,90.26499938964844,1982.300048828125
2023-12-14,1.0886130332946775,36.7567024230957,89.31500244140625,2030.199951171875
2023-12-15,1.0993602275848389,36.72508239746094,89.48999786376953,2021.0999755859375
2023-12-18,1.0895264148712158,36.96924591064453,90.61499786376952,2026.300048828125
2023-12-19,1.092382788658142,36.9328727722168,90.48999786376952,2038.4000244140625
2023-12-20,1.0981045961380005,37.04456329345703,90.44000244140624,2034.5
2023-12-21,1.094570875167847,37.34785079956055,90.05500030517578,2039.0999755859375
2023-12-22,1.100618600845337,37.32790756225586,92.86000061035156,2057.10009765625
2023-12-25,1.102657437324524,37.257232666015625,92.08999633789062,
2023-12-26,1.1020255088806152,37.257232666015625,91.9574966430664,2058.199951171875
2023-12-27,1.1043012142181396,37.282283782958984,91.59500122070312,2081.89990234375
2023-12-28,1.110864281654358,37.5164794921875,91.61000061035156,2073.89990234375
2023-12-29,1.1068191528320312,37.989044189453125,88.44000244140625,2062.39990234375
2024-01-01,1.1055831909179688,37.82316589355469,89.21499633789062,
2024-01-02,1.1038745641708374,37.85740661621094,89.21499633789062,2064.39990234375
2024-01-03,1.0941756963729858,37.87657928466797,90.3949966430664,2034.199951171875
2024-01-04,1.0927767753601074,37.81045150756836,91.96499633789062,2042.300048828125
2024-01-05,1.0947387218475342,37.75672149658203,91.31500244140624,2042.4000244140625
2024-01-08,1.0942236185073853,37.7079963684082,90.8949966430664,2026.5999755859375
2024-01-09,1.095170259475708,37.956085205078125,90.8949966430664,2026.4000244140625
2024-01-10,1.093242645263672,37.86749649047851,90.8949966430664,2021.699951171875
2024-01-11,1.0975141525268557,37.922855377197266,90.88999938964844,2014.300048828125
2024-01-12,1.0981649160385132,37.617279052734375,89.88999938964844,2046.699951171875
2024-01-15,1.094570875167847,37.523780822753906,89.88999938964844,
2024-01-16,1.094570875167847,37.63193130493164,89.88999938964844,2026.0
2024-01-17,1.087878942489624,37.70222854614258,87.94999694824219,2002.5999755859375
2024-01-18,1.0885775089263916,37.59206771850586,88.62000274658203,2018.5999755859375
2024-01-19,1.0879143476486206,37.39303207397461,88.62000274658203,2026.5
2024-01-22,1.089229702949524,37.21479797363281,89.41999816894531,2019.800048828125
2024-01-23,1.088020920753479,37.13223648071289,87.98999786376953,2023.699951171875
2024-01-24,1.0857881307601929,37.18595886230469,87.98999786376953,2013.9000244140625
2024-01-25,1.088174819946289,37.18389892578125,88.69000244140625,2016.9000244140625
2024-01-26,1.0847046375274658,37.3609504699707,88.0,2016.800048828125
2024-01-29,1.0843517780303955,37.594276428222656,88.0,2025.199951171875
2024-01-30,1.0834470987319946,37.59932327270508,89.2699966430664,2031.5
2024-01-31,1.08433997631073,37.5439567565918,89.73999786376953,2048.39990234375
2024-02-01,1.0803920030593872,37.196495056152344,89.9800033569336,2053.0
2024-02-02,1.0874648094177246,37.32087707519531,90.41000366210938,2036.0999755859375
2024-02-05,1.0780043601989746,37.580867767333984,90.98999786376952,2025.699951171875
2024-02-06,1.0741831064224243,37.318565368652344,90.98999786376952,2034.5
2024-02-07,1.075719952583313,37.36845779418945,90.51000213623048,2035.199951171875
2024-02-08,1.077574610710144,37.32341766357422,90.51000213623048,2032.199951171875
2024-02-09,1.077725529670715,37.283912658691406,91.16999816894533,2023.300048828125
2024-02-12,1.0798202753067017,37.340538024902344,91.37000274658205,2018.199951171875
2024-02-13,1.0772264003753662,37.681541442871094,91.37000274658205,1992.9000244140625
2024-02-14,1.070893168449402,37.86458206176758,91.5,1990.300048828125
2024-02-15,1.073214769363403,37.89170455932617,91.63999938964844,2002.0999755859375
2024-02-16,1.0773887634277344,37.61238479614258,92.2699966430664,2011.5
2024-02-19,1.0784927606582642,37.790767669677734,92.2699966430664,
2024-02-20,1.0775396823883057,38.01479721069336,92.47000122070312,2027.5
2024-02-21,1.0813149213790894,38.20662307739258,92.0999984741211,2022.300048828125
2024-02-22,1.082040309906006,38.35417556762695,92.0999984741211,2019.699951171875
2024-02-23,1.0825674533843994,38.20702362060547,93.04000091552734,2038.5999755859375
2024-02-26,1.0820051431655884,37.96548843383789,93.04000091552734,2028.5
2024-02-27,1.0850930213928225,38.12097930908203,91.87000274658205,2034.0
2024-02-28,1.084481120109558,37.99392318725586,91.87000274658205,2033.0
2024-02-29,1.0838816165924072,37.798927307128906,91.87000274658205,2045.699951171875
2024-03-01,1.0804970264434814,37.76386642456055,91.48999786376952,2086.89990234375
2024-03-04,1.084269404411316,37.76424407958984,91.48999786376952,2117.699951171875
2024-03-05,1.0855170488357544,38.03841400146485,91.48999786376952,2133.5
2024-03-06,1.0855995416641235,38.13593292236328,91.61000061035156,2150.300048828125
2024-03-07,1.089953899383545,37.95338821411133,90.80999755859376,2158.0
2024-03-08,1.0950144529342651,37.64615631103515,90.80999755859376,2178.60009765625
2024-03-11,1.0942955017089844,37.90690231323242,90.94000244140624,2182.5
2024-03-12,1.093135118484497,38.127235412597656,90.48999786376952,2160.39990234375
2024-03-13,1.0927767753601074,38.21970748901367,91.72000122070312,2175.39990234375
2024-03-14,1.0955302715301514,38.4845085144043,91.33999633789062,2163.0
2024-03-15,1.0883406400680542,38.42085266113281,91.33999633789062,2157.300048828125
2024-03-18,1.0882576704025269,38.52814483642578,92.5199966430664,2160.699951171875
2024-03-19,1.087393879890442,38.82185745239258,92.5199966430664,2156.300048828125
2024-03-20,1.0863306522369385,38.88087463378906,91.44000244140624,2157.89990234375
2024-03-21,1.0937210321426392,38.87284851074219,91.44000244140624,2182.39990234375
2024-03-22,1.0862362384796145,38.613033294677734,92.3499984741211,2158.10009765625
2024-03-25,1.0807539224624634,38.56679916381836,92.12000274658205,2174.800048828125
2024-03-26,1.0838228464126587,39.0054931640625,92.4749984741211,2175.60009765625
2024-03-27,1.0832358598709106,38.949745178222656,92.47000122070312,2190.60009765625
2024-03-28,1.0813382863998413,39.0059700012207,92.44000244140624,2217.39990234375
2024-03-29,1.0794472694396973,38.94998550415039,92.44000244140624,
2024-04-01,1.0792726278305054,38.89589309692383,92.56999969482422,2236.5
2024-04-02,1.0737217664718628,38.931034088134766,92.27999877929688,2261.0
2024-04-03,1.076855182647705,39.050437927246094,92.27999877929688,2294.39990234375
2024-04-04,1.0838346481323242,38.84907531738281,92.4499969482422,2288.800048828125
2024-04-05,1.0837054252624512,38.7232780456543,92.4499969482422,2325.699951171875
2024-04-08,1.0830481052398682,38.53902053833008,92.56999969482422,2331.699951171875
2024-04-09,1.0863661766052246,38.60959243774414,92.62000274658205,2343.5
2024-04-10,1.0859296321868896,38.63911437988281,92.62000274658205,2329.60009765625
2024-04-11,1.074171543121338,38.68075180053711,92.88999938964844,2354.800048828125
2024-04-12,1.0726851224899292,38.93336868286133,92.88999938964844,2356.199951171875
2024-04-15,1.0649627447128296,39.063201904296875,93.3000030517578,2365.800048828125
2024-04-16,1.0625749826431274,39.27675247192383,93.3000030517578,2390.800048828125
2024-04-17,1.0621461868286133,39.275901794433594,93.3000030517578,2371.699951171875
2024-04-18,1.0669398307800293,39.152442932128906,94.13999938964844,2382.300048828125
2024-04-19,1.0644185543060305,39.354496002197266,93.6999969482422,2398.39990234375
2024-04-22,1.065825343132019,39.44641876220703,93.6999969482422,2332.199951171875
2024-04-23,1.065405249595642,39.51266098022461,93.0199966430664,2327.699951171875
2024-04-24,1.0704345703125,39.258323669433594,93.0199966430664,2324.5
2024-04-25,1.0699878931045532,39.26251602172851,93.47000122070312,2329.800048828125
2024-04-26,1.072961449623108,39.359283447265625,92.2699966430664,2334.800048828125
2024-04-29,1.0706866979599,39.41559600830078,92.2699966430664,2345.39990234375
2024-04-30,1.0715701580047607,39.38056945800781,93.41999816894533,2291.39990234375
2024-05-01,1.0666552782058716,39.24691009521485,93.41999816894533,2299.89990234375
2024-05-02,1.0721560716629028,39.312950134277344,93.26000213623048,2299.199951171875
2024-05-03,1.073306918144226,39.25912857055664,93.26000213623048,2299.0
2024-05-06,1.0758124589920044,39.01825714111328,93.26000213623048,2321.60009765625
2024-05-07,1.0767507553100586,39.01445007324219,91.06999969482422,2315.199951171875
2024-05-08,1.0750491619110107,39.03104019165039,91.06999969482422,2313.60009765625
2024-05-09,1.0746910572052002,39.13533020019531,91.27999877929688,2332.10009765625
2024-05-10,1.078515887260437,39.314430236816406,91.62000274658205,2367.300048828125
2024-05-13,1.077040672302246,39.33397674560547,91.62000274658205,2336.10009765625
2024-05-14,1.079354166984558,39.32950592041016,91.62000274658205,2353.39990234375
2024-05-15,1.0814552307128906,39.38022994995117,91.31999969482422,2388.699951171875
2024-05-16,1.0889805555343628,39.30445098876953,90.74500274658205,2380.0
2024-05-17,1.0867793560028076,39.069210052490234,90.74500274658205,2412.199951171875
2024-05-20,1.0875475406646729,38.97608947753906,90.74500274658205,2433.89990234375
2024-05-21,1.086082935333252,39.40827178955078,90.29000091552734,2421.699951171875
2024-05-22,1.0855170488357544,39.545413970947266,90.31999969482422,2389.199951171875
2024-05-23,1.0825204849243164,39.53293228149414,90.31999969482422,2335.0
2024-05-24,1.0812681913375854,39.67145919799805,91.62000274658205,2332.5
2024-05-27,1.0847634077072144,39.8148078918457,91.62000274658205,
2024-05-28,1.0861891508102417,40.04216384887695,91.62000274658205,2355.199951171875
2024-05-29,1.0851871967315674,40.21459197998047,91.62000274658205,2340.300048828125
2024-05-30,1.0801819562911987,40.25656509399414,89.56999969482422,2342.89990234375
2024-05-31,1.0835410356521606,40.23517990112305,89.56999969482422,2322.89990234375
2024-06-03,1.0853049755096436,40.250518798828125,90.41999816894533,2346.60009765625
2024-06-04,1.0907385349273682,40.108909606933594,89.31999969482422,2325.5
2024-06-05,1.0881866216659546,40.02558135986328,88.52999877929688,2354.10009765625
2024-06-06,1.087453007698059,39.86302947998047,89.04549407958984,2370.300048828125
2024-06-07,1.0894432067871094,39.81354141235352,89.32048797607422,2305.199951171875
2024-06-10,1.077888250350952,40.198936462402344,88.8342514038086,2307.699951171875
2024-06-11,1.0764262676239014,40.15951919555664,88.8700180053711,2307.5
2024-06-12,1.07403302192688,40.23253631591797,89.24626922607422,2336.0
2024-06-13,1.0813149213790894,40.2037353515625,88.9970932006836,2300.199951171875
2024-06-14,1.0738831758499146,40.55653762817383,87.87535095214844,2331.39990234375
2024-06-17,1.0702168941497805,40.37563705444336,88.06436157226562,2312.39990234375
2024-06-18,1.0740677118301392,40.36173629760742,88.72040557861328,2330.39990234375
2024-06-19,1.0742292404174805,40.31148147583008,85.37165832519531,
2024-06-20,1.0751532316207886,40.26707077026367,83.49625396728516,2353.800048828125
2024-06-21,1.0706409215927124,40.23848342895508,87.37244415283203,2316.39990234375
2024-06-24,1.0687757730484009,40.1268310546875,87.3442153930664,2330.0
2024-06-25,1.0732723474502563,40.320701599121094,87.99541473388672,2316.60009765625
2024-06-26,1.0709619522094729,40.3578987121582,87.4979476928711,2299.199951171875
2024-06-27,1.068010926246643,40.24713516235352,88.2453842163086,2324.5
2024-06-28,1.0708472728729248,40.23554229736328,84.99630737304688,2327.699951171875
2024-07-01,1.0735257863998413,40.13554763793945,85.50910186767578,2327.60009765625
2024-07-02,1.0737102031707764,40.36433792114258,86.7470474243164,2323.0
2024-07-03,1.0748412609100342,40.49357223510742,87.84622192382812,2359.800048828125
2024-07-04,1.0793308019638062,40.41166305541992,88.49542999267578,
2024-07-05,1.0810693502426147,40.25864791870117,88.99748992919922,2388.5
2024-07-08,1.082602620124817,40.30134201049805,87.1934585571289,2355.199951171875
2024-07-09,1.0830950736999512,40.45693588256836,86.61963653564453,2360.10009765625
2024-07-10,1.0814785957336426,40.52586364746094,86.4906997680664,2372.199951171875
2024-07-11,1.083329677581787,40.47139358520508,88.34503173828125,2415.0
2024-07-12,1.0872756242752075,40.63054275512695,86.99708557128906,2414.0
2024-07-15,1.0885539054870603,40.62702178955078,86.76679992675781,2422.89990234375
2024-07-16,1.0901559591293335,40.739105224609375,87.99429321289062,2462.39990234375
2024-07-17,1.0902509689331057,41.01885223388672,88.49625396728516,2454.800048828125
2024-07-18,1.094020128250122,41.18756866455078,88.4801025390625,2451.800048828125
2024-07-19,1.0901559591293335,41.20911407470703,88.39669799804688,2395.5
2024-07-22,1.0899182558059692,41.21049880981445,86.88471984863281,2392.0
2024-07-23,1.0889805555343628,41.07989883422851,87.84465789794922,2404.60009765625
2024-07-24,1.0850694179534912,40.96818542480469,87.84552001953125,2413.300048828125
2024-07-25,1.0839520692825315,40.97388458251953,86.23690795898438,2351.89990234375
2024-07-26,1.0851283073425293,40.94573593139648,84.9942855834961,2380.0
2024-07-29,1.0853756666183472,40.786502838134766,84.99562072753906,2377.300048828125
2024-07-30,1.081946611404419,40.76157760620117,86.39580535888672,2405.0
2024-07-31,1.081607222557068,40.75543975830078,85.74746704101562,2426.5
2024-08-01,1.082391619682312,40.71847915649414,85.99626922607422,2435.0
2024-08-02,1.078760266304016,40.85131072998047,85.51448822021484,2425.699951171875
2024-08-05,1.0910836458206177,40.614017486572266,84.13951873779297,2401.699951171875
2024-08-06,1.0950982570648191,40.88703155517578,84.87247467041016,2389.10009765625
2024-08-07,1.0926215648651123,40.74846267700195,85.66654205322266,2390.5
2024-08-08,1.0928125381469729,40.69442367553711,85.72735595703125,2422.199951171875
2024-08-09,1.0915720462799072,40.780948638916016,86.74417114257812,2432.10009765625
2024-08-12,1.091381311416626,40.827178955078125,86.79954528808594,2462.39990234375
2024-08-13,1.0936251878738403,41.03583526611328,90.99552154541016,2466.699951171875
2024-08-14,1.0996986627578735,41.06467819213867,90.496337890625,2439.39990234375
2024-08-15,1.101321578025818,40.97928237915039,89.79513549804688,2453.10009765625
2024-08-16,1.0972732305526731,40.997676849365234,88.9215316772461,2498.60009765625
2024-08-19,1.1024993658065796,40.79914855957031,89.46427154541016,2501.800048828125
2024-08-20,1.1086474657058716,41.10972595214844,89.99603271484375,2511.300048828125
2024-08-21,1.112792730331421,41.0036506652832,91.14886474609376,2508.39990234375
2024-08-22,1.115536093711853,41.106502532958984,91.4968032836914,2478.89990234375
2024-08-23,1.111716389656067,41.07576370239258,91.49641418457033,2508.39990234375
2024-08-26,1.118793487548828,40.67350769042969,90.2614517211914,2517.699951171875
2024-08-27,1.1164700984954834,41.0594596862793,92.00057220458984,2516.0
2024-08-28,1.117793083190918,41.08268737792969,91.49476623535156,2501.0
2024-08-29,1.1124955415725708,40.97298431396485,91.49394989013672,2525.699951171875
2024-08-30,1.10804545879364,41.059844970703125,91.49642944335938,2493.800048828125
2024-09-02,1.1044842004776,40.852081298828125,90.67738342285156,
2024-09-03,1.1067456007003784,40.89818572998047,89.79557037353516,2489.89990234375
2024-09-04,1.1048868894577026,41.06393814086914,87.87251281738281,2493.39990234375
2024-09-05,1.10804545879364,40.84038543701172,87.49964141845703,2511.39990234375
2024-09-06,1.1111111640930176,40.720577239990234,88.24842071533203,2493.5
2024-09-09,1.1087212562561035,40.76263046264648,89.15444946289062,2501.800048828125
2024-09-10,1.1037527322769165,40.884971618652344,90.54016876220705,2512.300048828125
2024-09-11,1.1020983457565308,40.92902374267578,90.99885559082033,2512.10009765625
2024-09-12,1.1010911464691162,40.99788665771485,91.5688247680664,2551.199951171875
2024-09-13,1.1077877283096311,41.054481506347656,89.1964111328125,2581.300048828125
2024-09-16,1.1088441610336304,41.151512145996094,89.73624420166016,2580.39990234375
2024-09-17,1.1129536628723145,41.24257278442383,91.39635467529295,2564.300048828125
2024-09-18,1.1123099327087402,41.27205276489258,91.49606323242188,2570.699951171875
2024-09-19,1.1114816665649414,41.197906494140625,93.62269592285156,2588.0
2024-09-20,1.1161960363388062,41.23146057128906,92.17015075683594,2619.89990234375
2024-09-23,1.1160838603973389,40.99932861328125,91.74928283691406,2626.5
2024-09-24,1.111172795295715,41.10591125488281,91.46929931640624,2651.199951171875
2024-09-25,1.1191190481185913,41.060813903808594,92.7972183227539,2659.199951171875
2024-09-26,1.1131023168563845,41.17595672607422,92.4964828491211,2669.89990234375
2024-09-27,1.117717981338501,40.90541458129883,92.60604095458984,2644.300048828125
2024-09-30,1.1169815063476562,40.89122772216797,94.22872924804688,2636.10009765625
2024-10-01,1.113660216331482,40.94375991821289,92.99935150146484,2667.300048828125
2024-10-02,1.1063904762268066,41.01265335083008,95.84689331054688,2647.10009765625
2024-10-03,1.1048502922058103,40.9828987121582,95.64681243896484,2657.10009765625
2024-10-04,1.103557825088501,40.946998596191406,94.49250793457033,2645.800048828125
2024-10-07,1.0974539518356323,41.06596755981445,94.79666900634766,2644.800048828125
2024-10-08,1.0975743532180786,40.90789413452149,96.19636535644533,2615.0
2024-10-09,1.0975743532180786,40.91435623168945,96.74461364746094,2606.0
2024-10-10,1.0943313837051392,40.91740036010742,97.00032043457033,2620.60009765625
2024-10-11,1.0933860540390017,40.96726989746094,96.59542083740234,2657.60009765625
2024-10-14,1.0925379991531372,40.8525505065918,95.88238525390624,2647.800048828125
2024-10-15,1.0909169912338257,40.93441390991211,95.59062957763672,2661.39990234375
2024-10-16,1.0884116888046265,40.934120178222656,96.9949722290039,2674.0
2024-10-17,1.0862481594085691,40.95142364501953,97.496826171875,2691.0
2024-10-18,1.0829542875289917,40.942230224609375,97.39495849609376,2713.699951171875
2024-10-21,1.0868619680404663,40.83556365966797,94.95330810546876,2723.10009765625
2024-10-22,1.0817828178405762,41.03316116333008,96.7945556640625,2744.199951171875
2024-10-23,1.079727053642273,41.05638885498047,95.74276733398438,2714.39990234375
2024-10-24,1.0780508518218994,40.965614318847656,95.95083618164062,2734.89990234375
2024-10-25,1.0824151039123535,40.97813415527344,96.24457550048828,2740.89990234375
2024-10-28,1.0796570777893066,41.15778732299805,97.24337005615234,2742.89990234375
2024-10-29,1.0816774368286133,41.08013153076172,97.24455261230467,2768.39990234375
2024-10-30,1.0820636749267578,41.08903121948242,97.49544525146484,2788.5
2024-10-31,1.085917830467224,41.02061080932617,97.01905822753906,2738.300048828125
2024-11-01,1.0886130332946775,40.91442108154297,97.37313842773438,2738.60009765625
2024-11-04,1.087453007698059,41.00335311889648,97.02130889892578,2736.10009765625
2024-11-05,1.0874056816101074,41.19900894165039,98.99544525146484,2740.300048828125
2024-11-06,1.093445897102356,41.20960998535156,97.7958755493164,2667.60009765625
2024-11-07,1.073306918144226,41.177635192871094,97.2181625366211,2698.39990234375
2024-11-08,1.0795172452926636,41.052982330322266,97.9981689453125,2687.5
2024-11-11,1.0714898109436035,41.234764099121094,97.06427001953124,2611.199951171875
2024-11-12,1.066439151763916,41.06314849853515,95.9945068359375,2600.0
2024-11-13,1.061672568321228,41.15732192993164,98.2466812133789,2580.800048828125
2024-11-14,1.0564124584197998,41.06154251098633,98.49440002441406,2568.199951171875
2024-11-15,1.0530084371566772,40.93492889404297,99.57842254638672,2565.699951171875
2024-11-18,1.0533745288848877,41.145416259765625,99.98167419433594,2610.60009765625
2024-11-19,1.059490442276001,40.9439697265625,99.74581146240234,2627.10009765625
2024-11-20,1.0607603788375854,41.00463104248047,100.57264709472656,2648.199951171875
2024-11-21,1.0546187162399292,40.95484161376953,100.59713745117188,2672.10009765625
2024-11-22,1.0469341278076172,40.99773406982422,101.29666137695312,2709.89990234375
2024-11-25,1.0479873418807983,41.07202911376953,103.70426940917967,2616.800048828125
2024-11-26,1.0444300174713137,41.221553802490234,104.01014709472656,2620.300048828125
2024-11-27,1.0491198301315308,41.14330291748047,105.49270629882812,2639.89990234375
2024-11-28,1.0562450885772705,41.37018585205078,113.14102172851562,
2024-11-29,1.0563008785247805,41.29763412475586,107.99378967285156,2657.0
2024-12-02,1.0545074939727783,41.232032775878906,106.50303649902344,2634.89990234375
2024-12-03,1.0501223802566528,41.40683364868164,106.48507690429688,2644.699951171875
2024-12-04,1.0510826110839844,41.49615859985352,104.99542999267578,2653.800048828125
2024-12-05,1.051414132118225,41.38880157470703,104.99980926513672,2626.60009765625
2024-12-06,1.058559536933899,41.32089614868164,100.99154663085938,2638.60009765625
2024-12-09,1.056546330451965,41.173465728759766,97.96543884277344,2664.89990234375
2024-12-10,1.0555204153060913,41.345157623291016,99.995361328125,2697.60009765625
2024-12-11,1.0532968044281006,41.42467498779297,103.04581451416016,2733.800048828125
2024-12-12,1.0506850481033323,41.42571640014648,105.50025939941406,2687.5
2024-12-13,1.0474056005477903,41.3916015625,104.99627685546876,2656.0
2024-12-16,1.051005244255066,41.30668640136719,102.28646087646484,2651.39990234375
2024-12-17,1.0517348051071167,41.46187210083008,103.59478759765624,2644.39990234375
2024-12-18,1.0495051145553589,41.58688735961914,104.59326934814452,2636.5
2024-12-19,1.0350252389907837,41.68903732299805,104.67269897460938,2592.199951171875
2024-12-20,1.0364949703216553,41.698089599609375,103.4926986694336,2628.699951171875
2024-12-23,1.0433076620101929,41.48397064208984,101.84226989746094,2612.300048828125
2024-12-24,1.0405826568603516,41.79273986816406,101.2236557006836,2620.0
2024-12-25,1.0402579307556152,41.61515808105469,99.94905090332033,
2024-12-26,1.0399551391601562,41.61515808105469,99.98509216308594,2638.800048828125
2024-12-27,1.0423181056976318,41.574989318847656,99.7610855102539,2617.199951171875
2024-12-30,1.0429377555847168,41.72751998901367,104.51876068115234,2606.10009765625
2024-12-31,1.040615200996399,41.76990509033203,110.49376678466795,2629.199951171875
2025-01-02,1.0351860523223877,41.76990509033203,113.72217559814452,2658.89990234375
2025-01-03,1.0268205404281616,41.829681396484375,110.99624633789062,2645.0
2025-01-06,1.030534744262695,41.78253936767578,108.83383178710938,2638.39990234375
2025-01-07,1.0386372804641724,42.003936767578125,107.49576568603516,2656.699951171875
2025-01-08,1.034554123878479,42.02642059326172,107.24622344970705,2664.5
2025-01-09,1.0314701795578003,42.05039596557617,104.4962387084961,2683.800048828125
2025-01-10,1.0297601222991943,42.10493469238281,102.2526626586914,2708.5
2025-01-13,1.0244431495666504,42.18320083618164,101.7596664428711,2673.5
2025-01-14,1.026525378227234,42.10861587524414,102.74462127685548,2677.5
2025-01-15,1.030683517456055,42.02544403076172,101.9962387084961,2712.5
2025-01-16,1.0295268297195437,41.977752685546875,102.4911880493164,2746.39990234375
2025-01-17,1.0301949977874756,41.89377212524414,103.61359405517578,2744.300048828125
2025-01-20,1.0277386903762815,41.81087875366211,101.78314971923828,
2025-01-21,1.0420682430267334,41.94215393066406,100.99717712402344,2755.0
2025-01-22,1.040593504905701,41.84861755371094,99.49525451660156,2767.60009765625
2025-01-23,1.0410159826278689,41.720516204833984,99.24761199951172,2763.10009765625
2025-01-24,1.041601538658142,41.734745025634766,99.86971282958984,2777.300048828125
2025-01-27,1.0467586517333984,41.54975891113281,97.211669921875,2737.5
2025-01-28,1.0445064306259155,41.70656967163086,97.3646011352539,2766.800048828125
2025-01-29,1.04290509223938,41.80601501464844,97.9966812133789,2769.10009765625
2025-01-30,1.0425245761871338,41.65389633178711,99.24478149414062,2823.0
2025-01-31,1.0397279262542725,41.47468948364258,98.4952621459961,2812.5
2025-02-03,1.024779200553894,42.06793975830078,98.75531005859376,2833.89990234375
2025-02-04,1.0327378511428833,41.1514778137207,99.7456283569336,2853.300048828125
2025-02-05,1.0372798442840576,41.44198989868164,100.69673919677734,2871.60009765625
2025-02-06,1.0400848388671875,41.348758697509766,97.9933624267578,2856.0
2025-02-07,1.0385725498199463,41.18071365356445,96.73268127441406,2867.300048828125
2025-02-10,1.0311616659164429,41.34458923339844,96.73853302001952,2914.300048828125
2025-02-11,1.0301525592803955,41.35687255859375,96.61639404296876,2912.5
2025-02-12,1.0364949703216553,41.404502868652344,96.47132873535156,2909.0
2025-02-13,1.039198637008667,41.55145263671875,93.99623107910156,2925.89990234375
2025-02-14,1.0461673736572266,41.49868392944336,89.4957504272461,2883.60009765625
2025-02-17,1.0489217042922974,41.20502853393555,90.09052276611328,
2025-02-18,1.048536777496338,41.23255920410156,91.49703979492188,2931.60009765625
2025-02-19,1.044833779335022,41.34700012207031,91.5439224243164,2919.39990234375
2025-02-20,1.0421009063720703,41.40945053100586,89.6190185546875,2940.0
2025-02-21,1.050056219100952,41.344520568847656,88.67111206054688,2937.60009765625
2025-02-24,1.0474823713302612,41.34355545043945,87.92698669433594,2947.89990234375
2025-02-25,1.0461344718933103,41.46763229370117,87.73686981201172,2904.5
2025-02-26,1.0524100065231323,41.37667465209961,86.59569549560547,2916.800048828125
2025-02-27,1.0488777160644531,41.35237121582031,86.82077026367188,2883.199951171875
2025-02-28,1.039511799812317,41.20838928222656,87.69821166992188,2836.800048828125
2025-03-03,1.0413846969604492,41.24273681640625,87.48175811767578,2890.199951171875
2025-03-04,1.0485037565231323,41.233436584472656,89.69569396972656,2909.60009765625
2025-03-05,1.062699317932129,41.17844009399414,89.74787902832031,2915.300048828125
2025-03-06,1.0794938802719116,41.01894760131836,90.38959503173828,2916.60009765625
2025-03-07,1.0787951946258545,40.960296630859375,89.00328826904297,2904.699951171875
2025-03-10,1.086059331893921,40.98961639404297,87.95074462890625,2891.0
2025-03-11,1.0839403867721558,41.06245422363281,87.62010955810547,2912.89990234375
2025-03-12,1.0914170742034912,41.17379379272461,85.62406921386719,2939.10009765625
2025-03-13,1.0886249542236328,41.3010139465332,87.1458511352539,2984.300048828125
2025-03-14,1.085564136505127,41.24226760864258,86.24547576904297,2994.5
2025-03-17,1.0881274938583374,41.11000061035156,84.54794311523438,3000.0
2025-03-18,1.091917634010315,41.194828033447266,83.44552612304688,3035.10009765625
2025-03-19,1.093948245048523,41.31388473510742,81.74739837646484,3035.89990234375
2025-03-20,1.0911908149719238,41.27153015136719,83.98011779785156,3040.0
2025-03-21,1.0856702327728271,41.22724151611328,84.92083740234375,3018.199951171875
2025-03-24,1.083576202392578,41.15550231933594,84.31856536865234,3013.10009765625
2025-03-25,1.0803569555282593,41.42483139038086,83.87203979492188,3023.699951171875
2025-03-26,1.0787487030029297,41.38912582397461,84.62159729003906,3020.89990234375
2025-03-27,1.0742061138153076,41.30537796020508,84.07198333740234,3060.199951171875
2025-03-28,1.080100178718567,41.17854690551758,84.49272155761719,3086.5
2025-03-31,1.082391619682312,40.76316833496094,82.61974334716797,3122.800048828125
2025-04-01,1.0818880796432495,41.10139083862305,82.99401092529297,3118.89990234375
2025-04-02,1.0795987844467163,41.12860870361328,84.49504089355469,3139.89990234375
2025-04-03,1.090869426727295,41.06378173828125,84.25365447998047,3097.0
2025-04-04,1.1043744087219238,41.01222229003906,83.9219741821289,3012.0
2025-04-07,1.098454475402832,41.1409797668457,83.73799133300781,2951.300048828125
2025-04-08,1.0915361642837524,40.77878189086914,86.14550018310547,2968.39990234375
2025-04-09,1.0980443954467771,40.8692512512207,85.84398651123047,3056.5
2025-04-10,1.0952062606811523,40.99070739746094,86.12574768066406,3155.199951171875
2025-04-11,1.1257838010787964,41.18196487426758,83.48717498779297,3222.199951171875
2025-04-14,1.1343141794204712,41.11833572387695,83.97508239746094,3204.800048828125
2025-04-15,1.1339668035507202,41.01985168457031,82.24932861328125,3218.699951171875
2025-04-16,1.1292672157287598,40.95216751098633,83.5453872680664,3326.60009765625
2025-04-17,1.1396790742874146,41.026702880859375,82.9946060180664,3308.699951171875
2025-04-21,,,,3406.199951171875
2025-04-22,1.1512778997421265,41.153751373291016,81.17516326904297,3400.800048828125
2025-04-23,1.1351252794265747,41.323333740234375,81.51790618896484,3276.300048828125
2025-04-24,1.132733702659607,41.492679595947266,82.99446105957031,3332.0
2025-04-25,1.1371906995773315,41.40169525146485,83.19823455810547,3282.39990234375
2025-04-28,1.1343141794204712,41.554744720458984,82.73937225341797,3332.5
2025-04-29,1.1409143209457395,41.43536376953125,82.64576721191406,3318.800048828125
2025-04-30,1.1389262676239014,41.26861953735352,81.99578857421875,3305.0
2025-05-01,1.1324899196624756,41.208648681640625,82.01812744140625,3210.0
2025-05-02,1.1296498775482178,41.34507369995117,82.22724914550781,3231.89990234375
2025-05-05,1.1323232650756836,41.58538436889648,81.91653442382812,3311.300048828125
2025-05-06,1.1313369274139404,41.277530670166016,80.49713897705078,3411.39990234375
2025-05-07,1.1342755556106567,41.160545349121094,81.49191284179688,3381.39990234375
2025-05-08,1.1306205987930298,41.17494583129883,80.62101745605469,3296.60009765625
2025-05-09,1.122422695159912,41.248687744140625,82.49641418457031,3335.39990234375
2025-05-12,1.12296462059021,41.24439239501953,82.63175201416016,3220.0
2025-05-13,1.1095577478408811,41.19228744506836,80.99641418457031,3240.300048828125
2025-05-14,1.1185556650161743,41.270999908447266,79.84282684326172,3181.39990234375
2025-05-15,1.1181930303573608,41.30068588256836,80.37244415283203,3220.699951171875
2025-05-16,1.1192693710327148,41.23527908325195,79.99535369873047,3182.0
2025-05-19,1.1187559366226196,41.294525146484375,80.00536346435547,3228.89990234375
2025-05-20,1.123342990875244,41.355743408203125,80.74639129638672,3280.300048828125
2025-05-21,1.128795504570007,41.163482666015625,80.62069702148438,3309.300048828125
2025-05-22,1.133118748664856,41.16130447387695,79.88544464111328,3292.300048828125
2025-05-23,1.1281843185424805,41.1956672668457,79.6562271118164,3363.60009765625
2025-05-26,1.1372811794281006,41.17640686035156,78.43033599853516,
2025-05-27,1.1388484239578247,41.37807083129883,79.74639129638672,3299.10009765625
2025-05-28,1.1337097883224487,41.42545318603515,80.24319458007812,3293.60009765625
2025-05-29,1.123368263244629,41.30685043334961,79.8642578125,3317.10009765625
2025-05-30,1.1378376483917236,41.26861953735352,76.89337921142578,3288.89990234375
2025-06-02,1.1353315114974976,41.1842041015625,77.64775085449219,3370.60009765625
2025-06-03,1.1453442573547363,41.382694244384766,79.2457275390625,3350.199951171875
2025-06-04,1.1384464502334597,41.36080551147461,78.97001647949219,3373.5
2025-06-05,1.1422044038772583,41.171573638916016,79.24608612060547,3350.699951171875
2025-06-06,1.1453834772109983,41.17809295654297,77.2464828491211,3322.699951171875
2025-06-09,1.1407841444015503,41.2193603515625,78.52338409423828,3332.10009765625
2025-06-10,1.1428048610687256,41.287715911865234,78.9974594116211,3320.89990234375
2025-06-11,1.143746018409729,41.25234603881836,78.47003936767578,3321.300048828125
2025-06-12,1.1509333848953247,41.26092529296875,79.49850463867188,3380.89990234375
2025-06-13,1.1600254774093628,41.1943473815918,79.99957275390625,3431.199951171875
2025-06-16,1.1556684970855713,41.038291931152344,79.7751693725586,3396.39990234375
2025-06-17,1.1551345586776731,41.298309326171875,78.61264038085938,3386.60009765625
2025-06-18,1.1482638120651243,41.275238037109375,78.49988555908203,3389.800048828125
2025-06-19,1.1477497816085815,41.414825439453125,78.49607849121094,
2025-06-20,1.1512778997421265,41.458011627197266,78.3701171875,3368.10009765625
2025-06-23,1.1500862836837769,41.63886260986328,77.64508819580078,3377.699951171875
2025-06-24,1.1599044799804688,41.61439895629883,78.49512481689453,3317.39990234375
2025-06-25,1.161224365234375,41.46686553955078,78.37149047851562,3327.10009765625
2025-06-26,1.1683744192123413,41.34771728515625,78.2427978515625,3333.5
2025-06-27,1.1692214012145996,41.27906036376953,78.74858093261719,3273.699951171875
2025-06-30,1.1727453470230105,41.407718658447266,77.72760772705078,3294.39990234375
2025-07-01,1.178717017173767,41.53058624267578,78.19686889648438,3336.699951171875
2025-07-02,1.180553913116455,41.598087310791016,78.49253845214844,3348.0
2025-07-03,1.18002450466156,41.38751602172851,78.92086029052734,3331.60009765625
2025-07-04,1.1771491765975952,41.506492614746094,79.06613159179688,3332.5
2025-07-07,1.178078293800354,41.44840240478515,77.9681625366211,3332.199951171875
2025-07-08,1.1736538410186768,41.58852767944336,78.6965103149414,3307.0
2025-07-09,1.1724566221237185,41.48929977416992,78.49620056152344,3311.60009765625
2025-07-10,1.17311692237854,41.53865051269531,78.19583129882812,3317.39990234375
2025-07-11,1.1702749729156494,41.62452697753906,77.7971420288086,3356.0
2025-07-14,1.1682106256484983,41.51374435424805,77.25990295410156,3351.5
2025-07-15,1.1666297912597656,41.563594818115234,78.08441925048828,3329.800048828125
2025-07-16,1.160739183425903,41.589691162109375,78.07186126708984,3352.5
2025-07-17,1.1635754108428955,41.62646484375,78.24713897705078,3340.10009765625
2025-07-18,1.161548137664795,41.552616119384766,78.01062774658203,3353.0
2025-07-21,1.163074612617493,41.54202651977539,77.75179290771484,3401.89990234375
2025-07-22,1.1694538593292236,41.54632568359375,78.19585418701172,3439.199951171875
2025-07-23,1.1739156246185305,41.51795196533203,78.49857330322266,3394.10009765625
2025-07-24,1.1774264574050903,41.558738708496094,78.3905029296875,3371.0
2025-07-25,1.1756131649017334,41.52772903442383,79.24684143066406,3334.0
2025-07-28,1.1756821870803833,41.48554992675781,78.29944610595703,3309.10009765625
2025-07-29,1.1596757173538208,41.588844299316406,81.3310317993164,3323.39990234375
2025-07-30,1.1550945043563845,41.58375549316406,81.24903106689453,3295.800048828125
2025-07-31,1.1429355144500732,41.505859375,81.24861907958984,3293.199951171875
2025-08-01,1.142374038696289,41.43445587158203,81.097900390625,3347.699951171875
2025-08-04,1.158668041229248,40.90065002441406,78.27940368652344,3374.39990234375
2025-08-05,1.1584129333496094,41.47012710571289,79.82319641113281,3381.89990234375
2025-08-06,1.1579166650772097,41.445091247558594,79.99654388427734,3380.0
2025-08-07,1.1663167476654053,41.3428840637207,79.99819946289062,3400.300048828125
2025-08-08,1.1676650047302246,41.238304138183594,79.23939514160156,3439.10009765625
2025-08-11,1.1647952795028689,41.05694961547851,78.90477752685547,3353.10009765625
2025-08-12,1.1618449687957764,41.22622299194336,79.49446868896484,3348.89990234375
2025-08-13,1.1677058935165403,41.239349365234375,79.44583892822266,3358.699951171875
2025-08-14,1.171289324760437,41.28922653198242,79.4472427368164,3335.199951171875
2025-08-15,1.1651345491409302,41.24676513671875,79.74620056152344,3336.0
2025-08-18,1.1706587076187134,40.95467376708984,78.84575653076172,3331.699951171875
2025-08-19,1.1668338775634766,40.96627426147461,80.49098205566406,3313.39990234375
2025-08-20,1.164252758026123,41.13296127319336,80.77119445800781,3343.39990234375
2025-08-21,1.165175199508667,41.06097412109375,80.49651336669922,3336.89990234375
2025-08-22,1.16130530834198,40.923370361328125,80.57979583740234,3374.39990234375
2025-08-25,1.1709601879119873,40.62143325805664,79.08953094482422,3373.800048828125
2025-08-26,1.1618449687957764,41.2010612487793,80.69578552246094,3388.60009765625
2025-08-27,1.1639411449432373,41.10797500610352,80.49474334716797,3404.60009765625
2025-08-28,1.1647952795028689,41.036033630371094,80.347900390625,3431.800048828125
2025-08-29,1.1681560277938845,40.95573043823242,80.49620819091797,3473.699951171875
2025-09-01,1.169180393218994,41.04787063598633,78.8982162475586,
2025-09-02,1.1715912818908691,41.12226867675781,80.57393646240234,3549.39990234375
2025-09-03,1.163602590560913,41.093971252441406,80.54789733886719,3593.199951171875
2025-09-04,1.16604483127594,41.11243438720703,80.9971923828125,3565.800048828125
2025-09-05,1.165691375732422,41.074764251708984,81.29374694824219,3613.199951171875
2025-09-08,1.1713168621063232,40.856727600097656,81.24029541015625,3638.10009765625
2025-09-09,1.1769136190414429,40.87138748168945,82.47158813476562,3643.300048828125
2025-09-10,1.1702749729156494,40.92988586425781,83.69512939453125,3643.60009765625
2025-09-11,1.1703435182571411,40.9957389831543,84.4939956665039,3636.89990234375
2025-09-12,1.1734747886657717,41.05976104736328,84.48434448242188,3649.39990234375
2025-09-15,1.1726491451263428,40.98614501953125,82.52635955810547,3682.199951171875
2025-09-16,1.1763737201690674,40.93288803100586,82.99762725830078,3688.89990234375
2025-09-17,1.1871408224105835,40.91756820678711,83.1961898803711,3681.800048828125
2025-09-18,1.1826341152191162,40.97578811645508,84.00404357910156,3643.699951171875
2025-09-19,1.1791062355041504,41.030609130859375,83.23562622070312,3671.5
2025-09-22,1.173695087432861,41.107818603515625,82.80157470703125,3740.699951171875
2025-09-23,1.1801080703735352,41.10321044921875,83.61876678466797,3780.60009765625
2025-09-24,1.181446552276611,41.13142776489258,83.64659118652344,3732.10009765625
2025-09-25,1.1744670867919922,41.2352294921875,83.75614929199219,3736.89990234375
2025-09-26,1.166275978088379,41.28373336791992,83.94759368896484,3775.300048828125
2025-09-29,1.170823097229004,41.05916595458984,82.46550750732422,3820.89990234375
2025-09-30,1.1731443405151367,41.028682708740234,83.0694580078125,3840.800048828125
2025-10-01,1.1735849380493164,40.90890884399414,82.89227294921875,3867.5
2025-10-02,1.1734058856964111,40.92755126953125,82.50117492675781,3839.699951171875
2025-10-03,1.1725116968154907,41.02579116821289,82.54900360107422,3880.800048828125
2025-10-06,1.171248197555542,40.99348449707031,81.56487274169922,3948.5
2025-10-07,1.171028733253479,41.03668594360352,82.99972534179688,3976.60009765625
2025-10-08,1.1654603481292725,41.12229919433594,82.07256317138672,4043.300048828125
2025-10-09,1.1631964445114136,41.22179412841797,81.44542694091797,3946.300048828125
2025-10-10,1.156644344329834,41.48858642578125,81.16867065429688,3975.89990234375
2025-10-13,1.160240888595581,41.250701904296875,80.07654571533203,4108.60009765625
2025-10-14,1.1566845178604126,41.39893341064453,81.14334869384766,4138.7001953125
2025-10-15,1.1602274179458618,41.54209518432617,79.49613952636719,4176.89990234375
2025-10-16,1.1646324396133425,41.43436813354492,78.6495590209961,4280.2001953125
2025-10-17,1.1699601411819458,41.39768600463867,80.49652862548828,4189.89990234375
2025-10-20,1.165745735168457,41.58718490600586,80.55245971679688,4336.39990234375
2025-10-21,1.164442539215088,41.52080154418945,80.8450927734375,4087.699951171875
2025-10-22,1.160038948059082,41.487693786621094,81.3714599609375,4044.39990234375
2025-10-23,1.1608469486236572,41.41576385498047,81.49440002441406,4125.5
2025-10-24,1.1618045568466189,41.5788688659668,81.41976165771484,4118.39990234375
2025-10-27,1.1631693840026855,41.73552703857422,79.82564544677734,4001.89990234375
2025-10-28,1.165175199508667,41.86732482910156,79.24275970458984,3966.199951171875
2025-10-29,1.1657865047454834,41.842769622802734,79.23696899414062,3983.699951171875
2025-10-30,1.1603351831436155,41.793704986572266,79.99542999267578,4001.300048828125
2025-10-31,1.157246708869934,41.731388092041016,79.94754028320312,3982.199951171875
2025-11-03,1.152804255485535,41.53644561767578,80.89276885986328,4000.300048828125
2025-11-04,1.1519144773483276,41.786277770996094,80.98277282714844,3947.699951171875
2025-11-05,1.1485539674758911,41.826847076416016,80.9957275390625,3980.300048828125
2025-11-06,1.1496764421463013,41.80370330810547,81.3468246459961,3979.89990234375
2025-11-07,1.1549211740493774,41.806121826171875,81.24295043945312,3999.39990234375
2025-11-10,1.1543878316879272,41.61174774169922,80.30562591552734,4111.7998046875
2025-11-11,1.1557220220565796,41.81007385253906,81.2486343383789,4106.7998046875
2025-11-12,1.1587486267089844,41.72441864013672,80.92765045166016,4204.39990234375
2025-11-13,1.159218668937683,41.81486892700195,81.27145385742188,4186.89990234375
2025-11-14,1.1631964445114136,41.774959564208984,80.69581604003906,4087.60009765625
2025-11-17,1.161534547805786,41.74452590942383,80.08954620361328,4068.300048828125
2025-11-18,1.159057378768921,41.79776382446289,81.24616241455078,4061.300048828125
2025-11-19,1.1581177711486816,41.80647659301758,81.06904602050781,4077.699951171875
2025-11-20,1.154068112373352,41.8391227722168,80.54329681396484,4056.5
2025-11-21,1.1534557342529297,41.97694778442383,80.04438781738281,4076.699951171875
2025-11-24,1.1507612466812134,42.00668716430664,78.18549346923828,4091.89990234375
2025-11-25,1.1520073413848877,42.23726272583008,78.49854278564453,4139.2001953125
2025-11-26,1.156483769416809,41.94491958618164,78.8697738647461,4165.2001953125
2025-11-27,1.1602139472961426,42.082244873046875,78.49583435058594,
2025-11-28,1.1599851846694946,41.91061782836914,77.94819641113281,4218.2998046875
2025-12-01,1.1601465940475464,41.924991607666016,76.83787536621094,4239.2998046875
2025-12-02,1.1607661247253418,42.17546844482422,77.72452545166016,4186.60009765625
2025-12-03,1.1627906560897827,42.04417419433594,77.45410919189453,4199.2998046875
2025-12-04,1.1666841506958008,41.918575286865234,76.99481964111328,4211.7998046875
2025-12-05,1.1642799377441406,41.91594314575195,75.99678802490234,4212.89990234375
2025-12-08,1.164022445678711,41.717166900634766,75.99091339111328,4187.2001953125
2025-12-09,1.1641442775726318,41.901756286621094,76.54546356201172,4206.7001953125
2025-12-10,1.1628313064575195,41.98613739013672,77.18621063232422,4196.39990234375
2025-12-11,1.1701242923736572,41.86216354370117,78.24519348144531,4285.5
2025-12-12,1.1739431619644165,41.94508361816406,80.26023864746094,4300.10009765625
2025-12-15,1.1737639904022217,41.93035507202149,79.72608184814453,4306.7001953125
2025-12-16,1.1754610538482666,42.000526428222656,79.49618530273438,4304.5
2025-12-17,1.1749500036239624,41.91253280639648,79.03944396972656,4347.5
2025-12-18,1.1742326021194458,42.16132354736328,80.49685668945312,4339.5
2025-12-19,1.1725666522979736,42.006256103515625,79.91411590576172,4361.39990234375
2025-12-22,1.1708093881607056,42.029205322265625,79.65387725830078,4444.60009765625
2025-12-23,1.1765950918197632,41.8270378112793,78.7951889038086,4482.7998046875
2025-12-24,1.179551362991333,41.84004592895508,77.99622344970703,4480.60009765625
2025-12-26,1.1785364151000977,41.84004592895508,78.9462890625,4529.10009765625
2025-12-29,1.177273869514465,41.937522888183594,79.02978515625,4325.10009765625
2025-12-30,1.1772878170013428,41.99761962890625,78.50053405761719,4370.10009765625
2025-12-31,1.1747292280197144,42.17207717895508,79.49620056152344,4325.60009765625
2026-01-02,1.175046682357788,42.08302688598633,79.00093841552734,4314.39990234375
2026-01-05,1.1704667806625366,42.11899948120117,79.3479232788086,4436.89990234375
2026-01-06,1.1714951992034912,42.200469970703125,80.9955062866211,4482.2001953125
2026-01-07,1.1688251495361328,42.31194686889648,80.49479675292969,4449.2998046875
2026-01-08,1.1676785945892334,42.5778694152832,80.49791717529297,4449.7001953125
2026-01-09,1.1657865047454834,42.843841552734375,80.49028778076172,4490.2998046875
2026-01-12,1.1623716354370115,42.91006851196289,78.2896728515625,4604.2998046875
2026-01-13,1.1666978597640991,43.07429122924805,78.3208236694336,4589.2001953125
2026-01-14,1.164252758026123,42.87986755371094,78.74717712402344,4626.2998046875
2026-01-15,1.1646324396133425,42.93309020996094,78.49516296386719,4616.2998046875
2026-01-16,1.1609008312225342,43.22670364379883,78.2450942993164,4588.39990234375
2026-01-19,1.162493348121643,43.15850067138672,76.91943359375,
2026-01-20,1.1639139652252195,43.001487731933594,77.49215698242188,4759.60009765625
2026-01-21,1.1727865934371948,43.005615234375,78.0491943359375,4831.7998046875
2026-01-22,1.1672970056533811,42.87604522705078,76.99584197998047,4908.7998046875
2026-01-23,1.1754610538482666,42.94510269165039,75.99620819091797,4976.2001953125
2026-01-26,1.1858457326889038,42.53311920166016,74.09937286376953,5079.7001953125
2026-01-27,1.1876484155654907,42.79166412353515,76.5212631225586,5079.89990234375
2026-01-28,1.2017642259597778,42.619590759277344,76.2446517944336,5301.60009765625
2026-01-29,1.1977769136428833,42.474098205566406,76.54338836669922,5318.39990234375
2026-01-30,1.19657301902771,42.540245056152344,75.24656677246094,4713.89990234375
2026-02-02,1.1849182844161987,42.949092864990234,75.57585144042969,4622.5
2026-02-03,1.1798714399337769,42.85940933227539,76.44617462158203,4903.7001953125
2026-02-04,1.1816140413284302,43.00188446044922,76.99885559082031,4920.39990234375
2026-02-05,1.180163860321045,42.86252212524414,76.24429321289062,4861.39990234375
2026-02-06,1.177786946296692,42.909400939941406,76.74554443359375,4951.2001953125
2026-02-09,1.182578206062317,42.57440185546875,75.93791198730469,5050.89990234375
2026-02-10,1.1904053688049316,42.827205657958984,76.99591827392578,5003.7998046875
2026-02-11,1.1889617443084717,42.797080993652344,77.41866302490234,5071.60009765625
2026-02-12,1.1876062154769895,42.78291702270508,77.09587860107422,4923.7001953125
2026-02-13,1.1868449449539185,42.770790100097656,77.23035430908203,5022.0
2026-02-16,1.1867464780807495,42.829044342041016,76.37820434570312,
2026-02-17,1.184988498687744,42.97727584838867,76.74039459228516,4882.89990234375
2026-02-18,1.185185194015503,42.94953536987305,76.34718322753906,4986.5
2026-02-19,1.1788839101791382,43.041500091552734,76.7403793334961,4975.89990234375
2026-02-20,1.1769136190414429,43.02623748779297,76.74653625488281,5059.2998046875
2026-02-23,1.1834739446640017,42.93280029296875,75.57313537597656,5204.7001953125
2026-02-24,1.1793843507766724,42.914608001708984,75.8044662475586,5155.7998046875
2026-02-25,1.1775233745574951,43.02253341674805,76.54589080810547,5206.39990234375
2026-02-26,1.181516408920288,42.893310546875,77.23640441894531,5176.5
2026-02-27,1.1803030967712402,42.94190216064453,76.87153625488281,5230.5
2026-03-02,1.1759449243545532,42.79098129272461,76.73075866699219,5294.39990234375
2026-03-03,1.169727444648743,43.06354141235352,77.47218322753906,5107.39990234375
2026-03-04,1.161224365234375,43.33590316772461,77.64916229248047,5120.2001953125
2026-03-05,1.1635618209838867,43.540069580078125,77.87047576904297,5065.2998046875
2026-03-06,1.1608065366744995,43.55356216430664,78.6610107421875,5146.10009765625
2026-03-09,1.152325987815857,43.2066764831543,79.96337127685547,5091.5
2026-03-10,1.161723494529724,43.69102478027344,78.23169708251953,5229.7001953125
2026-03-11,1.1611299514770508,43.6546630859375,79.04476165771484,5167.39990234375
2026-03-12,1.1543211936950684,43.816200256347656,79.22181701660156,5115.7998046875
2026-03-13,1.1521666049957275,44.17400741577149,79.4975357055664,5052.5
2026-03-16,1.1435105800628662,43.83355712890625,80.14718627929688,4994.0
2026-03-17,1.1499539613723757,43.81548309326172,81.24578857421875,5001.0
2026-03-18,1.153948187828064,43.55047225952149,82.3689956665039,4889.89990234375
2026-03-19,1.1464471817016602,43.78276443481445,83.8696060180664,4600.7001953125
2026-03-20,1.157755732536316,43.733192443847656,86.14614868164062,4570.39990234375
2026-03-23,1.1560158729553225,43.47426986694336,83.04635620117188,4404.10009765625
2026-03-24,1.1607122421264648,43.58214569091797,81.91938018798828,4399.2998046875
2026-03-25,1.16146719455719,43.57617950439453,80.49203491210938,4549.7998046875
2026-03-26,1.1561496257781982,43.670936584472656,80.99649047851562,4375.5
2026-03-27,1.1535090208053589,43.572410583496094,81.37147521972656,4492.0
2026-03-30,1.149200677871704,43.429649353027344,80.81458282470703,4526.0
2026-03-31,1.1460003852844238,43.63746643066406,81.28900146484375,4647.60009765625
2026-04-01,1.1574207544326782,43.649932861328125,81.296142578125,4783.2001953125
2026-04-02,1.159057378768921,43.49111557006836,80.29541015625,4651.5
2026-04-03,1.1541746854782104,43.542850494384766,80.18264770507812,
2026-04-06,1.150999665260315,43.542850494384766,80.40592956542969,4656.7998046875
2026-04-07,1.1541212797164917,43.43812942504883,80.18473052978516,4657.10009765625
2026-04-08,1.1686612367630005,43.20697784423828,78.42189025878906,4749.5
2026-04-09,1.16593599319458,43.05131530761719,78.54821014404297,4792.2001953125
2026-04-10,1.1691256761550903,43.12516021728515,77.61915588378906,4761.89990234375
2026-04-13,1.1675150394439695,43.12646484375,76.54850769042969,4742.39990234375
2026-04-14,1.176885962486267,43.14619064331055,76.16571044921875,4825.0
2026-04-15,1.179940938949585,43.24659729003906,75.37187194824219,4800.0
2026-04-16,1.1809163093566897,43.292110443115234,75.49235534667969,4785.39990234375
2026-04-17,1.178272724151611,43.438201904296875,76.37057495117188,4857.60009765625
2026-04-20,1.174122333526611,43.952579498291016,75.51107025146484,4806.60009765625
2026-04-21,1.1784392595291138,43.9052619934082,74.94779205322266,4698.39990234375
2026-04-22,1.174425721168518,43.857120513916016,75.11795043945312,4732.5
2026-04-23,1.1706037521362305,43.64158630371094,75.09745025634766,4705.10009765625
2026-04-24,1.16838800907135,43.67677688598633,75.87216186523438,4722.2998046875
2026-04-27,1.1706448793411257,43.73674774169922,74.5252456665039,4675.39990234375
2026-04-28,1.1723467111587524,43.93745040893555,74.86641693115234,4591.5
2026-04-29,1.171783447265625,43.804256439208984,75.32247161865234,4545.2001953125
2026-04-30,1.168470025062561,43.83372116088867,74.74583435058594,4614.7001953125
2026-05-01,1.172910451889038,43.83372116088867,74.9588394165039,4629.89990234375
2026-05-04,1.1726628541946411,43.69319534301758,74.97610473632812,4519.5
2026-05-05,1.1691941022872925,43.81911087036133,74.99559783935547,4555.7998046875
2026-05-06,1.1715774536132812,43.679412841796875,75.4968490600586,4681.89990234375
2026-05-07,1.1747430562973022,43.602691650390625,74.74810028076172,4699.7998046875
2026-05-08,1.1731581687927246,43.60967254638672,74.64558410644531,4720.39990234375
2026-05-11,1.176885962486267,43.55500030517578,74.41757202148438,4718.7001953125
2026-05-12,1.177994966506958,43.697547912597656,73.59553527832031,4677.60009765625
2026-05-13,1.1735436916351318,43.70112609863281,73.82369232177734,4697.7001953125
2026-05-14,1.1716049909591677,43.71810150146485,74.1711654663086,4678.10009765625
2026-05-15,1.166208028793335,43.711971282958984,73.24612426757812,4561.89990234375
2026-05-17,1.16225004196167,43.95690155029297,72.88500213623047,
